station_code,datetime,air_temp_c,precip_mm,wind_speed_ms,wind_dir_deg
466881,2026-01-01 01:00:00,16.1,3.0,0.5,245.0
466881,2026-01-01 02:00:00,15.8,2.5,0.8,328.0
466881,2026-01-01 03:00:00,15.6,2.0,1.0,98.0
466881,2026-01-01 04:00:00,15.3,2.0,0.7,57.0
466881,2026-01-01 05:00:00,15.2,1.0,1.3,68.0
466881,2026-01-01 06:00:00,15.3,0.05,1.4,39.0
466881,2026-01-01 07:00:00,15.1,1.5,1.0,38.0
466881,2026-01-01 08:00:00,15.3,1.0,0.3,60.0
466881,2026-01-01 09:00:00,15.7,0.05,0.9,152.0
466881,2026-01-01 10:00:00,16.1,0.05,0.6,28.0
466881,2026-01-01 11:00:00,16.1,0.05,1.7,44.0
466881,2026-01-01 12:00:00,15.9,0.05,2.3,75.0
466881,2026-01-01 13:00:00,16.1,0.05,1.6,66.0
466881,2026-01-01 14:00:00,15.6,0.05,1.5,68.0
466881,2026-01-01 15:00:00,15.6,0.05,1.7,99.0
466881,2026-01-01 16:00:00,15.1,0.05,1.5,105.0
466881,2026-01-01 17:00:00,14.9,0.05,1.6,111.0
466881,2026-01-01 18:00:00,14.5,0.05,1.6,114.0
466881,2026-01-01 19:00:00,14.3,1.0,1.4,125.0
466881,2026-01-01 20:00:00,14.2,1.0,1.0,119.0
466881,2026-01-01 21:00:00,14.2,3.5,0.8,209.0
466881,2026-01-01 22:00:00,14.0,1.0,0.8,85.0
466881,2026-01-01 23:00:00,13.9,0.5,1.1,132.0
466881,2026-01-02 00:00:00,13.6,0.5,0.9,134.0
466881,2026-01-02 01:00:00,13.3,1.5,1.5,153.0
466881,2026-01-02 02:00:00,13.3,0.5,1.5,126.0
466881,2026-01-02 03:00:00,13.2,1.5,0.9,94.0
466881,2026-01-02 04:00:00,13.0,1.5,0.8,176.0
466881,2026-01-02 05:00:00,12.9,1.0,1.0,261.0
466881,2026-01-02 06:00:00,12.4,6.0,1.5,245.0
466881,2026-01-02 07:00:00,11.7,5.5,0.9,264.0
466881,2026-01-02 08:00:00,11.7,3.5,0.8,241.0
466881,2026-01-02 09:00:00,11.8,1.0,1.6,232.0
466881,2026-01-02 10:00:00,11.2,1.0,0.9,360.0
466881,2026-01-02 11:00:00,11.4,0.05,1.8,122.0
466881,2026-01-02 12:00:00,11.5,0.05,1.1,159.0
466881,2026-01-02 13:00:00,11.4,0.05,1.3,109.0
466881,2026-01-02 14:00:00,11.4,0.05,1.2,111.0
466881,2026-01-02 15:00:00,10.9,0.05,3.2,59.0
466881,2026-01-02 16:00:00,10.4,0.05,0.6,100.0
466881,2026-01-02 17:00:00,10.0,0.05,1.5,165.0
466881,2026-01-02 18:00:00,10.2,0.05,1.5,148.0
466881,2026-01-02 19:00:00,10.4,0.0,1.4,134.0
466881,2026-01-02 20:00:00,10.5,0.0,1.7,146.0
466881,2026-01-02 21:00:00,10.6,0.0,1.7,153.0
466881,2026-01-02 22:00:00,10.5,0.0,2.0,160.0
466881,2026-01-02 23:00:00,10.5,0.0,1.8,145.0
466881,2026-01-03 00:00:00,10.6,0.0,2.5,149.0
466881,2026-01-03 01:00:00,10.7,0.0,1.9,132.0
466881,2026-01-03 02:00:00,10.9,0.0,2.0,126.0
466881,2026-01-03 03:00:00,10.9,0.0,2.6,141.0
466881,2026-01-03 04:00:00,11.0,0.0,2.6,137.0
466881,2026-01-03 05:00:00,10.7,0.0,2.2,137.0
466881,2026-01-03 06:00:00,10.9,0.0,2.8,146.0
466881,2026-01-03 07:00:00,10.6,0.0,2.5,160.0
466881,2026-01-03 08:00:00,11.5,0.0,2.6,155.0
466881,2026-01-03 09:00:00,14.6,0.0,2.4,106.0
466881,2026-01-03 10:00:00,15.2,0.0,4.0,79.0
466881,2026-01-03 11:00:00,15.9,0.0,2.2,90.0
466881,2026-01-03 12:00:00,17.6,0.0,3.3,86.0
466881,2026-01-03 13:00:00,16.7,0.0,4.1,106.0
466881,2026-01-03 14:00:00,17.0,0.0,3.7,87.0
466881,2026-01-03 15:00:00,15.9,0.0,4.7,76.0
466881,2026-01-03 16:00:00,15.6,0.0,3.0,115.0
466881,2026-01-03 17:00:00,14.3,0.0,2.4,98.0
466881,2026-01-03 18:00:00,13.5,0.0,3.1,109.0
466881,2026-01-03 19:00:00,12.6,0.0,2.6,101.0
466881,2026-01-03 20:00:00,12.9,0.0,2.5,87.0
466881,2026-01-03 21:00:00,13.5,0.0,2.2,90.0
466881,2026-01-03 22:00:00,12.9,0.0,1.9,108.0
466881,2026-01-03 23:00:00,12.8,0.0,1.9,91.0
466881,2026-01-04 00:00:00,12.0,0.0,1.2,111.0
466881,2026-01-04 01:00:00,11.3,0.0,1.5,105.0
466881,2026-01-04 02:00:00,11.2,0.0,1.9,121.0
466881,2026-01-04 03:00:00,10.6,0.0,1.3,131.0
466881,2026-01-04 04:00:00,10.6,0.0,0.5,30.0
466881,2026-01-04 05:00:00,9.6,0.0,0.4,126.0
466881,2026-01-04 06:00:00,9.2,0.0,0.4,134.0
466881,2026-01-04 07:00:00,9.4,0.0,1.0,69.0
466881,2026-01-04 08:00:00,13.1,0.0,1.0,102.0
466881,2026-01-04 09:00:00,17.6,0.0,0.7,50.0
466881,2026-01-04 10:00:00,19.9,0.0,1.4,124.0
466881,2026-01-04 11:00:00,21.2,0.0,1.6,190.0
466881,2026-01-04 12:00:00,21.4,0.0,1.0,95.0
466881,2026-01-04 13:00:00,22.6,0.0,1.5,340.0
466881,2026-01-04 14:00:00,22.5,0.0,1.5,89.0
466881,2026-01-04 15:00:00,22.1,0.0,2.4,101.0
466881,2026-01-04 16:00:00,20.6,0.0,2.9,133.0
466881,2026-01-04 17:00:00,18.4,0.0,2.0,148.0
466881,2026-01-04 18:00:00,16.5,0.0,2.1,145.0
466881,2026-01-04 19:00:00,14.1,0.0,1.9,133.0
466881,2026-01-04 20:00:00,13.9,0.0,0.4,236.0
466881,2026-01-04 21:00:00,12.7,0.0,0.2,0.0
466881,2026-01-04 22:00:00,11.4,0.0,0.1,0.0
466881,2026-01-04 23:00:00,10.8,0.0,0.1,0.0
466881,2026-01-05 00:00:00,10.5,0.0,0.3,0.0
466881,2026-01-05 01:00:00,10.2,0.0,0.4,58.0
466881,2026-01-05 02:00:00,10.1,0.0,0.4,45.0
466881,2026-01-05 03:00:00,9.7,0.0,0.3,55.0
466881,2026-01-05 04:00:00,9.6,0.0,0.2,0.0
466881,2026-01-05 05:00:00,9.2,0.0,0.3,0.0
466881,2026-01-05 06:00:00,9.4,0.0,1.0,323.0
466881,2026-01-05 07:00:00,10.3,0.0,1.2,327.0
466881,2026-01-05 08:00:00,12.4,0.0,0.4,37.0
466881,2026-01-05 09:00:00,15.3,0.0,0.3,241.0
466881,2026-01-05 10:00:00,18.1,0.0,0.9,307.0
466881,2026-01-05 11:00:00,19.9,0.0,2.3,266.0
466881,2026-01-05 12:00:00,18.9,0.0,1.8,306.0
466881,2026-01-05 13:00:00,19.5,0.0,2.1,329.0
466881,2026-01-05 14:00:00,19.5,0.0,1.5,319.0
466881,2026-01-05 15:00:00,19.3,0.0,1.0,315.0
466881,2026-01-05 16:00:00,18.7,0.0,1.6,292.0
466881,2026-01-05 17:00:00,17.5,0.05,1.7,63.0
466881,2026-01-05 18:00:00,16.5,0.05,2.9,61.0
466881,2026-01-05 19:00:00,16.3,0.05,1.5,47.0
466881,2026-01-05 20:00:00,15.6,0.0,2.7,41.0
466881,2026-01-05 21:00:00,15.2,0.0,2.2,54.0
466881,2026-01-05 22:00:00,14.8,0.0,2.1,42.0
466881,2026-01-05 23:00:00,14.4,0.0,1.5,59.0
466881,2026-01-06 00:00:00,14.1,0.0,1.7,71.0
466881,2026-01-06 01:00:00,13.8,0.05,1.3,39.0
466881,2026-01-06 02:00:00,13.5,0.0,1.9,69.0
466881,2026-01-06 03:00:00,13.4,0.0,2.3,56.0
466881,2026-01-06 04:00:00,13.0,0.0,2.1,82.0
466881,2026-01-06 05:00:00,12.9,0.05,2.0,86.0
466881,2026-01-06 06:00:00,12.8,0.0,1.0,125.0
466881,2026-01-06 07:00:00,13.0,0.0,1.0,107.0
466881,2026-01-06 08:00:00,13.0,0.0,1.5,95.0
466881,2026-01-06 09:00:00,13.8,0.0,1.5,134.0
466881,2026-01-06 10:00:00,14.1,0.05,0.4,138.0
466881,2026-01-06 11:00:00,13.9,0.0,0.8,182.0
466881,2026-01-06 12:00:00,13.9,0.05,0.7,256.0
466881,2026-01-06 13:00:00,13.3,0.05,1.5,261.0
466881,2026-01-06 14:00:00,12.5,0.05,1.6,261.0
466881,2026-01-06 15:00:00,12.0,0.05,1.5,244.0
466881,2026-01-06 16:00:00,11.8,0.05,1.7,246.0
466881,2026-01-06 17:00:00,11.8,0.05,1.7,251.0
466881,2026-01-06 18:00:00,11.1,0.05,1.9,270.0
466881,2026-01-06 19:00:00,10.8,0.5,2.3,258.0
466881,2026-01-06 20:00:00,10.5,0.05,2.3,250.0
466881,2026-01-06 21:00:00,10.4,0.05,2.2,249.0
466881,2026-01-06 22:00:00,10.5,0.5,2.6,256.0
466881,2026-01-06 23:00:00,10.5,0.0,2.7,276.0
466881,2026-01-07 00:00:00,10.6,0.0,2.9,267.0
466881,2026-01-07 01:00:00,10.9,0.0,2.4,259.0
466881,2026-01-07 02:00:00,11.2,0.0,2.7,270.0
466881,2026-01-07 03:00:00,11.1,0.0,2.0,257.0
466881,2026-01-07 04:00:00,10.6,0.0,1.2,193.0
466881,2026-01-07 05:00:00,10.4,0.0,0.8,213.0
466881,2026-01-07 06:00:00,10.1,0.0,0.8,130.0
466881,2026-01-07 07:00:00,10.2,0.0,1.3,162.0
466881,2026-01-07 08:00:00,10.6,0.0,2.0,153.0
466881,2026-01-07 09:00:00,10.9,0.0,1.5,126.0
466881,2026-01-07 10:00:00,11.9,0.0,0.7,77.0
466881,2026-01-07 11:00:00,12.7,0.0,2.3,74.0
466881,2026-01-07 12:00:00,12.3,0.0,2.6,80.0
466881,2026-01-07 13:00:00,12.9,0.0,2.5,80.0
466881,2026-01-07 14:00:00,12.0,0.0,2.9,99.0
466881,2026-01-07 15:00:00,11.7,0.0,1.6,133.0
466881,2026-01-07 16:00:00,11.8,0.0,2.0,133.0
466881,2026-01-07 17:00:00,11.6,0.0,2.2,123.0
466881,2026-01-07 18:00:00,11.6,0.0,1.8,117.0
466881,2026-01-07 19:00:00,11.7,0.0,2.4,120.0
466881,2026-01-07 20:00:00,11.8,0.0,2.3,121.0
466881,2026-01-07 21:00:00,11.9,0.0,2.5,126.0
466881,2026-01-07 22:00:00,12.0,0.0,2.6,126.0
466881,2026-01-07 23:00:00,12.1,0.0,2.8,137.0
466881,2026-01-08 00:00:00,11.6,0.05,3.4,148.0
466881,2026-01-08 01:00:00,11.6,0.05,2.4,153.0
466881,2026-01-08 02:00:00,11.7,0.0,3.0,141.0
466881,2026-01-08 03:00:00,11.7,0.0,2.6,146.0
466881,2026-01-08 04:00:00,11.7,0.0,2.6,154.0
466881,2026-01-08 05:00:00,12.0,0.0,2.2,141.0
466881,2026-01-08 06:00:00,12.1,0.0,1.9,141.0
466881,2026-01-08 07:00:00,12.4,0.0,2.2,155.0
466881,2026-01-08 08:00:00,12.5,0.0,2.1,169.0
466881,2026-01-08 09:00:00,12.7,0.0,1.8,124.0
466881,2026-01-08 10:00:00,12.8,0.0,1.4,154.0
466881,2026-01-08 11:00:00,13.0,0.0,0.9,127.0
466881,2026-01-08 12:00:00,13.6,0.0,1.5,117.0
466881,2026-01-08 13:00:00,13.8,0.0,3.0,61.0
466881,2026-01-08 14:00:00,14.2,0.0,2.8,70.0
466881,2026-01-08 15:00:00,14.1,0.0,2.9,47.0
466881,2026-01-08 16:00:00,13.7,0.0,1.9,44.0
466881,2026-01-08 17:00:00,12.8,0.0,2.1,47.0
466881,2026-01-08 18:00:00,9.9,0.0,0.6,150.0
466881,2026-01-08 19:00:00,8.9,0.0,1.2,135.0
466881,2026-01-08 20:00:00,9.0,0.0,1.4,132.0
466881,2026-01-08 21:00:00,9.7,0.0,2.6,146.0
466881,2026-01-08 22:00:00,10.3,0.0,2.9,158.0
466881,2026-01-08 23:00:00,9.8,0.0,2.9,147.0
466881,2026-01-09 00:00:00,9.4,0.0,2.5,144.0
466881,2026-01-09 01:00:00,9.3,0.0,2.8,158.0
466881,2026-01-09 02:00:00,9.1,0.0,3.0,156.0
466881,2026-01-09 03:00:00,8.6,0.0,2.9,142.0
466881,2026-01-09 04:00:00,8.6,0.0,2.9,148.0
466881,2026-01-09 05:00:00,8.6,0.0,3.0,160.0
466881,2026-01-09 06:00:00,8.4,0.0,3.1,150.0
466881,2026-01-09 07:00:00,8.5,0.0,3.3,144.0
466881,2026-01-09 08:00:00,9.8,0.0,3.0,152.0
466881,2026-01-09 09:00:00,12.1,0.0,3.0,149.0
466881,2026-01-09 10:00:00,14.7,0.0,1.7,140.0
466881,2026-01-09 11:00:00,16.4,0.0,2.3,97.0
466881,2026-01-09 12:00:00,16.8,0.0,3.2,57.0
466881,2026-01-09 13:00:00,17.7,0.0,3.3,43.0
466881,2026-01-09 14:00:00,17.4,0.0,3.6,48.0
466881,2026-01-09 15:00:00,17.9,0.0,2.7,83.0
466881,2026-01-09 16:00:00,16.5,0.0,3.4,63.0
466881,2026-01-09 17:00:00,14.8,0.0,2.8,63.0
466881,2026-01-09 18:00:00,14.1,0.0,0.7,137.0
466881,2026-01-09 19:00:00,12.0,0.0,1.6,148.0
466881,2026-01-09 20:00:00,11.1,0.0,2.2,133.0
466881,2026-01-09 21:00:00,11.6,0.0,3.1,147.0
466881,2026-01-09 22:00:00,11.4,0.0,3.4,134.0
466881,2026-01-09 23:00:00,10.7,0.0,3.0,139.0
466881,2026-01-10 00:00:00,10.8,0.0,3.0,154.0
466881,2026-01-10 01:00:00,9.7,0.0,2.4,129.0
466881,2026-01-10 02:00:00,8.3,0.0,0.6,257.0
466881,2026-01-10 03:00:00,7.7,0.0,0.4,91.0
466881,2026-01-10 04:00:00,7.4,0.0,0.6,305.0
466881,2026-01-10 05:00:00,7.4,0.0,0.8,282.0
466881,2026-01-10 06:00:00,9.0,0.0,1.6,132.0
466881,2026-01-10 07:00:00,9.8,0.0,2.7,124.0
466881,2026-01-10 08:00:00,11.4,0.0,2.8,136.0
466881,2026-01-10 09:00:00,13.8,0.0,2.7,145.0
466881,2026-01-10 10:00:00,18.3,0.0,3.2,111.0
466881,2026-01-10 11:00:00,20.3,0.0,3.9,88.0
466881,2026-01-10 12:00:00,20.1,0.0,4.5,62.0
466881,2026-01-10 13:00:00,19.8,0.0,4.4,63.0
466881,2026-01-10 14:00:00,18.6,0.0,3.9,47.0
466881,2026-01-10 15:00:00,18.0,0.0,3.2,45.0
466881,2026-01-10 16:00:00,17.2,0.0,2.4,57.0
466881,2026-01-10 17:00:00,16.4,0.0,1.6,78.0
466881,2026-01-10 18:00:00,16.2,0.0,1.3,97.0
466881,2026-01-10 19:00:00,15.4,0.0,1.1,130.0
466881,2026-01-10 20:00:00,15.3,0.0,2.0,145.0
466881,2026-01-10 21:00:00,15.1,0.0,1.9,160.0
466881,2026-01-10 22:00:00,14.7,0.0,1.7,145.0
466881,2026-01-10 23:00:00,14.3,0.0,1.6,149.0
466881,2026-01-11 00:00:00,14.9,0.0,1.7,135.0
466881,2026-01-11 01:00:00,14.1,0.0,1.9,147.0
466881,2026-01-11 02:00:00,13.9,0.0,1.5,141.0
466881,2026-01-11 03:00:00,13.8,0.0,2.4,153.0
466881,2026-01-11 04:00:00,13.8,0.0,2.4,158.0
466881,2026-01-11 05:00:00,13.1,0.0,3.0,152.0
466881,2026-01-11 06:00:00,13.2,0.0,2.7,147.0
466881,2026-01-11 07:00:00,12.8,0.0,2.6,155.0
466881,2026-01-11 08:00:00,14.3,0.0,2.5,142.0
466881,2026-01-11 09:00:00,16.4,0.05,2.6,88.0
466881,2026-01-11 10:00:00,16.8,0.0,4.2,71.0
466881,2026-01-11 11:00:00,16.5,0.0,3.6,71.0
466881,2026-01-11 12:00:00,16.1,0.0,5.8,67.0
466881,2026-01-11 13:00:00,16.2,0.0,4.6,72.0
466881,2026-01-11 14:00:00,15.6,0.0,5.3,69.0
466881,2026-01-11 15:00:00,15.3,0.0,3.8,77.0
466881,2026-01-11 16:00:00,14.8,0.0,4.1,78.0
466881,2026-01-11 17:00:00,14.1,0.0,4.2,96.0
466881,2026-01-11 18:00:00,13.8,0.0,3.4,82.0
466881,2026-01-11 19:00:00,13.4,0.0,3.4,99.0
466881,2026-01-11 20:00:00,13.4,0.0,3.3,98.0
466881,2026-01-11 21:00:00,12.9,0.0,3.5,92.0
466881,2026-01-11 22:00:00,13.1,0.0,3.6,89.0
466881,2026-01-11 23:00:00,13.3,0.0,4.0,88.0
466881,2026-01-12 00:00:00,13.5,0.0,3.7,84.0
466881,2026-01-12 01:00:00,13.4,0.0,3.7,84.0
466881,2026-01-12 02:00:00,13.7,0.0,3.9,90.0
466881,2026-01-12 03:00:00,13.7,0.0,3.6,92.0
466881,2026-01-12 04:00:00,14.1,0.0,4.0,85.0
466881,2026-01-12 05:00:00,13.6,0.0,2.7,78.0
466881,2026-01-12 06:00:00,13.5,0.0,2.3,94.0
466881,2026-01-12 07:00:00,14.1,0.0,1.7,120.0
466881,2026-01-12 08:00:00,15.3,0.0,1.0,105.0
466881,2026-01-12 09:00:00,16.0,0.05,2.8,146.0
466881,2026-01-12 10:00:00,17.7,0.05,3.0,158.0
466881,2026-01-12 11:00:00,19.3,0.0,1.5,153.0
466881,2026-01-12 12:00:00,18.3,0.05,3.3,251.0
466881,2026-01-12 13:00:00,18.5,0.05,1.3,282.0
466881,2026-01-12 14:00:00,18.6,0.0,0.7,352.0
466881,2026-01-12 15:00:00,18.3,0.0,1.4,282.0
466881,2026-01-12 16:00:00,17.9,0.0,2.4,282.0
466881,2026-01-12 17:00:00,16.6,0.0,1.0,271.0
466881,2026-01-12 18:00:00,15.2,0.0,0.4,157.0
466881,2026-01-12 19:00:00,14.5,0.0,0.7,227.0
466881,2026-01-12 20:00:00,12.8,0.0,1.1,191.0
466881,2026-01-12 21:00:00,12.5,0.0,0.5,
466881,2026-01-12 22:00:00,12.2,0.0,0.4,195.0
466881,2026-01-12 23:00:00,11.4,0.0,0.3,63.0
466881,2026-01-13 00:00:00,11.7,0.0,0.1,0.0
466881,2026-01-13 01:00:00,11.3,0.0,0.5,348.0
466881,2026-01-13 02:00:00,11.3,0.0,0.3,360.0
466881,2026-01-13 03:00:00,11.1,0.0,0.1,0.0
466881,2026-01-13 04:00:00,9.7,0.0,0.4,248.0
466881,2026-01-13 05:00:00,9.1,0.0,0.6,225.0
466881,2026-01-13 06:00:00,8.2,0.0,0.7,325.0
466881,2026-01-13 07:00:00,8.3,0.0,0.4,12.0
466881,2026-01-13 08:00:00,11.2,0.0,0.2,0.0
466881,2026-01-13 09:00:00,14.4,0.0,0.4,150.0
466881,2026-01-13 10:00:00,17.3,0.0,0.5,143.0
466881,2026-01-13 11:00:00,20.1,0.0,1.6,331.0
466881,2026-01-13 12:00:00,20.6,0.0,1.8,320.0
466881,2026-01-13 13:00:00,20.9,0.0,2.3,345.0
466881,2026-01-13 14:00:00,20.7,0.0,1.9,350.0
466881,2026-01-13 15:00:00,20.0,0.0,1.5,10.0
466881,2026-01-13 16:00:00,18.9,0.0,3.2,64.0
466881,2026-01-13 17:00:00,17.1,0.0,2.3,81.0
466881,2026-01-13 18:00:00,14.5,0.0,2.0,145.0
466881,2026-01-13 19:00:00,13.9,0.0,2.3,134.0
466881,2026-01-13 20:00:00,13.7,0.0,2.5,156.0
466881,2026-01-13 21:00:00,13.6,0.0,2.7,138.0
466881,2026-01-13 22:00:00,12.5,0.0,2.0,143.0
466881,2026-01-13 23:00:00,12.2,0.0,2.2,138.0
466881,2026-01-14 00:00:00,13.0,0.0,2.1,135.0
466881,2026-01-14 01:00:00,12.1,0.0,0.7,84.0
466881,2026-01-14 02:00:00,11.3,0.0,1.7,117.0
466881,2026-01-14 03:00:00,12.3,0.0,1.2,108.0
466881,2026-01-14 04:00:00,11.7,0.0,0.9,101.0
466881,2026-01-14 05:00:00,12.0,0.0,1.6,84.0
466881,2026-01-14 06:00:00,13.5,0.0,2.3,123.0
466881,2026-01-14 07:00:00,13.3,0.0,1.9,115.0
466881,2026-01-14 08:00:00,17.0,0.0,2.0,98.0
466881,2026-01-14 09:00:00,19.8,0.0,2.2,70.0
466881,2026-01-14 10:00:00,22.0,0.0,2.9,88.0
466881,2026-01-14 11:00:00,22.9,0.0,4.4,90.0
466881,2026-01-14 12:00:00,23.1,0.0,4.8,90.0
466881,2026-01-14 13:00:00,23.2,0.0,4.6,92.0
466881,2026-01-14 14:00:00,23.3,0.0,4.8,88.0
466881,2026-01-14 15:00:00,22.7,0.0,3.7,100.0
466881,2026-01-14 16:00:00,21.5,0.0,3.7,108.0
466881,2026-01-14 17:00:00,20.1,0.0,2.7,125.0
466881,2026-01-14 18:00:00,18.9,0.0,3.0,119.0
466881,2026-01-14 19:00:00,18.5,0.0,2.0,151.0
466881,2026-01-14 20:00:00,19.1,0.0,3.0,130.0
466881,2026-01-14 21:00:00,18.7,0.0,3.0,131.0
466881,2026-01-14 22:00:00,18.5,0.0,2.8,123.0
466881,2026-01-14 23:00:00,19.1,0.0,3.3,161.0
466881,2026-01-15 00:00:00,19.2,0.0,3.1,150.0
466881,2026-01-15 01:00:00,18.4,0.0,2.2,165.0
466881,2026-01-15 02:00:00,18.2,0.0,3.5,161.0
466881,2026-01-15 03:00:00,18.1,0.0,4.3,171.0
466881,2026-01-15 04:00:00,14.9,0.0,1.0,238.0
466881,2026-01-15 05:00:00,13.7,0.0,0.7,292.0
466881,2026-01-15 06:00:00,12.4,0.0,0.4,282.0
466881,2026-01-15 07:00:00,11.7,0.0,0.4,197.0
466881,2026-01-15 08:00:00,14.1,0.0,0.5,120.0
466881,2026-01-15 09:00:00,17.2,0.0,0.6,143.0
466881,2026-01-15 10:00:00,18.8,0.0,0.6,326.0
466881,2026-01-15 11:00:00,20.8,0.0,0.7,75.0
466881,2026-01-15 12:00:00,22.6,0.0,1.5,27.0
466881,2026-01-15 13:00:00,24.6,0.0,1.9,293.0
466881,2026-01-15 14:00:00,24.1,0.0,1.3,334.0
466881,2026-01-15 15:00:00,24.3,0.0,0.9,69.0
466881,2026-01-15 16:00:00,23.8,0.0,1.8,308.0
466881,2026-01-15 17:00:00,21.3,0.0,1.2,22.0
466881,2026-01-15 18:00:00,16.2,0.0,1.0,163.0
466881,2026-01-15 19:00:00,16.6,0.0,1.4,104.0
466881,2026-01-15 20:00:00,16.1,0.0,1.4,120.0
466881,2026-01-15 21:00:00,16.1,0.0,1.6,85.0
466881,2026-01-15 22:00:00,16.4,0.0,0.2,0.0
466881,2026-01-15 23:00:00,15.8,0.0,0.1,0.0
466881,2026-01-16 00:00:00,15.4,0.0,0.1,0.0
466881,2026-01-16 01:00:00,15.5,0.0,0.4,180.0
466881,2026-01-16 02:00:00,15.3,0.0,0.4,318.0
466881,2026-01-16 03:00:00,14.9,0.0,0.5,107.0
466881,2026-01-16 04:00:00,14.9,0.0,0.2,0.0
466881,2026-01-16 05:00:00,15.0,0.0,0.1,0.0
466881,2026-01-16 06:00:00,15.0,0.0,0.3,96.0
466881,2026-01-16 07:00:00,16.0,0.0,0.8,359.0
466881,2026-01-16 08:00:00,16.9,0.0,0.6,188.0
466881,2026-01-16 09:00:00,18.0,0.0,0.2,0.0
466881,2026-01-16 10:00:00,19.2,0.05,0.3,148.0
466881,2026-01-16 11:00:00,20.7,0.0,2.1,66.0
466881,2026-01-16 12:00:00,20.9,0.05,1.9,66.0
466881,2026-01-16 13:00:00,19.8,0.05,1.7,37.0
466881,2026-01-16 14:00:00,20.5,0.0,0.6,115.0
466881,2026-01-16 15:00:00,21.0,0.0,1.4,35.0
466881,2026-01-16 16:00:00,20.6,0.0,2.1,57.0
466881,2026-01-16 17:00:00,20.2,0.0,0.6,346.0
466881,2026-01-16 18:00:00,19.2,0.0,0.8,51.0
466881,2026-01-16 19:00:00,18.4,0.05,1.2,117.0
466881,2026-01-16 20:00:00,18.8,0.0,1.6,66.0
466881,2026-01-16 21:00:00,18.5,0.05,0.5,133.0
466881,2026-01-16 22:00:00,17.7,0.05,0.1,0.0
466881,2026-01-16 23:00:00,17.5,0.0,1.4,99.0
466881,2026-01-17 00:00:00,17.5,0.05,1.2,65.0
466881,2026-01-17 01:00:00,17.2,0.0,1.3,108.0
466881,2026-01-17 02:00:00,17.0,0.0,1.2,105.0
466881,2026-01-17 03:00:00,16.9,0.0,1.9,154.0
466881,2026-01-17 04:00:00,16.7,0.0,2.1,149.0
466881,2026-01-17 05:00:00,15.9,0.0,2.8,133.0
466881,2026-01-17 06:00:00,16.2,0.0,2.3,121.0
466881,2026-01-17 07:00:00,16.8,0.0,2.9,124.0
466881,2026-01-17 08:00:00,17.7,0.0,2.5,126.0
466881,2026-01-17 09:00:00,18.9,0.0,1.8,107.0
466881,2026-01-17 10:00:00,21.2,0.0,1.0,110.0
466881,2026-01-17 11:00:00,22.7,0.0,3.2,67.0
466881,2026-01-17 12:00:00,23.5,0.0,3.6,61.0
466881,2026-01-17 13:00:00,23.5,0.0,4.1,46.0
466881,2026-01-17 14:00:00,23.3,0.0,4.7,55.0
466881,2026-01-17 15:00:00,22.1,0.0,4.1,53.0
466881,2026-01-17 16:00:00,20.0,0.0,3.5,49.0
466881,2026-01-17 17:00:00,19.1,0.0,2.7,45.0
466881,2026-01-17 18:00:00,18.0,0.0,2.1,54.0
466881,2026-01-17 19:00:00,17.1,0.0,2.6,63.0
466881,2026-01-17 20:00:00,16.6,0.0,1.3,69.0
466881,2026-01-17 21:00:00,15.4,0.0,0.2,0.0
466881,2026-01-17 22:00:00,14.6,0.0,0.5,167.0
466881,2026-01-17 23:00:00,14.7,0.0,1.5,134.0
466881,2026-01-18 00:00:00,15.7,0.0,2.3,150.0
466881,2026-01-18 01:00:00,15.1,0.0,1.5,119.0
466881,2026-01-18 02:00:00,15.6,0.0,2.1,147.0
466881,2026-01-18 03:00:00,15.7,0.0,1.7,134.0
466881,2026-01-18 04:00:00,15.7,0.0,1.8,137.0
466881,2026-01-18 05:00:00,15.7,0.0,1.0,111.0
466881,2026-01-18 06:00:00,15.2,0.0,1.1,126.0
466881,2026-01-18 07:00:00,15.0,0.0,1.0,105.0
466881,2026-01-18 08:00:00,16.1,0.0,1.5,128.0
466881,2026-01-18 09:00:00,17.9,0.0,1.1,122.0
466881,2026-01-18 10:00:00,20.5,0.0,1.9,107.0
466881,2026-01-18 11:00:00,20.6,0.0,2.8,55.0
466881,2026-01-18 12:00:00,21.9,0.0,3.5,50.0
466881,2026-01-18 13:00:00,21.8,0.0,4.0,54.0
466881,2026-01-18 14:00:00,20.9,0.0,3.8,57.0
466881,2026-01-18 15:00:00,20.7,0.0,4.5,65.0
466881,2026-01-18 16:00:00,20.1,0.0,2.8,51.0
466881,2026-01-18 17:00:00,18.9,0.0,2.6,81.0
466881,2026-01-18 18:00:00,17.5,0.0,1.2,111.0
466881,2026-01-18 19:00:00,17.3,0.0,1.8,64.0
466881,2026-01-18 20:00:00,17.4,0.0,2.1,72.0
466881,2026-01-18 21:00:00,17.0,0.0,1.3,107.0
466881,2026-01-18 22:00:00,17.5,0.0,1.1,86.0
466881,2026-01-18 23:00:00,17.2,0.0,1.0,112.0
466881,2026-01-19 00:00:00,17.3,0.0,1.0,93.0
466881,2026-01-19 01:00:00,17.2,0.0,1.4,121.0
466881,2026-01-19 02:00:00,16.9,0.05,1.1,121.0
466881,2026-01-19 03:00:00,16.9,0.05,1.3,134.0
466881,2026-01-19 04:00:00,17.1,0.0,1.5,139.0
466881,2026-01-19 05:00:00,16.5,0.0,1.2,125.0
466881,2026-01-19 06:00:00,16.3,0.0,1.5,130.0
466881,2026-01-19 07:00:00,16.4,0.0,1.7,149.0
466881,2026-01-19 08:00:00,17.6,0.0,1.5,146.0
466881,2026-01-19 09:00:00,17.7,0.05,1.5,138.0
466881,2026-01-19 10:00:00,19.4,0.05,1.0,66.0
466881,2026-01-19 11:00:00,20.0,0.05,2.9,73.0
466881,2026-01-19 12:00:00,20.9,0.05,2.7,72.0
466881,2026-01-19 13:00:00,21.9,0.05,2.9,68.0
466881,2026-01-19 14:00:00,21.1,0.05,2.5,67.0
466881,2026-01-19 15:00:00,19.8,0.05,3.2,75.0
466881,2026-01-19 16:00:00,17.8,0.05,1.9,74.0
466881,2026-01-19 17:00:00,17.3,2.5,1.8,48.0
466881,2026-01-19 18:00:00,16.7,3.0,2.0,92.0
466881,2026-01-19 19:00:00,16.6,0.05,1.1,90.0
466881,2026-01-19 20:00:00,16.8,1.0,1.1,75.0
466881,2026-01-19 21:00:00,16.6,2.0,1.6,81.0
466881,2026-01-19 22:00:00,16.6,1.0,1.2,215.0
466881,2026-01-19 23:00:00,16.3,1.0,1.6,97.0
466881,2026-01-20 00:00:00,16.2,0.05,1.7,92.0
466881,2026-01-20 01:00:00,16.0,0.5,1.9,94.0
466881,2026-01-20 02:00:00,15.8,0.5,1.0,161.0
466881,2026-01-20 03:00:00,15.6,1.0,0.8,104.0
466881,2026-01-20 04:00:00,15.4,1.0,0.9,109.0
466881,2026-01-20 05:00:00,14.7,1.0,1.5,113.0
466881,2026-01-20 06:00:00,14.2,0.5,2.0,84.0
466881,2026-01-20 07:00:00,14.0,0.5,1.8,110.0
466881,2026-01-20 08:00:00,13.8,0.5,2.0,105.0
466881,2026-01-20 09:00:00,14.5,0.05,1.0,82.0
466881,2026-01-20 10:00:00,14.9,0.05,1.9,56.0
466881,2026-01-20 11:00:00,14.6,0.05,2.7,89.0
466881,2026-01-20 12:00:00,15.1,0.05,2.8,50.0
466881,2026-01-20 13:00:00,14.8,0.05,2.6,78.0
466881,2026-01-20 14:00:00,14.9,0.0,2.3,84.0
466881,2026-01-20 15:00:00,14.5,0.05,3.0,60.0
466881,2026-01-20 16:00:00,14.0,0.05,3.4,82.0
466881,2026-01-20 17:00:00,13.7,0.0,3.0,72.0
466881,2026-01-20 18:00:00,13.4,0.05,1.7,73.0
466881,2026-01-20 19:00:00,13.1,0.05,1.4,95.0
466881,2026-01-20 20:00:00,13.0,0.05,2.3,72.0
466881,2026-01-20 21:00:00,12.6,0.05,2.4,73.0
466881,2026-01-20 22:00:00,12.5,0.05,1.4,90.0
466881,2026-01-20 23:00:00,12.3,0.05,2.0,72.0
466881,2026-01-21 00:00:00,12.5,0.0,1.2,83.0
466881,2026-01-21 01:00:00,12.6,0.05,1.2,98.0
466881,2026-01-21 02:00:00,12.2,0.05,1.3,48.0
466881,2026-01-21 03:00:00,11.9,0.5,1.2,110.0
466881,2026-01-21 04:00:00,11.8,0.05,0.9,90.0
466881,2026-01-21 05:00:00,11.7,0.05,1.7,127.0
466881,2026-01-21 06:00:00,11.5,0.5,1.9,104.0
466881,2026-01-21 07:00:00,11.4,0.05,2.2,110.0
466881,2026-01-21 08:00:00,11.2,0.05,1.7,105.0
466881,2026-01-21 09:00:00,11.3,0.05,1.6,106.0
466881,2026-01-21 10:00:00,11.6,0.05,1.7,112.0
466881,2026-01-21 11:00:00,11.9,0.05,1.9,100.0
466881,2026-01-21 12:00:00,12.5,0.05,2.2,87.0
466881,2026-01-21 13:00:00,12.2,0.05,2.3,70.0
466881,2026-01-21 14:00:00,12.3,0.05,2.2,85.0
466881,2026-01-21 15:00:00,11.8,0.5,3.0,90.0
466881,2026-01-21 16:00:00,11.5,0.5,1.9,107.0
466881,2026-01-21 17:00:00,11.2,0.5,1.9,72.0
466881,2026-01-21 18:00:00,11.0,0.05,1.6,74.0
466881,2026-01-21 19:00:00,10.9,0.5,1.9,93.0
466881,2026-01-21 20:00:00,10.9,0.05,2.3,96.0
466881,2026-01-21 21:00:00,10.8,0.5,2.0,93.0
466881,2026-01-21 22:00:00,10.8,0.5,0.7,71.0
466881,2026-01-21 23:00:00,10.7,1.0,1.2,80.0
466881,2026-01-22 00:00:00,10.7,1.0,1.7,94.0
466881,2026-01-22 01:00:00,10.8,1.0,2.2,69.0
466881,2026-01-22 02:00:00,10.7,1.5,0.5,115.0
466881,2026-01-22 03:00:00,10.7,1.0,1.0,86.0
466881,2026-01-22 04:00:00,10.6,0.5,1.6,74.0
466881,2026-01-22 05:00:00,10.6,0.5,1.3,104.0
466881,2026-01-22 06:00:00,10.5,0.5,0.5,84.0
466881,2026-01-22 07:00:00,10.6,0.05,0.8,126.0
466881,2026-01-22 08:00:00,10.9,0.5,0.1,0.0
466881,2026-01-22 09:00:00,11.1,0.05,1.8,132.0
466881,2026-01-22 10:00:00,11.5,0.5,0.5,163.0
466881,2026-01-22 11:00:00,11.7,0.05,1.7,86.0
466881,2026-01-22 12:00:00,12.1,0.05,1.0,118.0
466881,2026-01-22 13:00:00,12.3,0.05,1.6,70.0
466881,2026-01-22 14:00:00,12.4,0.05,0.9,77.0
466881,2026-01-22 15:00:00,12.6,0.0,1.2,60.0
466881,2026-01-22 16:00:00,12.0,0.5,0.7,97.0
466881,2026-01-22 17:00:00,11.8,0.05,1.5,72.0
466881,2026-01-22 18:00:00,11.7,0.5,1.2,49.0
466881,2026-01-22 19:00:00,11.9,0.05,0.1,0.0
466881,2026-01-22 20:00:00,11.8,1.0,0.3,163.0
466881,2026-01-22 21:00:00,11.7,0.5,0.2,0.0
466881,2026-01-22 22:00:00,11.7,1.0,1.2,142.0
466881,2026-01-22 23:00:00,11.6,0.5,1.6,134.0
466881,2026-01-23 00:00:00,11.7,0.05,0.1,0.0
466881,2026-01-23 01:00:00,11.6,0.05,1.0,119.0
466881,2026-01-23 02:00:00,11.7,0.05,0.2,0.0
466881,2026-01-23 03:00:00,11.8,0.05,0.3,105.0
466881,2026-01-23 04:00:00,11.9,0.05,1.2,137.0
466881,2026-01-23 05:00:00,11.9,0.5,1.0,132.0
466881,2026-01-23 06:00:00,11.9,0.0,1.0,115.0
466881,2026-01-23 07:00:00,12.1,0.05,1.1,127.0
466881,2026-01-23 08:00:00,12.5,0.0,0.6,100.0
466881,2026-01-23 09:00:00,14.0,0.0,0.9,135.0
466881,2026-01-23 10:00:00,15.7,0.0,3.1,77.0
466881,2026-01-23 11:00:00,17.8,0.0,3.4,73.0
466881,2026-01-23 12:00:00,18.5,0.0,5.0,57.0
466881,2026-01-23 13:00:00,18.3,0.0,3.9,54.0
466881,2026-01-23 14:00:00,19.1,0.0,3.6,68.0
466881,2026-01-23 15:00:00,18.6,0.0,3.6,59.0
466881,2026-01-23 16:00:00,17.2,0.0,4.1,49.0
466881,2026-01-23 17:00:00,16.1,0.05,2.6,66.0
466881,2026-01-23 18:00:00,15.8,0.05,1.6,65.0
466881,2026-01-23 19:00:00,15.3,0.0,1.1,81.0
466881,2026-01-23 20:00:00,15.8,0.0,2.3,61.0
466881,2026-01-23 21:00:00,15.7,0.0,1.6,54.0
466881,2026-01-23 22:00:00,15.4,0.0,0.8,85.0
466881,2026-01-23 23:00:00,14.9,0.0,0.6,110.0
466881,2026-01-24 00:00:00,14.2,0.0,0.2,0.0
466881,2026-01-24 01:00:00,14.6,0.0,0.7,201.0
466881,2026-01-24 02:00:00,14.8,0.0,1.0,205.0
466881,2026-01-24 03:00:00,14.8,0.05,0.5,190.0
466881,2026-01-24 04:00:00,14.8,0.05,0.2,0.0
466881,2026-01-24 05:00:00,14.8,0.05,0.1,0.0
466881,2026-01-24 06:00:00,14.7,0.05,1.0,253.0
466881,2026-01-24 07:00:00,14.6,0.5,0.7,272.0
466881,2026-01-24 08:00:00,15.0,0.5,0.9,193.0
466881,2026-01-24 09:00:00,15.4,0.5,0.7,47.0
466881,2026-01-24 10:00:00,15.7,0.05,1.9,67.0
466881,2026-01-24 11:00:00,16.8,0.05,2.2,65.0
466881,2026-01-24 12:00:00,17.6,0.0,2.7,60.0
466881,2026-01-24 13:00:00,18.1,0.0,2.5,53.0
466881,2026-01-24 14:00:00,18.6,0.0,3.3,52.0
466881,2026-01-24 15:00:00,18.3,0.0,3.4,44.0
466881,2026-01-24 16:00:00,17.3,0.0,3.4,47.0
466881,2026-01-24 17:00:00,17.0,0.0,1.9,58.0
466881,2026-01-24 18:00:00,16.8,0.0,1.7,67.0
466881,2026-01-24 19:00:00,15.6,0.0,1.5,77.0
466881,2026-01-24 20:00:00,15.6,0.0,1.3,69.0
466881,2026-01-24 21:00:00,15.9,0.0,1.2,119.0
466881,2026-01-24 22:00:00,15.6,0.0,1.2,89.0
466881,2026-01-24 23:00:00,14.2,0.0,1.5,66.0
466881,2026-01-25 00:00:00,13.7,0.0,0.8,201.0
466881,2026-01-25 01:00:00,14.8,0.0,2.1,122.0
466881,2026-01-25 02:00:00,16.2,0.0,0.9,272.0
466881,2026-01-25 03:00:00,15.9,0.0,0.8,215.0
466881,2026-01-25 04:00:00,15.5,0.0,0.5,223.0
466881,2026-01-25 05:00:00,15.2,0.0,1.0,225.0
466881,2026-01-25 06:00:00,14.9,0.0,0.6,75.0
466881,2026-01-25 07:00:00,14.3,0.0,0.1,0.0
466881,2026-01-25 08:00:00,15.4,0.0,0.4,263.0
466881,2026-01-25 09:00:00,17.9,0.0,0.1,0.0
466881,2026-01-25 10:00:00,21.9,0.0,0.9,99.0
466881,2026-01-25 11:00:00,23.4,0.0,3.8,113.0
466881,2026-01-25 12:00:00,23.8,0.0,4.1,80.0
466881,2026-01-25 13:00:00,23.5,0.0,4.3,110.0
466881,2026-01-25 14:00:00,22.6,0.0,3.6,121.0
466881,2026-01-25 15:00:00,21.8,0.0,4.6,117.0
466881,2026-01-25 16:00:00,21.5,0.0,4.9,117.0
466881,2026-01-25 17:00:00,21.1,0.0,4.3,118.0
466881,2026-01-25 18:00:00,20.4,0.0,3.2,151.0
466881,2026-01-25 19:00:00,20.1,0.0,2.1,154.0
466881,2026-01-25 20:00:00,18.8,0.0,2.1,138.0
466881,2026-01-25 21:00:00,18.4,0.0,2.6,154.0
466881,2026-01-25 22:00:00,18.6,0.0,2.7,156.0
466881,2026-01-25 23:00:00,17.3,0.0,0.2,0.0
466881,2026-01-26 00:00:00,16.5,0.0,0.2,0.0
466881,2026-01-26 01:00:00,16.5,0.0,1.1,134.0
466881,2026-01-26 02:00:00,19.3,0.0,2.6,149.0
466881,2026-01-26 03:00:00,18.2,0.0,2.7,266.0
466881,2026-01-26 04:00:00,17.5,0.0,1.1,255.0
466881,2026-01-26 05:00:00,17.0,0.0,0.9,293.0
466881,2026-01-26 06:00:00,16.1,0.0,0.3,64.0
466881,2026-01-26 07:00:00,16.4,0.0,0.6,52.0
466881,2026-01-26 08:00:00,17.4,0.0,0.4,61.0
466881,2026-01-26 09:00:00,18.9,0.0,0.9,282.0
466881,2026-01-26 10:00:00,20.5,0.0,1.8,252.0
466881,2026-01-26 11:00:00,20.8,0.0,2.3,282.0
466881,2026-01-26 12:00:00,20.9,0.0,1.5,264.0
466881,2026-01-26 13:00:00,21.9,0.0,1.8,343.0
466881,2026-01-26 14:00:00,22.6,0.0,1.4,237.0
466881,2026-01-26 15:00:00,22.9,0.0,1.8,289.0
466881,2026-01-26 16:00:00,22.7,0.0,1.0,288.0
466881,2026-01-26 17:00:00,22.2,0.0,1.0,298.0
466881,2026-01-26 18:00:00,19.7,0.0,1.1,19.0
466881,2026-01-26 19:00:00,19.0,0.0,1.0,57.0
466881,2026-01-26 20:00:00,18.4,0.0,1.6,71.0
466881,2026-01-26 21:00:00,17.9,0.0,0.3,167.0
466881,2026-01-26 22:00:00,18.5,0.0,1.2,326.0
466881,2026-01-26 23:00:00,18.1,0.0,1.6,297.0
466881,2026-01-27 00:00:00,17.7,0.0,0.2,0.0
466881,2026-01-27 01:00:00,17.1,0.0,0.4,181.0
466881,2026-01-27 02:00:00,17.0,0.0,0.5,91.0
466881,2026-01-27 03:00:00,17.0,0.0,0.7,223.0
466881,2026-01-27 04:00:00,17.2,0.0,0.2,0.0
466881,2026-01-27 05:00:00,17.5,0.0,0.1,0.0
466881,2026-01-27 06:00:00,16.8,0.0,0.1,0.0
466881,2026-01-27 07:00:00,17.2,0.0,1.0,101.0
466881,2026-01-27 08:00:00,17.4,0.05,3.0,61.0
466881,2026-01-27 09:00:00,17.3,0.05,2.9,75.0
466881,2026-01-27 10:00:00,17.4,0.0,2.5,86.0
466881,2026-01-27 11:00:00,17.1,0.05,3.2,78.0
466881,2026-01-27 12:00:00,17.4,0.05,2.3,83.0
466881,2026-01-27 13:00:00,17.2,0.05,1.2,86.0
466881,2026-01-27 14:00:00,16.6,0.05,2.1,78.0
466881,2026-01-27 15:00:00,16.6,0.05,2.7,70.0
466881,2026-01-27 16:00:00,16.3,0.05,1.9,85.0
466881,2026-01-27 17:00:00,16.0,0.05,1.8,94.0
466881,2026-01-27 18:00:00,15.5,0.05,2.4,96.0
466881,2026-01-27 19:00:00,15.3,0.05,1.2,136.0
466881,2026-01-27 20:00:00,15.0,2.5,1.5,74.0
466881,2026-01-27 21:00:00,14.9,2.0,0.9,70.0
466881,2026-01-27 22:00:00,15.0,3.0,0.4,204.0
466881,2026-01-27 23:00:00,15.0,0.5,0.2,0.0
466881,2026-01-28 00:00:00,14.5,0.5,1.9,68.0
466881,2026-01-28 01:00:00,14.5,0.05,1.7,68.0
466881,2026-01-28 02:00:00,14.3,0.05,1.1,94.0
466881,2026-01-28 03:00:00,14.2,0.5,0.9,105.0
466881,2026-01-28 04:00:00,14.3,0.05,1.3,110.0
466881,2026-01-28 05:00:00,14.3,0.05,1.8,117.0
466881,2026-01-28 06:00:00,14.4,0.0,1.4,129.0
466881,2026-01-28 07:00:00,14.6,0.0,1.5,93.0
466881,2026-01-28 08:00:00,14.7,0.05,1.6,77.0
466881,2026-01-28 09:00:00,14.8,0.0,1.1,142.0
466881,2026-01-28 10:00:00,15.1,0.0,1.8,109.0
466881,2026-01-28 11:00:00,15.5,0.0,1.5,93.0
466881,2026-01-28 12:00:00,15.8,0.0,2.9,71.0
466881,2026-01-28 13:00:00,16.0,0.0,2.1,84.0
466881,2026-01-28 14:00:00,15.8,0.0,2.7,73.0
466881,2026-01-28 15:00:00,15.2,0.0,3.3,58.0
466881,2026-01-28 16:00:00,15.0,0.0,1.9,91.0
466881,2026-01-28 17:00:00,15.1,0.0,1.5,87.0
466881,2026-01-28 18:00:00,15.0,0.0,1.5,128.0
466881,2026-01-28 19:00:00,15.3,0.0,2.1,104.0
466881,2026-01-28 20:00:00,15.2,0.0,2.5,109.0
466881,2026-01-28 21:00:00,15.1,0.05,1.7,127.0
466881,2026-01-28 22:00:00,15.0,0.0,1.9,112.0
466881,2026-01-28 23:00:00,14.9,0.0,2.4,130.0
466881,2026-01-29 00:00:00,15.2,0.0,2.8,108.0
466881,2026-01-29 01:00:00,15.2,0.0,3.0,102.0
466881,2026-01-29 02:00:00,15.3,0.0,3.6,92.0
466881,2026-01-29 03:00:00,15.5,0.0,4.0,88.0
466881,2026-01-29 04:00:00,15.4,0.0,3.0,92.0
466881,2026-01-29 05:00:00,15.3,0.0,2.5,87.0
466881,2026-01-29 06:00:00,15.2,0.0,2.4,67.0
466881,2026-01-29 07:00:00,15.2,0.0,3.5,75.0
466881,2026-01-29 08:00:00,16.9,0.0,3.3,67.0
466881,2026-01-29 09:00:00,18.8,0.0,3.1,86.0
466881,2026-01-29 10:00:00,20.2,0.0,3.8,100.0
466881,2026-01-29 11:00:00,21.4,0.0,3.7,80.0
466881,2026-01-29 12:00:00,21.9,0.0,4.3,90.0
466881,2026-01-29 13:00:00,22.4,0.0,3.4,95.0
466881,2026-01-29 14:00:00,21.8,0.0,5.2,87.0
466881,2026-01-29 15:00:00,21.6,0.0,4.5,90.0
466881,2026-01-29 16:00:00,19.7,0.0,3.5,90.0
466881,2026-01-29 17:00:00,19.4,0.0,4.0,91.0
466881,2026-01-29 18:00:00,17.6,0.0,2.9,86.0
466881,2026-01-29 19:00:00,18.0,0.0,3.7,67.0
466881,2026-01-29 20:00:00,18.2,0.0,3.6,81.0
466881,2026-01-29 21:00:00,18.4,0.0,4.2,71.0
466881,2026-01-29 22:00:00,18.7,0.0,4.0,68.0
466881,2026-01-29 23:00:00,19.0,0.0,4.4,79.0
466881,2026-01-30 00:00:00,18.8,0.0,4.0,75.0
466881,2026-01-30 01:00:00,18.4,0.0,3.3,71.0
466881,2026-01-30 02:00:00,18.6,0.0,1.6,76.0
466881,2026-01-30 03:00:00,17.8,0.0,1.4,119.0
466881,2026-01-30 04:00:00,19.2,0.0,3.3,121.0
466881,2026-01-30 05:00:00,18.6,0.0,1.1,249.0
466881,2026-01-30 06:00:00,17.3,0.0,1.0,184.0
466881,2026-01-30 07:00:00,17.0,0.0,1.1,263.0
466881,2026-01-30 08:00:00,18.7,0.0,2.6,147.0
466881,2026-01-30 09:00:00,19.4,0.0,1.7,257.0
466881,2026-01-30 10:00:00,20.7,0.0,0.4,53.0
466881,2026-01-30 11:00:00,21.7,0.0,0.5,360.0
466881,2026-01-30 12:00:00,23.8,0.0,0.6,104.0
466881,2026-01-30 13:00:00,24.0,0.0,0.8,25.0
466881,2026-01-30 14:00:00,24.2,0.0,1.2,290.0
466881,2026-01-30 15:00:00,24.1,0.0,2.7,257.0
466881,2026-01-30 16:00:00,22.5,0.0,2.0,335.0
466881,2026-01-30 17:00:00,20.6,0.0,3.0,280.0
466881,2026-01-30 18:00:00,19.7,0.0,2.3,270.0
466881,2026-01-30 19:00:00,19.4,0.0,1.9,273.0
466881,2026-01-30 20:00:00,19.0,0.0,2.1,262.0
466881,2026-01-30 21:00:00,18.7,0.0,1.9,244.0
466881,2026-01-30 22:00:00,18.5,0.0,1.2,264.0
466881,2026-01-30 23:00:00,18.3,0.0,2.0,278.0
466881,2026-01-31 00:00:00,17.6,0.05,1.4,310.0
466881,2026-01-31 01:00:00,17.4,0.05,0.9,289.0
466881,2026-01-31 02:00:00,17.0,0.05,0.1,0.0
466881,2026-01-31 03:00:00,16.9,0.05,0.1,0.0
466881,2026-01-31 04:00:00,17.1,0.05,0.9,211.0
466881,2026-01-31 05:00:00,17.1,0.0,1.5,212.0
466881,2026-01-31 06:00:00,17.3,0.0,1.3,236.0
466881,2026-01-31 07:00:00,17.1,0.05,1.5,220.0
466881,2026-01-31 08:00:00,17.2,0.05,0.1,0.0
466881,2026-01-31 09:00:00,17.6,0.05,0.3,0.0
466881,2026-01-31 10:00:00,18.2,0.05,1.5,1.0
466881,2026-01-31 11:00:00,17.1,0.5,0.4,291.0
466881,2026-01-31 12:00:00,17.4,0.05,0.2,0.0
466881,2026-01-31 13:00:00,17.6,0.0,2.3,66.0
466881,2026-01-31 14:00:00,17.9,0.0,1.7,79.0
466881,2026-01-31 15:00:00,17.3,0.05,2.8,78.0
466881,2026-01-31 16:00:00,16.6,0.05,2.3,59.0
466881,2026-01-31 17:00:00,16.2,0.0,2.0,76.0
466881,2026-01-31 18:00:00,15.9,0.05,2.2,66.0
466881,2026-01-31 19:00:00,15.1,0.5,1.6,81.0
466881,2026-01-31 20:00:00,14.7,1.0,1.0,93.0
466881,2026-01-31 21:00:00,14.2,1.0,1.3,104.0
466881,2026-01-31 22:00:00,14.1,1.0,1.2,75.0
466881,2026-01-31 23:00:00,14.1,1.5,1.0,106.0
466881,2026-02-01 00:00:00,14.1,1.5,0.4,110.0
466881,2026-02-01 01:00:00,13.9,0.5,1.3,67.0
466881,2026-02-01 02:00:00,13.9,1.5,0.7,85.0
466881,2026-02-01 03:00:00,13.6,0.5,1.9,73.0
466881,2026-02-01 04:00:00,13.5,2.0,2.0,75.0
466881,2026-02-01 05:00:00,13.5,1.0,1.6,75.0
466881,2026-02-01 06:00:00,13.6,0.5,0.8,97.0
466881,2026-02-01 07:00:00,13.6,0.05,0.6,49.0
466881,2026-02-01 08:00:00,14.2,0.05,1.2,88.0
466881,2026-02-01 09:00:00,14.8,0.5,2.0,121.0
466881,2026-02-01 10:00:00,16.2,0.05,2.6,74.0
466881,2026-02-01 11:00:00,16.7,0.05,2.8,61.0
466881,2026-02-01 12:00:00,15.8,0.5,2.5,49.0
466881,2026-02-01 13:00:00,15.4,1.0,2.4,55.0
466881,2026-02-01 14:00:00,15.8,0.5,2.3,58.0
466881,2026-02-01 15:00:00,15.0,3.0,2.9,68.0
466881,2026-02-01 16:00:00,14.8,1.0,2.0,49.0
466881,2026-02-01 17:00:00,15.0,0.05,1.7,75.0
466881,2026-02-01 18:00:00,14.9,0.5,1.4,138.0
466881,2026-02-01 19:00:00,14.8,0.05,2.5,69.0
466881,2026-02-01 20:00:00,15.1,0.05,2.6,105.0
466881,2026-02-01 21:00:00,14.9,0.05,1.8,50.0
466881,2026-02-01 22:00:00,14.7,0.05,1.3,71.0
466881,2026-02-01 23:00:00,14.8,0.05,0.8,20.0
466881,2026-02-02 00:00:00,14.8,0.5,0.1,0.0
466881,2026-02-02 01:00:00,14.7,1.5,1.1,52.0
466881,2026-02-02 02:00:00,14.8,0.5,0.7,172.0
466881,2026-02-02 03:00:00,14.7,1.5,0.5,322.0
466881,2026-02-02 04:00:00,14.5,1.0,1.0,83.0
466881,2026-02-02 05:00:00,14.6,0.05,0.4,29.0
466881,2026-02-02 06:00:00,14.6,0.5,1.6,56.0
466881,2026-02-02 07:00:00,14.6,0.05,0.1,0.0
466881,2026-02-02 08:00:00,15.0,0.05,0.8,60.0
466881,2026-02-02 09:00:00,15.2,0.05,1.1,36.0
466881,2026-02-02 10:00:00,15.2,0.05,0.8,49.0
466881,2026-02-02 11:00:00,15.3,0.05,2.1,86.0
466881,2026-02-02 12:00:00,15.4,0.5,1.4,88.0
466881,2026-02-02 13:00:00,15.0,0.05,1.9,87.0
466881,2026-02-02 14:00:00,14.7,0.05,2.1,68.0
466881,2026-02-02 15:00:00,14.6,0.05,1.7,80.0
466881,2026-02-02 16:00:00,14.4,0.05,1.8,75.0
466881,2026-02-02 17:00:00,14.1,0.5,2.1,69.0
466881,2026-02-02 18:00:00,14.1,0.05,2.0,58.0
466881,2026-02-02 19:00:00,14.2,0.05,1.2,93.0
466881,2026-02-02 20:00:00,13.9,1.0,1.8,70.0
466881,2026-02-02 21:00:00,13.7,0.05,3.1,78.0
466881,2026-02-02 22:00:00,13.9,0.05,3.1,81.0
466881,2026-02-02 23:00:00,13.7,0.05,2.0,99.0
466881,2026-02-03 00:00:00,13.8,0.05,2.0,109.0
466881,2026-02-03 01:00:00,14.0,0.0,2.1,104.0
466881,2026-02-03 02:00:00,14.2,0.0,2.8,123.0
466881,2026-02-03 03:00:00,14.0,0.0,2.4,111.0
466881,2026-02-03 04:00:00,13.9,0.0,2.2,104.0
466881,2026-02-03 05:00:00,14.0,0.0,2.4,117.0
466881,2026-02-03 06:00:00,14.2,0.0,2.2,113.0
466881,2026-02-03 07:00:00,14.3,0.0,3.2,113.0
466881,2026-02-03 08:00:00,15.2,0.0,2.8,102.0
466881,2026-02-03 09:00:00,16.1,0.0,3.8,95.0
466881,2026-02-03 10:00:00,16.8,0.0,3.5,105.0
466881,2026-02-03 11:00:00,18.2,0.0,4.4,116.0
466881,2026-02-03 12:00:00,18.1,0.0,3.8,81.0
466881,2026-02-03 13:00:00,18.0,0.0,4.4,93.0
466881,2026-02-03 14:00:00,18.7,0.0,4.4,93.0
466881,2026-02-03 15:00:00,18.5,0.0,4.6,83.0
466881,2026-02-03 16:00:00,18.8,0.0,4.4,92.0
466881,2026-02-03 17:00:00,17.6,0.0,4.3,88.0
466881,2026-02-03 18:00:00,16.6,0.0,4.3,77.0
466881,2026-02-03 19:00:00,16.0,0.0,3.7,62.0
466881,2026-02-03 20:00:00,15.9,0.0,3.2,64.0
466881,2026-02-03 21:00:00,16.3,0.0,4.1,63.0
466881,2026-02-03 22:00:00,16.5,0.0,2.5,68.0
466881,2026-02-03 23:00:00,15.7,0.0,1.1,89.0
466881,2026-02-04 00:00:00,16.4,0.0,0.9,100.0
466881,2026-02-04 01:00:00,15.6,0.0,2.0,109.0
466881,2026-02-04 02:00:00,16.3,0.0,1.3,92.0
466881,2026-02-04 03:00:00,17.4,0.0,1.3,128.0
466881,2026-02-04 04:00:00,15.9,0.0,0.5,352.0
466881,2026-02-04 05:00:00,15.4,0.0,1.2,312.0
466881,2026-02-04 06:00:00,14.2,0.0,0.2,0.0
466881,2026-02-04 07:00:00,14.5,0.0,0.9,299.0
466881,2026-02-04 08:00:00,16.1,0.0,0.2,0.0
466881,2026-02-04 09:00:00,19.1,0.0,1.3,104.0
466881,2026-02-04 10:00:00,21.8,0.0,1.2,50.0
466881,2026-02-04 11:00:00,23.1,0.0,0.9,102.0
466881,2026-02-04 12:00:00,24.2,0.0,1.6,27.0
466881,2026-02-04 13:00:00,25.3,0.0,1.4,7.0
466881,2026-02-04 14:00:00,25.6,0.0,2.5,17.0
466881,2026-02-04 15:00:00,23.9,0.0,1.7,339.0
466881,2026-02-04 16:00:00,23.1,0.0,1.3,335.0
466881,2026-02-04 17:00:00,22.1,0.0,1.0,337.0
466881,2026-02-04 18:00:00,20.1,0.0,0.5,203.0
466881,2026-02-04 19:00:00,17.7,0.0,0.2,0.0
466881,2026-02-04 20:00:00,17.4,0.0,0.2,0.0
466881,2026-02-04 21:00:00,17.9,0.0,0.4,108.0
466881,2026-02-04 22:00:00,18.7,0.0,1.6,147.0
466881,2026-02-04 23:00:00,18.7,0.0,2.7,146.0
466881,2026-02-05 00:00:00,19.0,0.0,1.5,140.0
466881,2026-02-05 01:00:00,19.5,0.0,2.2,150.0
466881,2026-02-05 02:00:00,17.6,0.0,1.2,177.0
466881,2026-02-05 03:00:00,17.1,0.0,0.5,218.0
466881,2026-02-05 04:00:00,17.4,0.0,1.0,260.0
466881,2026-02-05 05:00:00,16.9,0.0,0.1,0.0
466881,2026-02-05 06:00:00,16.9,0.0,0.4,333.0
466881,2026-02-05 07:00:00,16.3,0.0,1.3,114.0
466881,2026-02-05 08:00:00,17.8,0.0,0.7,227.0
466881,2026-02-05 09:00:00,20.3,0.0,1.3,123.0
466881,2026-02-05 10:00:00,22.7,0.0,0.4,186.0
466881,2026-02-05 11:00:00,24.8,0.0,1.0,21.0
466881,2026-02-05 12:00:00,25.9,0.0,1.6,341.0
466881,2026-02-05 13:00:00,26.2,0.0,1.9,273.0
466881,2026-02-05 14:00:00,26.0,0.0,1.3,312.0
466881,2026-02-05 15:00:00,25.0,0.0,1.5,268.0
466881,2026-02-05 16:00:00,25.0,0.0,1.2,261.0
466881,2026-02-05 17:00:00,23.0,0.0,0.4,161.0
466881,2026-02-05 18:00:00,20.0,0.0,0.2,0.0
466881,2026-02-05 19:00:00,18.6,0.0,0.9,334.0
466881,2026-02-05 20:00:00,17.3,0.0,0.4,235.0
466881,2026-02-05 21:00:00,17.4,0.0,0.8,292.0
466881,2026-02-05 22:00:00,16.4,0.0,0.3,18.0
466881,2026-02-05 23:00:00,16.8,0.0,1.3,307.0
466881,2026-02-06 00:00:00,15.7,0.0,0.4,345.0
466881,2026-02-06 01:00:00,16.0,0.0,0.9,301.0
466881,2026-02-06 02:00:00,15.8,0.0,0.6,307.0
466881,2026-02-06 03:00:00,16.7,0.0,0.4,298.0
466881,2026-02-06 04:00:00,16.5,0.0,0.2,0.0
466881,2026-02-06 05:00:00,15.6,0.0,1.1,175.0
466881,2026-02-06 06:00:00,15.5,0.0,0.4,291.0
466881,2026-02-06 07:00:00,15.9,0.0,0.4,360.0
466881,2026-02-06 08:00:00,18.0,0.0,0.3,68.0
466881,2026-02-06 09:00:00,20.1,0.05,0.3,146.0
466881,2026-02-06 10:00:00,20.5,0.05,0.3,139.0
466881,2026-02-06 11:00:00,21.1,0.05,0.6,217.0
466881,2026-02-06 12:00:00,21.3,0.05,2.3,272.0
466881,2026-02-06 13:00:00,20.2,0.5,1.7,281.0
466881,2026-02-06 14:00:00,19.5,2.0,0.6,280.0
466881,2026-02-06 15:00:00,18.8,0.5,1.3,274.0
466881,2026-02-06 16:00:00,18.8,0.05,1.0,261.0
466881,2026-02-06 17:00:00,18.6,0.0,0.1,0.0
466881,2026-02-06 18:00:00,18.6,0.0,1.3,257.0
466881,2026-02-06 19:00:00,18.1,0.05,0.9,200.0
466881,2026-02-06 20:00:00,18.0,0.0,0.3,335.0
466881,2026-02-06 21:00:00,17.8,0.5,1.9,60.0
466881,2026-02-06 22:00:00,17.7,1.0,0.1,0.0
466881,2026-02-06 23:00:00,17.5,0.5,0.2,0.0
466881,2026-02-07 00:00:00,17.5,0.05,1.3,283.0
466881,2026-02-07 01:00:00,16.8,0.5,1.3,260.0
466881,2026-02-07 02:00:00,16.0,1.5,0.8,256.0
466881,2026-02-07 03:00:00,15.6,2.0,1.4,281.0
466881,2026-02-07 04:00:00,15.2,3.5,0.3,358.0
466881,2026-02-07 05:00:00,14.9,0.05,1.4,68.0
466881,2026-02-07 06:00:00,14.5,0.0,2.4,81.0
466881,2026-02-07 07:00:00,14.4,0.0,1.5,91.0
466881,2026-02-07 08:00:00,14.7,0.0,2.4,98.0
466881,2026-02-07 09:00:00,14.7,0.0,1.9,74.0
466881,2026-02-07 10:00:00,15.1,0.0,2.1,89.0
466881,2026-02-07 11:00:00,14.7,0.05,2.4,64.0
466881,2026-02-07 12:00:00,15.0,0.05,2.1,77.0
466881,2026-02-07 13:00:00,14.6,0.05,2.9,78.0
466881,2026-02-07 14:00:00,14.3,0.05,3.3,78.0
466881,2026-02-07 15:00:00,14.0,0.05,1.3,95.0
466881,2026-02-07 16:00:00,13.6,0.05,3.1,67.0
466881,2026-02-07 17:00:00,13.4,0.05,2.4,76.0
466881,2026-02-07 18:00:00,12.9,0.5,1.7,93.0
466881,2026-02-07 19:00:00,12.8,0.5,2.5,58.0
466881,2026-02-07 20:00:00,12.6,0.5,2.4,78.0
466881,2026-02-07 21:00:00,12.3,0.05,3.3,74.0
466881,2026-02-07 22:00:00,12.1,0.05,2.6,103.0
466881,2026-02-07 23:00:00,12.0,0.05,2.2,79.0
466881,2026-02-08 00:00:00,11.8,0.05,3.6,68.0
466881,2026-02-08 01:00:00,11.8,0.05,2.7,87.0
466881,2026-02-08 02:00:00,11.7,0.05,2.0,92.0
466881,2026-02-08 03:00:00,11.2,0.05,2.7,75.0
466881,2026-02-08 04:00:00,10.9,0.05,2.4,74.0
466881,2026-02-08 05:00:00,10.9,0.0,1.9,126.0
466881,2026-02-08 06:00:00,10.9,0.05,2.1,87.0
466881,2026-02-08 07:00:00,10.8,0.05,3.3,53.0
466881,2026-02-08 08:00:00,9.7,0.05,2.9,99.0
466881,2026-02-08 09:00:00,10.4,0.05,1.5,88.0
466881,2026-02-08 10:00:00,10.2,0.0,2.7,97.0
466881,2026-02-08 11:00:00,10.3,0.0,2.7,61.0
466881,2026-02-08 12:00:00,10.8,0.0,2.8,35.0
466881,2026-02-08 13:00:00,10.8,0.0,3.8,34.0
466881,2026-02-08 14:00:00,10.4,0.0,3.2,43.0
466881,2026-02-08 15:00:00,10.7,0.0,4.2,69.0
466881,2026-02-08 16:00:00,10.1,0.0,3.2,60.0
466881,2026-02-08 17:00:00,10.1,0.0,1.7,44.0
466881,2026-02-08 18:00:00,9.9,0.0,2.4,78.0
466881,2026-02-08 19:00:00,9.3,0.0,1.4,126.0
466881,2026-02-08 20:00:00,9.4,0.0,1.8,134.0
466881,2026-02-08 21:00:00,9.8,0.0,2.9,117.0
466881,2026-02-08 22:00:00,9.7,0.0,2.7,122.0
466881,2026-02-08 23:00:00,9.8,0.0,2.9,111.0
466881,2026-02-09 00:00:00,9.7,0.0,2.7,81.0
466881,2026-02-09 01:00:00,9.9,0.0,2.3,113.0
466881,2026-02-09 02:00:00,9.9,0.0,2.8,110.0
466881,2026-02-09 03:00:00,9.9,0.0,2.6,97.0
466881,2026-02-09 04:00:00,10.3,0.0,3.1,121.0
466881,2026-02-09 05:00:00,10.5,0.0,2.8,103.0
466881,2026-02-09 06:00:00,10.5,0.0,2.3,108.0
466881,2026-02-09 07:00:00,11.0,0.0,3.8,94.0
466881,2026-02-09 08:00:00,11.7,0.0,3.3,95.0
466881,2026-02-09 09:00:00,13.4,0.0,3.1,102.0
466881,2026-02-09 10:00:00,14.5,0.0,4.3,85.0
466881,2026-02-09 11:00:00,16.1,0.0,3.7,100.0
466881,2026-02-09 12:00:00,16.8,0.0,4.3,88.0
466881,2026-02-09 13:00:00,16.3,0.0,3.0,98.0
466881,2026-02-09 14:00:00,16.3,0.0,3.7,90.0
466881,2026-02-09 15:00:00,15.9,0.0,2.9,127.0
466881,2026-02-09 16:00:00,15.7,0.0,2.5,104.0
466881,2026-02-09 17:00:00,15.4,0.0,2.1,101.0
466881,2026-02-09 18:00:00,14.3,0.0,2.2,116.0
466881,2026-02-09 19:00:00,13.3,0.0,1.4,135.0
466881,2026-02-09 20:00:00,12.7,0.0,2.0,146.0
466881,2026-02-09 21:00:00,13.6,0.0,2.5,120.0
466881,2026-02-09 22:00:00,14.6,0.0,2.7,133.0
466881,2026-02-09 23:00:00,15.5,0.0,2.6,134.0
466881,2026-02-10 00:00:00,15.7,0.0,2.9,191.0
466881,2026-02-10 01:00:00,13.2,0.0,1.3,268.0
466881,2026-02-10 02:00:00,12.6,0.0,0.3,333.0
466881,2026-02-10 03:00:00,12.4,0.0,0.3,64.0
466881,2026-02-10 04:00:00,11.0,0.0,0.9,220.0
466881,2026-02-10 05:00:00,11.4,0.0,1.4,316.0
466881,2026-02-10 06:00:00,11.8,0.0,0.8,160.0
466881,2026-02-10 07:00:00,11.0,0.0,0.4,210.0
466881,2026-02-10 08:00:00,13.3,0.0,1.9,147.0
466881,2026-02-10 09:00:00,16.1,0.0,1.4,123.0
466881,2026-02-10 10:00:00,17.6,0.0,1.4,287.0
466881,2026-02-10 11:00:00,20.4,0.0,1.3,20.0
466881,2026-02-10 12:00:00,21.7,0.0,1.5,6.0
466881,2026-02-10 13:00:00,22.8,0.0,2.3,310.0
466881,2026-02-10 14:00:00,21.9,0.0,2.2,33.0
466881,2026-02-10 15:00:00,21.9,0.0,1.8,305.0
466881,2026-02-10 16:00:00,21.4,0.0,2.2,311.0
466881,2026-02-10 17:00:00,20.4,0.0,0.5,134.0
466881,2026-02-10 18:00:00,17.2,0.0,0.8,149.0
466881,2026-02-10 19:00:00,16.5,0.0,0.3,255.0
466881,2026-02-10 20:00:00,14.0,0.0,0.7,13.0
466881,2026-02-10 21:00:00,13.2,0.0,0.4,15.0
466881,2026-02-10 22:00:00,14.4,0.0,0.7,360.0
466881,2026-02-10 23:00:00,15.1,0.0,2.0,127.0
466881,2026-02-11 00:00:00,14.5,0.0,0.8,45.0
466881,2026-02-11 01:00:00,14.5,0.0,0.9,339.0
466881,2026-02-11 02:00:00,14.0,0.0,0.4,322.0
466881,2026-02-11 03:00:00,14.1,0.0,0.2,0.0
466881,2026-02-11 04:00:00,14.1,0.0,0.3,290.0
466881,2026-02-11 05:00:00,13.6,0.0,0.1,0.0
466881,2026-02-11 06:00:00,13.4,0.0,0.1,0.0
466881,2026-02-11 07:00:00,13.0,0.0,0.5,176.0
466881,2026-02-11 08:00:00,14.3,0.0,0.7,139.0
466881,2026-02-11 09:00:00,18.3,0.0,1.4,94.0
466881,2026-02-11 10:00:00,19.5,0.0,0.8,338.0
466881,2026-02-11 11:00:00,21.6,0.0,1.7,88.0
466881,2026-02-11 12:00:00,18.1,0.0,3.8,58.0
466881,2026-02-11 13:00:00,17.6,0.0,3.4,60.0
466881,2026-02-11 14:00:00,16.3,0.05,2.0,71.0
466881,2026-02-11 15:00:00,16.4,0.05,1.7,98.0
466881,2026-02-11 16:00:00,15.8,0.05,1.9,51.0
466881,2026-02-11 17:00:00,15.8,0.05,2.0,69.0
466881,2026-02-11 18:00:00,15.5,0.05,2.9,62.0
466881,2026-02-11 19:00:00,15.1,0.05,1.1,83.0
466881,2026-02-11 20:00:00,15.4,0.0,1.7,57.0
466881,2026-02-11 21:00:00,15.7,0.0,2.0,97.0
466881,2026-02-11 22:00:00,15.7,0.0,1.0,101.0
466881,2026-02-11 23:00:00,15.5,0.0,2.2,53.0
466881,2026-02-12 00:00:00,15.1,0.0,1.4,54.0
466881,2026-02-12 01:00:00,15.0,0.0,2.1,70.0
466881,2026-02-12 02:00:00,15.4,0.0,2.2,115.0
466881,2026-02-12 03:00:00,15.4,0.0,2.2,86.0
466881,2026-02-12 04:00:00,15.2,0.0,2.4,122.0
466881,2026-02-12 05:00:00,15.2,0.0,2.1,130.0
466881,2026-02-12 06:00:00,15.1,0.0,2.7,133.0
466881,2026-02-12 07:00:00,14.9,0.0,2.1,132.0
466881,2026-02-12 08:00:00,17.0,0.0,2.6,84.0
466881,2026-02-12 09:00:00,19.1,0.0,3.3,75.0
466881,2026-02-12 10:00:00,20.9,0.0,2.8,87.0
466881,2026-02-12 11:00:00,20.9,0.0,3.4,76.0
466881,2026-02-12 12:00:00,21.5,0.0,3.9,53.0
466881,2026-02-12 13:00:00,21.2,0.0,4.7,62.0
466881,2026-02-12 14:00:00,21.2,0.0,4.4,55.0
466881,2026-02-12 15:00:00,20.6,0.0,4.3,57.0
466881,2026-02-12 16:00:00,21.6,0.0,2.8,92.0
466881,2026-02-12 17:00:00,19.9,0.0,2.4,91.0
466881,2026-02-12 18:00:00,18.0,0.0,3.1,76.0
466881,2026-02-12 19:00:00,17.7,0.0,3.0,63.0
466881,2026-02-12 20:00:00,17.6,0.0,4.0,60.0
466881,2026-02-12 21:00:00,17.3,0.0,1.8,72.0
466881,2026-02-12 22:00:00,16.1,0.0,0.5,130.0
466881,2026-02-12 23:00:00,14.8,0.0,1.9,112.0
466881,2026-02-13 00:00:00,14.4,0.0,1.4,104.0
466881,2026-02-13 01:00:00,14.6,0.0,1.2,95.0
466881,2026-02-13 02:00:00,14.0,0.0,1.1,93.0
466881,2026-02-13 03:00:00,14.7,0.0,1.8,104.0
466881,2026-02-13 04:00:00,14.5,0.0,1.4,284.0
466881,2026-02-13 05:00:00,12.7,0.0,0.2,0.0
466881,2026-02-13 06:00:00,13.3,0.0,1.1,313.0
466881,2026-02-13 07:00:00,14.9,0.0,1.7,138.0
466881,2026-02-13 08:00:00,17.2,0.0,1.3,151.0
466881,2026-02-13 09:00:00,20.4,0.0,3.6,148.0
466881,2026-02-13 10:00:00,22.8,0.0,0.8,89.0
466881,2026-02-13 11:00:00,24.4,0.0,0.7,34.0
466881,2026-02-13 12:00:00,26.1,0.0,1.5,272.0
466881,2026-02-13 13:00:00,26.4,0.0,2.2,342.0
466881,2026-02-13 14:00:00,26.6,0.0,1.8,284.0
466881,2026-02-13 15:00:00,26.9,0.0,2.5,275.0
466881,2026-02-13 16:00:00,25.6,0.0,1.7,357.0
466881,2026-02-13 17:00:00,23.5,0.0,1.3,336.0
466881,2026-02-13 18:00:00,20.8,0.0,0.4,314.0
466881,2026-02-13 19:00:00,17.8,0.0,0.8,174.0
466881,2026-02-13 20:00:00,17.5,0.0,1.5,128.0
466881,2026-02-13 21:00:00,17.7,0.0,2.5,127.0
466881,2026-02-13 22:00:00,18.4,0.0,2.6,146.0
466881,2026-02-13 23:00:00,18.1,0.0,2.9,137.0
466881,2026-02-14 00:00:00,16.3,0.0,0.7,236.0
466881,2026-02-14 01:00:00,15.1,0.0,0.4,285.0
466881,2026-02-14 02:00:00,14.3,0.0,0.6,226.0
466881,2026-02-14 03:00:00,13.7,0.0,0.3,245.0
466881,2026-02-14 04:00:00,13.0,0.0,0.8,210.0
466881,2026-02-14 05:00:00,13.1,0.0,0.2,0.0
466881,2026-02-14 06:00:00,13.1,0.0,0.4,326.0
466881,2026-02-14 07:00:00,14.3,0.0,1.3,309.0
466881,2026-02-14 08:00:00,16.6,0.0,0.4,290.0
466881,2026-02-14 09:00:00,19.5,0.0,0.9,89.0
466881,2026-02-14 10:00:00,22.5,0.0,1.0,102.0
466881,2026-02-14 11:00:00,24.9,0.0,1.5,58.0
466881,2026-02-14 12:00:00,26.8,0.0,0.8,269.0
466881,2026-02-14 13:00:00,28.1,0.0,1.2,336.0
466881,2026-02-14 14:00:00,27.3,0.0,2.9,349.0
466881,2026-02-14 15:00:00,25.9,0.0,2.1,303.0
466881,2026-02-14 16:00:00,25.3,0.0,1.1,33.0
466881,2026-02-14 17:00:00,23.9,0.0,0.2,0.0
466881,2026-02-14 18:00:00,20.4,0.0,0.6,204.0
466881,2026-02-14 19:00:00,19.0,0.0,0.4,48.0
466881,2026-02-14 20:00:00,18.3,0.0,0.6,31.0
466881,2026-02-14 21:00:00,17.2,0.0,0.3,301.0
466881,2026-02-14 22:00:00,16.4,0.0,0.2,0.0
466881,2026-02-14 23:00:00,15.8,0.0,0.3,308.0
466881,2026-02-15 00:00:00,16.1,0.0,0.4,292.0
466881,2026-02-15 01:00:00,15.2,0.0,0.3,350.0
466881,2026-02-15 02:00:00,14.9,0.0,0.4,304.0
466881,2026-02-15 03:00:00,14.6,0.0,0.3,333.0
466881,2026-02-15 04:00:00,14.4,0.0,0.3,297.0
466881,2026-02-15 05:00:00,14.8,0.0,0.5,5.0
466881,2026-02-15 06:00:00,14.8,0.0,0.8,321.0
466881,2026-02-15 07:00:00,15.5,0.0,1.4,304.0
466881,2026-02-15 08:00:00,18.7,0.0,0.7,112.0
466881,2026-02-15 09:00:00,21.6,0.0,1.9,133.0
466881,2026-02-15 10:00:00,24.5,0.0,1.6,116.0
466881,2026-02-15 11:00:00,26.2,0.0,1.6,35.0
466881,2026-02-15 12:00:00,27.2,0.0,1.6,337.0
466881,2026-02-15 13:00:00,27.8,0.0,0.7,327.0
466881,2026-02-15 14:00:00,29.1,0.0,1.4,287.0
466881,2026-02-15 15:00:00,27.5,0.0,1.3,348.0
466881,2026-02-15 16:00:00,26.7,0.0,1.5,302.0
466881,2026-02-15 17:00:00,25.7,0.0,1.4,277.0
466881,2026-02-15 18:00:00,22.2,0.0,0.4,270.0
466881,2026-02-15 19:00:00,20.5,0.0,0.1,0.0
466881,2026-02-15 20:00:00,19.8,0.0,0.1,0.0
466881,2026-02-15 21:00:00,18.8,0.0,0.9,119.0
466881,2026-02-15 22:00:00,18.7,0.0,1.2,124.0
466881,2026-02-15 23:00:00,19.3,0.0,1.7,131.0
466881,2026-02-16 00:00:00,18.1,0.0,1.6,307.0
466881,2026-02-16 01:00:00,18.1,0.0,1.2,240.0
466881,2026-02-16 02:00:00,18.0,0.0,3.3,269.0
466881,2026-02-16 03:00:00,17.9,0.0,1.5,295.0
466881,2026-02-16 04:00:00,17.6,0.0,0.9,198.0
466881,2026-02-16 05:00:00,15.7,0.0,0.5,224.0
466881,2026-02-16 06:00:00,16.2,0.0,0.2,0.0
466881,2026-02-16 07:00:00,15.6,0.0,0.2,0.0
466881,2026-02-16 08:00:00,17.9,0.0,0.5,105.0
466881,2026-02-16 09:00:00,19.3,0.0,2.1,257.0
466881,2026-02-16 10:00:00,19.9,0.0,1.0,301.0
466881,2026-02-16 11:00:00,21.3,0.0,1.6,325.0
466881,2026-02-16 12:00:00,23.1,0.0,2.3,328.0
466881,2026-02-16 13:00:00,24.8,0.0,2.7,252.0
466881,2026-02-16 14:00:00,21.2,0.0,2.4,293.0
466881,2026-02-16 15:00:00,20.2,0.0,1.7,323.0
466881,2026-02-16 16:00:00,19.2,0.05,3.3,79.0
466881,2026-02-16 17:00:00,18.1,0.0,2.2,70.0
466881,2026-02-16 18:00:00,17.5,0.05,2.5,83.0
466881,2026-02-16 19:00:00,17.2,0.05,2.0,80.0
466881,2026-02-16 20:00:00,17.1,0.05,2.5,65.0
466881,2026-02-16 21:00:00,16.7,0.05,3.0,63.0
466881,2026-02-16 22:00:00,16.4,0.05,3.0,67.0
466881,2026-02-16 23:00:00,16.3,0.05,1.9,56.0
466881,2026-02-17 00:00:00,16.1,0.05,1.8,61.0
466881,2026-02-17 01:00:00,15.9,0.05,1.5,64.0
466881,2026-02-17 02:00:00,15.7,0.05,1.5,75.0
466881,2026-02-17 03:00:00,15.3,0.05,1.1,81.0
466881,2026-02-17 04:00:00,14.9,0.05,2.5,92.0
466881,2026-02-17 05:00:00,14.7,0.05,2.0,94.0
466881,2026-02-17 06:00:00,14.8,0.05,2.7,59.0
466881,2026-02-17 07:00:00,14.6,1.0,1.8,60.0
466881,2026-02-17 08:00:00,14.8,0.05,1.4,58.0
466881,2026-02-17 09:00:00,15.4,0.05,1.1,49.0
466881,2026-02-17 10:00:00,15.5,0.05,2.1,64.0
466881,2026-02-17 11:00:00,15.3,0.05,2.4,52.0
466881,2026-02-17 12:00:00,15.7,0.05,3.0,61.0
466881,2026-02-17 13:00:00,15.4,0.05,2.3,72.0
466881,2026-02-17 14:00:00,15.2,0.05,3.5,63.0
466881,2026-02-17 15:00:00,15.2,0.05,2.6,69.0
466881,2026-02-17 16:00:00,15.0,0.05,3.0,56.0
466881,2026-02-17 17:00:00,15.1,0.0,2.7,52.0
466881,2026-02-17 18:00:00,15.0,0.0,1.8,51.0
466881,2026-02-17 19:00:00,14.9,0.0,2.6,67.0
466881,2026-02-17 20:00:00,14.5,0.05,2.3,75.0
466881,2026-02-17 21:00:00,14.0,0.05,2.6,67.0
466881,2026-02-17 22:00:00,13.9,0.05,2.0,76.0
466881,2026-02-17 23:00:00,13.7,0.5,3.0,67.0
466881,2026-02-18 00:00:00,13.7,0.05,2.7,70.0
466881,2026-02-18 01:00:00,13.8,0.05,1.1,34.0
466881,2026-02-18 02:00:00,13.8,0.05,0.9,84.0
466881,2026-02-18 03:00:00,13.7,0.5,2.0,88.0
466881,2026-02-18 04:00:00,13.7,0.05,1.5,107.0
466881,2026-02-18 05:00:00,13.5,0.05,1.8,91.0
466881,2026-02-18 06:00:00,12.9,0.05,3.2,65.0
466881,2026-02-18 07:00:00,12.7,0.0,2.5,99.0
466881,2026-02-18 08:00:00,13.2,0.0,1.9,95.0
466881,2026-02-18 09:00:00,13.7,0.0,2.7,91.0
466881,2026-02-18 10:00:00,14.5,0.0,2.4,98.0
466881,2026-02-18 11:00:00,14.3,0.0,3.6,71.0
466881,2026-02-18 12:00:00,14.4,0.0,2.1,98.0
466881,2026-02-18 13:00:00,14.9,0.0,2.5,107.0
466881,2026-02-18 14:00:00,14.6,0.0,2.1,97.0
466881,2026-02-18 15:00:00,14.7,0.0,1.9,85.0
466881,2026-02-18 16:00:00,14.4,0.0,2.2,89.0
466881,2026-02-18 17:00:00,14.2,0.0,2.3,126.0
466881,2026-02-18 18:00:00,13.9,0.0,1.8,120.0
466881,2026-02-18 19:00:00,14.0,0.0,2.3,109.0
466881,2026-02-18 20:00:00,14.3,0.0,2.8,92.0
466881,2026-02-18 21:00:00,14.6,0.0,3.1,108.0
466881,2026-02-18 22:00:00,14.8,0.0,4.0,115.0
466881,2026-02-18 23:00:00,14.6,0.0,3.9,89.0
466881,2026-02-19 00:00:00,14.7,0.0,3.3,101.0
466881,2026-02-19 01:00:00,14.8,0.0,2.9,94.0
466881,2026-02-19 02:00:00,14.8,0.0,4.0,75.0
466881,2026-02-19 03:00:00,15.4,0.0,4.2,84.0
466881,2026-02-19 04:00:00,15.3,0.0,3.1,79.0
466881,2026-02-19 05:00:00,15.9,0.0,3.6,69.0
466881,2026-02-19 06:00:00,15.7,0.05,2.6,75.0
466881,2026-02-19 07:00:00,15.9,0.0,2.5,70.0
466881,2026-02-19 08:00:00,16.5,0.0,1.7,68.0
466881,2026-02-19 09:00:00,17.2,0.0,0.8,127.0
466881,2026-02-19 10:00:00,17.9,0.0,1.2,77.0
466881,2026-02-19 11:00:00,18.9,0.0,2.9,61.0
466881,2026-02-19 12:00:00,19.3,0.0,3.1,57.0
466881,2026-02-19 13:00:00,19.1,0.0,3.4,56.0
466881,2026-02-19 14:00:00,22.0,0.0,3.5,102.0
466881,2026-02-19 15:00:00,22.0,0.0,4.1,104.0
466881,2026-02-19 16:00:00,20.4,0.0,2.6,109.0
466881,2026-02-19 17:00:00,19.7,0.0,1.8,110.0
466881,2026-02-19 18:00:00,18.3,0.0,1.1,153.0
466881,2026-02-19 19:00:00,17.2,0.0,1.0,93.0
466881,2026-02-19 20:00:00,15.7,0.0,1.3,118.0
466881,2026-02-19 21:00:00,16.0,0.0,0.6,110.0
466881,2026-02-19 22:00:00,14.7,0.0,0.9,188.0
466881,2026-02-19 23:00:00,13.6,0.0,0.5,150.0
466881,2026-02-20 00:00:00,13.5,0.0,0.3,265.0
466881,2026-02-20 01:00:00,13.6,0.0,1.1,202.0
466881,2026-02-20 02:00:00,13.9,0.0,0.4,261.0
466881,2026-02-20 03:00:00,14.8,0.05,0.9,342.0
466881,2026-02-20 04:00:00,15.0,0.05,0.2,0.0
466881,2026-02-20 05:00:00,15.1,0.5,0.6,302.0
466881,2026-02-20 06:00:00,15.1,0.05,0.2,0.0
466881,2026-02-20 07:00:00,15.5,0.5,0.6,208.0
466881,2026-02-20 08:00:00,15.6,0.05,0.2,0.0
466881,2026-02-20 09:00:00,16.0,0.05,1.3,268.0
466881,2026-02-20 10:00:00,16.8,0.0,1.3,247.0
466881,2026-02-20 11:00:00,17.5,0.05,0.6,279.0
466881,2026-02-20 12:00:00,17.9,0.0,0.9,23.0
466881,2026-02-20 13:00:00,18.2,0.0,0.8,91.0
466881,2026-02-20 14:00:00,18.9,0.0,0.4,150.0
466881,2026-02-20 15:00:00,18.7,0.0,1.7,51.0
466881,2026-02-20 16:00:00,18.3,0.0,1.8,59.0
466881,2026-02-20 17:00:00,17.5,0.0,1.9,57.0
466881,2026-02-20 18:00:00,16.9,0.0,1.1,70.0
466881,2026-02-20 19:00:00,16.5,0.0,0.7,71.0
466881,2026-02-20 20:00:00,15.8,0.0,0.8,103.0
466881,2026-02-20 21:00:00,15.4,0.0,1.0,108.0
466881,2026-02-20 22:00:00,15.5,0.0,0.9,96.0
466881,2026-02-20 23:00:00,15.1,0.0,1.2,97.0
466881,2026-02-21 00:00:00,14.5,0.0,1.2,97.0
466881,2026-02-21 01:00:00,13.8,0.0,1.2,96.0
466881,2026-02-21 02:00:00,14.0,0.0,1.0,85.0
466881,2026-02-21 03:00:00,13.4,0.0,0.5,270.0
466881,2026-02-21 04:00:00,13.2,0.0,0.3,0.0
466881,2026-02-21 05:00:00,12.5,0.0,0.4,225.0
466881,2026-02-21 06:00:00,12.6,0.0,0.3,0.0
466881,2026-02-21 07:00:00,12.8,0.0,0.5,328.0
466881,2026-02-21 08:00:00,15.9,0.0,0.3,336.0
466881,2026-02-21 09:00:00,19.4,0.0,0.4,328.0
466881,2026-02-21 10:00:00,21.0,0.0,1.1,26.0
466881,2026-02-21 11:00:00,22.8,0.0,0.8,44.0
466881,2026-02-21 12:00:00,23.6,0.0,1.1,5.0
466881,2026-02-21 13:00:00,25.5,0.0,1.2,338.0
466881,2026-02-21 14:00:00,25.7,0.0,1.3,47.0
466881,2026-02-21 15:00:00,24.8,0.0,2.7,298.0
466881,2026-02-21 16:00:00,23.5,0.0,1.9,302.0
466881,2026-02-21 17:00:00,22.2,0.0,0.8,332.0
466881,2026-02-21 18:00:00,21.0,0.0,0.3,337.0
466881,2026-02-21 19:00:00,20.6,0.0,0.5,305.0
466881,2026-02-21 20:00:00,18.6,0.0,0.6,190.0
466881,2026-02-21 21:00:00,17.2,0.0,0.9,214.0
466881,2026-02-21 22:00:00,16.3,0.0,0.3,161.0
466881,2026-02-21 23:00:00,16.2,0.0,0.3,208.0
466881,2026-02-22 00:00:00,15.1,0.0,0.3,305.0
466881,2026-02-22 01:00:00,14.7,0.0,0.2,0.0
466881,2026-02-22 02:00:00,14.4,0.0,0.4,358.0
466881,2026-02-22 03:00:00,14.5,0.0,0.1,0.0
466881,2026-02-22 04:00:00,14.4,0.0,0.4,345.0
466881,2026-02-22 05:00:00,15.2,0.0,1.0,327.0
466881,2026-02-22 06:00:00,14.0,0.0,0.5,276.0
466881,2026-02-22 07:00:00,14.2,0.0,0.9,316.0
466881,2026-02-22 08:00:00,17.1,0.0,0.7,326.0
466881,2026-02-22 09:00:00,19.4,0.0,0.9,147.0
466881,2026-02-22 10:00:00,22.6,0.0,0.4,150.0
466881,2026-02-22 11:00:00,24.6,0.0,1.3,326.0
466881,2026-02-22 12:00:00,26.0,0.0,1.2,26.0
466881,2026-02-22 13:00:00,26.1,0.0,2.6,340.0
466881,2026-02-22 14:00:00,26.4,0.0,0.6,77.0
466881,2026-02-22 15:00:00,27.0,0.0,1.1,60.0
466881,2026-02-22 16:00:00,27.1,0.0,0.8,83.0
466881,2026-02-22 17:00:00,24.2,0.0,2.4,164.0
466881,2026-02-22 18:00:00,21.4,0.0,2.7,50.0
466881,2026-02-22 19:00:00,19.8,0.0,0.6,20.0
466881,2026-02-22 20:00:00,19.7,0.0,2.8,62.0
466881,2026-02-22 21:00:00,19.4,0.0,2.4,59.0
466881,2026-02-22 22:00:00,19.3,0.0,2.5,69.0
466881,2026-02-22 23:00:00,19.5,0.0,3.2,61.0
466881,2026-02-23 00:00:00,19.8,0.0,2.7,41.0
466881,2026-02-23 01:00:00,19.9,0.0,3.0,51.0
466881,2026-02-23 02:00:00,19.1,0.0,2.3,77.0
466881,2026-02-23 03:00:00,18.3,0.0,0.6,78.0
466881,2026-02-23 04:00:00,19.1,0.0,3.0,54.0
466881,2026-02-23 05:00:00,17.5,0.0,0.7,164.0
466881,2026-02-23 06:00:00,18.4,0.0,1.4,105.0
466881,2026-02-23 07:00:00,18.7,0.0,2.6,76.0
466881,2026-02-23 08:00:00,21.6,0.0,3.3,64.0
466881,2026-02-23 09:00:00,24.8,0.0,3.6,92.0
466881,2026-02-23 10:00:00,25.9,0.0,4.3,79.0
466881,2026-02-23 11:00:00,26.4,0.0,6.3,101.0
466881,2026-02-23 12:00:00,27.9,0.0,4.3,110.0
466881,2026-02-23 13:00:00,28.6,0.0,3.7,122.0
466881,2026-02-23 14:00:00,28.6,0.0,4.0,129.0
466881,2026-02-23 15:00:00,27.9,0.0,3.2,115.0
466881,2026-02-23 16:00:00,27.1,0.0,4.1,126.0
466881,2026-02-23 17:00:00,25.3,0.0,3.6,123.0
466881,2026-02-23 18:00:00,23.8,0.0,3.3,129.0
466881,2026-02-23 19:00:00,23.5,0.0,3.6,127.0
466881,2026-02-23 20:00:00,23.2,0.0,2.7,133.0
466881,2026-02-23 21:00:00,22.8,0.0,2.6,141.0
466881,2026-02-23 22:00:00,22.6,0.0,2.9,148.0
466881,2026-02-23 23:00:00,22.5,0.0,3.9,160.0
466881,2026-02-24 00:00:00,22.1,0.0,1.4,205.0
466881,2026-02-24 01:00:00,21.5,0.0,3.2,248.0
466881,2026-02-24 02:00:00,20.5,0.0,1.8,236.0
466881,2026-02-24 03:00:00,18.9,0.0,0.5,182.0
466881,2026-02-24 04:00:00,18.1,0.0,1.0,139.0
466881,2026-02-24 05:00:00,18.1,0.0,0.5,129.0
466881,2026-02-24 06:00:00,18.1,0.0,1.2,213.0
466881,2026-02-24 07:00:00,18.3,0.05,0.6,132.0
466881,2026-02-24 08:00:00,20.0,0.0,1.0,313.0
466881,2026-02-24 09:00:00,22.3,0.0,0.8,64.0
466881,2026-02-24 10:00:00,22.9,0.0,0.7,111.0
466881,2026-02-24 11:00:00,23.4,0.0,0.8,36.0
466881,2026-02-24 12:00:00,24.2,0.0,0.3,137.0
466881,2026-02-24 13:00:00,24.4,0.0,0.9,307.0
466881,2026-02-24 14:00:00,25.3,0.0,1.4,295.0
466881,2026-02-24 15:00:00,24.9,0.0,0.7,9.0
466881,2026-02-24 16:00:00,24.1,0.05,1.7,255.0
466881,2026-02-24 17:00:00,22.3,0.05,0.7,261.0
466881,2026-02-24 18:00:00,21.6,0.05,1.1,225.0
466881,2026-02-24 19:00:00,21.0,0.05,0.3,211.0
466881,2026-02-24 20:00:00,20.1,0.0,1.0,152.0
466881,2026-02-24 21:00:00,19.9,0.0,0.5,188.0
466881,2026-02-24 22:00:00,19.8,0.0,0.0,0.0
466881,2026-02-24 23:00:00,19.9,0.05,0.1,0.0
466881,2026-02-25 00:00:00,20.0,0.05,0.4,195.0
466881,2026-02-25 01:00:00,19.7,0.0,2.2,41.0
466881,2026-02-25 02:00:00,18.8,0.0,1.6,65.0
466881,2026-02-25 03:00:00,18.1,0.05,2.4,55.0
466881,2026-02-25 04:00:00,17.8,0.05,2.5,57.0
466881,2026-02-25 05:00:00,17.5,0.05,1.7,53.0
466881,2026-02-25 06:00:00,17.5,0.05,1.5,54.0
466881,2026-02-25 07:00:00,17.0,0.5,1.9,74.0
466881,2026-02-25 08:00:00,17.4,1.5,2.0,65.0
466881,2026-02-25 09:00:00,17.7,0.0,2.5,46.0
466881,2026-02-25 10:00:00,17.9,0.0,3.1,72.0
466881,2026-02-25 11:00:00,18.3,0.0,3.6,54.0
466881,2026-02-25 12:00:00,18.5,0.0,3.4,59.0
466881,2026-02-25 13:00:00,18.3,0.0,2.2,62.0
466881,2026-02-25 14:00:00,18.2,0.0,3.1,63.0
466881,2026-02-25 15:00:00,18.3,0.0,2.4,50.0
466881,2026-02-25 16:00:00,18.3,0.0,3.2,56.0
466881,2026-02-25 17:00:00,18.1,0.0,2.5,65.0
466881,2026-02-25 18:00:00,18.0,0.0,2.6,67.0
466881,2026-02-25 19:00:00,18.2,0.0,2.1,71.0
466881,2026-02-25 20:00:00,18.6,0.0,3.0,86.0
466881,2026-02-25 21:00:00,18.5,0.0,3.9,74.0
466881,2026-02-25 22:00:00,18.5,0.0,4.2,71.0
466881,2026-02-25 23:00:00,18.6,0.0,3.9,70.0
466881,2026-02-26 00:00:00,18.5,0.0,2.5,73.0
466881,2026-02-26 01:00:00,18.4,0.0,3.2,66.0
466881,2026-02-26 02:00:00,18.0,0.0,2.7,74.0
466881,2026-02-26 03:00:00,18.0,0.0,1.5,86.0
466881,2026-02-26 04:00:00,18.3,0.0,2.3,67.0
466881,2026-02-26 05:00:00,18.5,0.0,2.0,68.0
466881,2026-02-26 06:00:00,18.4,0.0,1.3,98.0
466881,2026-02-26 07:00:00,18.0,0.0,0.4,95.0
466881,2026-02-26 08:00:00,19.3,0.0,0.6,130.0
466881,2026-02-26 09:00:00,21.3,0.0,1.3,78.0
466881,2026-02-26 10:00:00,22.6,0.0,3.0,52.0
466881,2026-02-26 11:00:00,24.0,0.0,1.8,25.0
466881,2026-02-26 12:00:00,23.8,0.0,1.8,318.0
466881,2026-02-26 13:00:00,24.2,0.0,1.1,339.0
466881,2026-02-26 14:00:00,23.8,0.0,1.0,11.0
466881,2026-02-26 15:00:00,23.7,0.0,1.0,334.0
466881,2026-02-26 16:00:00,23.0,0.0,0.3,25.0
466881,2026-02-26 17:00:00,22.4,0.0,0.1,0.0
466881,2026-02-26 18:00:00,22.4,0.0,1.2,287.0
466881,2026-02-26 19:00:00,21.9,0.0,1.3,272.0
466881,2026-02-26 20:00:00,21.4,0.0,1.9,280.0
466881,2026-02-26 21:00:00,21.1,0.0,1.6,271.0
466881,2026-02-26 22:00:00,20.4,0.05,1.1,269.0
466881,2026-02-26 23:00:00,20.3,0.05,1.3,292.0
466881,2026-02-27 00:00:00,19.9,0.05,0.0,0.0
466881,2026-02-27 01:00:00,19.4,0.05,0.2,0.0
466881,2026-02-27 02:00:00,19.5,0.0,0.0,0.0
466881,2026-02-27 03:00:00,19.2,2.0,0.2,0.0
466881,2026-02-27 04:00:00,19.2,4.0,1.9,291.0
466881,2026-02-27 05:00:00,18.9,6.5,0.8,360.0
466881,2026-02-27 06:00:00,18.8,2.0,1.4,247.0
466881,2026-02-27 07:00:00,18.6,1.0,0.5,343.0
466881,2026-02-27 08:00:00,18.8,1.0,0.8,198.0
466881,2026-02-27 09:00:00,18.8,1.5,0.3,131.0
466881,2026-02-27 10:00:00,20.0,0.5,0.6,91.0
466881,2026-02-27 11:00:00,23.2,0.0,1.0,50.0
466881,2026-02-27 12:00:00,25.5,0.0,3.8,292.0
466881,2026-02-27 13:00:00,25.1,0.0,3.1,288.0
466881,2026-02-27 14:00:00,25.6,0.0,4.0,288.0
466881,2026-02-27 15:00:00,22.7,0.0,2.0,354.0
466881,2026-02-27 16:00:00,21.7,0.0,1.9,34.0
466881,2026-02-27 17:00:00,20.7,0.0,1.0,5.0
466881,2026-02-27 18:00:00,19.2,0.0,2.7,48.0
466881,2026-02-27 19:00:00,18.5,0.05,3.7,63.0
466881,2026-02-27 20:00:00,18.1,0.05,3.8,75.0
466881,2026-02-27 21:00:00,18.1,0.05,1.3,96.0
466881,2026-02-27 22:00:00,18.0,0.05,1.5,66.0
466881,2026-02-27 23:00:00,18.0,0.05,2.0,85.0
466881,2026-02-28 00:00:00,18.0,0.0,2.5,67.0
466881,2026-02-28 01:00:00,17.5,0.0,2.2,69.0
466881,2026-02-28 02:00:00,17.7,0.0,2.3,74.0
466881,2026-02-28 03:00:00,18.1,0.0,1.5,91.0
466881,2026-02-28 04:00:00,18.0,0.0,0.9,76.0
466881,2026-02-28 05:00:00,17.9,0.0,1.5,69.0
466881,2026-02-28 06:00:00,17.8,0.0,1.4,106.0
466881,2026-02-28 07:00:00,18.2,0.0,2.4,109.0
466881,2026-02-28 08:00:00,19.1,0.0,1.9,85.0
466881,2026-02-28 09:00:00,20.2,0.0,2.3,85.0
466881,2026-02-28 10:00:00,20.4,0.0,2.9,73.0
466881,2026-02-28 11:00:00,21.6,0.0,4.3,64.0
466881,2026-02-28 12:00:00,21.9,0.0,4.6,59.0
466881,2026-02-28 13:00:00,21.3,0.0,3.4,59.0
466881,2026-02-28 14:00:00,20.8,0.05,3.8,60.0
466881,2026-02-28 15:00:00,21.2,0.05,3.3,68.0
466881,2026-02-28 16:00:00,20.3,0.05,4.1,59.0
466881,2026-02-28 17:00:00,19.9,0.05,2.4,65.0
466881,2026-02-28 18:00:00,19.6,0.05,3.6,66.0
466881,2026-02-28 19:00:00,19.6,0.05,1.9,61.0
466881,2026-02-28 20:00:00,19.2,0.0,0.6,115.0
466881,2026-02-28 21:00:00,19.5,0.0,0.4,35.0
466881,2026-02-28 22:00:00,19.2,0.0,0.1,0.0
466881,2026-02-28 23:00:00,19.4,0.05,1.1,131.0
466881,2026-03-01 00:00:00,19.2,0.05,0.9,122.0
466881,2026-03-01 01:00:00,18.9,0.05,0.8,103.0
466881,2026-03-01 02:00:00,18.8,0.5,0.2,0.0
466881,2026-03-01 03:00:00,18.7,0.5,1.7,127.0
466881,2026-03-01 04:00:00,18.6,0.05,0.1,0.0
466881,2026-03-01 05:00:00,18.7,1.0,0.7,199.0
466881,2026-03-01 06:00:00,18.5,1.0,0.4,98.0
466881,2026-03-01 07:00:00,18.7,1.0,1.9,116.0
466881,2026-03-01 08:00:00,19.3,1.0,1.7,108.0
466881,2026-03-01 09:00:00,20.2,1.0,2.7,147.0
466881,2026-03-01 10:00:00,22.6,0.0,3.1,119.0
466881,2026-03-01 11:00:00,25.3,0.0,2.4,159.0
466881,2026-03-01 12:00:00,28.2,0.0,2.0,104.0
466881,2026-03-01 13:00:00,26.9,0.0,3.1,100.0
466881,2026-03-01 14:00:00,27.1,0.0,2.0,107.0
466881,2026-03-01 15:00:00,27.1,0.0,2.8,117.0
466881,2026-03-01 16:00:00,26.2,0.0,1.7,227.0
466881,2026-03-01 17:00:00,25.0,0.0,0.8,341.0
466881,2026-03-01 18:00:00,24.1,0.0,1.2,266.0
466881,2026-03-01 19:00:00,22.9,0.0,0.4,292.0
466881,2026-03-01 20:00:00,22.4,0.0,0.3,0.0
466881,2026-03-01 21:00:00,22.2,0.0,0.8,277.0
466881,2026-03-01 22:00:00,21.9,0.0,0.0,0.0
466881,2026-03-01 23:00:00,21.9,0.0,0.0,0.0
466881,2026-03-02 00:00:00,22.0,0.05,1.5,277.0
466881,2026-03-02 01:00:00,20.9,0.5,1.1,278.0
466881,2026-03-02 02:00:00,20.4,0.0,0.8,244.0
466881,2026-03-02 03:00:00,20.0,0.05,0.5,182.0
466881,2026-03-02 04:00:00,19.8,0.0,1.1,138.0
466881,2026-03-02 05:00:00,19.1,0.0,0.9,101.0
466881,2026-03-02 06:00:00,18.7,0.0,0.6,83.0
466881,2026-03-02 07:00:00,18.9,0.0,0.1,0.0
466881,2026-03-02 08:00:00,21.2,0.0,0.7,295.0
466881,2026-03-02 09:00:00,22.7,0.0,0.4,178.0
466881,2026-03-02 10:00:00,26.1,0.0,0.8,66.0
466881,2026-03-02 11:00:00,26.4,0.0,2.0,307.0
466881,2026-03-02 12:00:00,25.5,0.0,1.7,14.0
466881,2026-03-02 13:00:00,24.7,0.0,1.6,25.0
466881,2026-03-02 14:00:00,25.9,0.0,1.5,27.0
466881,2026-03-02 15:00:00,26.4,0.0,1.4,237.0
466881,2026-03-02 16:00:00,25.6,0.0,2.4,301.0
466881,2026-03-02 17:00:00,22.6,0.0,1.6,331.0
466881,2026-03-02 18:00:00,22.0,0.0,1.2,301.0
466881,2026-03-02 19:00:00,22.0,0.0,0.8,192.0
466881,2026-03-02 20:00:00,21.7,0.0,0.4,92.0
466881,2026-03-02 21:00:00,21.8,0.05,1.4,65.0
466881,2026-03-02 22:00:00,19.8,2.0,2.8,58.0
466881,2026-03-02 23:00:00,19.8,0.05,0.8,40.0
466881,2026-03-03 00:00:00,18.3,1.0,2.6,77.0
466881,2026-03-03 01:00:00,17.7,0.5,2.6,61.0
466881,2026-03-03 02:00:00,17.1,0.05,3.4,74.0
466881,2026-03-03 03:00:00,16.6,0.0,3.5,86.0
466881,2026-03-03 04:00:00,16.3,0.0,3.3,84.0
466881,2026-03-03 05:00:00,15.9,0.0,4.0,87.0
466881,2026-03-03 06:00:00,15.7,0.0,2.7,88.0
466881,2026-03-03 07:00:00,15.3,0.05,3.1,96.0
466881,2026-03-03 08:00:00,15.4,0.05,3.0,98.0
466881,2026-03-03 09:00:00,14.6,3.0,0.5,97.0
466881,2026-03-03 10:00:00,14.8,4.5,1.2,121.0
466881,2026-03-03 11:00:00,15.3,0.5,1.2,120.0
466881,2026-03-03 12:00:00,15.6,0.5,1.4,81.0
466881,2026-03-03 13:00:00,16.0,1.5,1.8,61.0
466881,2026-03-03 14:00:00,15.3,0.05,2.7,62.0
466881,2026-03-03 15:00:00,15.5,0.5,2.3,83.0
466881,2026-03-03 16:00:00,15.2,1.5,2.2,54.0
466881,2026-03-03 17:00:00,15.4,0.05,2.3,58.0
466881,2026-03-03 18:00:00,15.1,0.05,2.4,65.0
466881,2026-03-03 19:00:00,15.0,0.05,1.2,96.0
466881,2026-03-03 20:00:00,15.1,0.0,0.9,89.0
466881,2026-03-03 21:00:00,15.1,0.0,1.9,102.0
466881,2026-03-03 22:00:00,15.4,0.0,1.4,84.0
466881,2026-03-03 23:00:00,15.4,0.0,3.2,101.0
466881,2026-03-04 00:00:00,15.4,0.0,3.0,104.0
466881,2026-03-04 01:00:00,15.3,0.0,2.5,113.0
466881,2026-03-04 02:00:00,15.4,0.0,2.2,121.0
466881,2026-03-04 03:00:00,15.5,0.0,2.8,119.0
466881,2026-03-04 04:00:00,15.3,0.0,2.9,102.0
466881,2026-03-04 05:00:00,15.2,0.0,3.3,97.0
466881,2026-03-04 06:00:00,15.0,0.05,3.0,94.0
466881,2026-03-04 07:00:00,15.4,0.05,3.0,86.0
466881,2026-03-04 08:00:00,15.7,0.05,3.5,97.0
466881,2026-03-04 09:00:00,15.1,1.5,1.8,103.0
466881,2026-03-04 10:00:00,15.5,2.5,1.1,74.0
466881,2026-03-04 11:00:00,16.2,0.5,2.0,61.0
466881,2026-03-04 12:00:00,16.6,0.05,2.6,100.0
466881,2026-03-04 13:00:00,16.6,1.0,1.6,47.0
466881,2026-03-04 14:00:00,16.6,6.0,0.8,57.0
466881,2026-03-04 15:00:00,16.7,5.5,0.1,0.0
466881,2026-03-04 16:00:00,17.0,1.5,1.2,82.0
466881,2026-03-04 17:00:00,16.9,0.05,1.4,76.0
466881,2026-03-04 18:00:00,17.0,0.0,2.0,91.0
466881,2026-03-04 19:00:00,17.1,0.05,2.4,74.0
466881,2026-03-04 20:00:00,16.9,0.0,1.0,128.0
466881,2026-03-04 21:00:00,17.1,0.0,1.7,133.0
466881,2026-03-04 22:00:00,17.3,0.05,2.3,139.0
466881,2026-03-04 23:00:00,17.7,0.05,0.7,109.0
466881,2026-03-05 00:00:00,17.1,0.5,1.0,123.0
466881,2026-03-05 01:00:00,17.0,1.5,1.0,132.0
466881,2026-03-05 02:00:00,17.0,0.05,1.2,111.0
466881,2026-03-05 03:00:00,17.0,0.0,0.4,91.0
466881,2026-03-05 04:00:00,16.8,0.0,0.1,0.0
466881,2026-03-05 05:00:00,16.7,0.0,1.1,120.0
466881,2026-03-05 06:00:00,16.9,0.0,0.4,238.0
466881,2026-03-05 07:00:00,17.8,0.5,0.5,
466881,2026-03-05 08:00:00,17.8,0.05,0.4,153.0
466881,2026-03-05 09:00:00,18.8,0.5,1.0,121.0
466881,2026-03-05 10:00:00,19.9,0.05,1.3,147.0
466881,2026-03-05 11:00:00,20.8,0.05,1.5,137.0
466881,2026-03-05 12:00:00,22.6,0.0,2.5,72.0
466881,2026-03-05 13:00:00,23.4,0.0,2.5,87.0
466881,2026-03-05 14:00:00,22.6,0.0,2.4,65.0
466881,2026-03-05 15:00:00,22.8,0.0,1.2,42.0
466881,2026-03-05 16:00:00,22.3,0.0,1.4,56.0
466881,2026-03-05 17:00:00,21.5,0.05,0.9,54.0
466881,2026-03-05 18:00:00,20.4,0.05,0.2,0.0
466881,2026-03-05 19:00:00,19.7,0.5,1.0,99.0
466881,2026-03-05 20:00:00,18.8,0.0,1.9,123.0
466881,2026-03-05 21:00:00,18.0,0.0,0.1,0.0
466881,2026-03-05 22:00:00,17.4,0.0,0.0,0.0
466881,2026-03-05 23:00:00,17.2,0.0,0.8,212.0
466881,2026-03-06 00:00:00,16.6,0.0,0.2,0.0
466881,2026-03-06 01:00:00,17.5,0.0,0.0,0.0
466881,2026-03-06 02:00:00,17.5,0.0,0.1,0.0
466881,2026-03-06 03:00:00,17.5,0.0,0.0,0.0
466881,2026-03-06 04:00:00,17.5,0.0,0.0,0.0
466881,2026-03-06 05:00:00,18.1,0.05,1.2,281.0
466881,2026-03-06 06:00:00,18.0,0.05,0.8,122.0
466881,2026-03-06 07:00:00,18.0,0.5,0.5,31.0
466881,2026-03-06 08:00:00,18.0,0.5,2.1,62.0
466881,2026-03-06 09:00:00,18.1,0.0,2.9,74.0
466881,2026-03-06 10:00:00,17.4,0.0,3.3,83.0
466881,2026-03-06 11:00:00,17.4,0.0,4.1,78.0
466881,2026-03-06 12:00:00,17.4,0.0,3.8,75.0
466881,2026-03-06 13:00:00,16.9,0.0,2.7,77.0
466881,2026-03-06 14:00:00,16.4,0.05,2.7,81.0
466881,2026-03-06 15:00:00,16.2,0.05,3.3,80.0
466881,2026-03-06 16:00:00,15.9,0.05,2.2,82.0
466881,2026-03-06 17:00:00,15.5,0.05,2.3,88.0
466881,2026-03-06 18:00:00,15.1,0.05,1.2,91.0
466881,2026-03-06 19:00:00,15.0,0.05,1.8,103.0
466881,2026-03-06 20:00:00,15.0,0.05,2.3,88.0
466881,2026-03-06 21:00:00,14.9,0.0,3.2,70.0
466881,2026-03-06 22:00:00,14.7,0.05,2.5,88.0
466881,2026-03-06 23:00:00,15.0,0.0,2.4,114.0
466881,2026-03-07 00:00:00,14.6,0.05,2.5,121.0
466881,2026-03-07 01:00:00,14.9,0.0,3.4,106.0
466881,2026-03-07 02:00:00,14.7,0.0,2.7,114.0
466881,2026-03-07 03:00:00,14.7,0.0,3.0,103.0
466881,2026-03-07 04:00:00,14.8,0.0,3.2,99.0
466881,2026-03-07 05:00:00,14.7,0.0,3.1,112.0
466881,2026-03-07 06:00:00,14.4,0.0,3.7,125.0
466881,2026-03-07 07:00:00,14.2,0.0,2.7,128.0
466881,2026-03-07 08:00:00,14.6,0.0,2.8,127.0
466881,2026-03-07 09:00:00,15.0,0.0,2.9,109.0
466881,2026-03-07 10:00:00,15.3,0.0,3.1,113.0
466881,2026-03-07 11:00:00,15.8,0.0,3.1,106.0
466881,2026-03-07 12:00:00,15.6,0.0,2.9,111.0
466881,2026-03-07 13:00:00,15.8,0.0,2.9,107.0
466881,2026-03-07 14:00:00,15.7,0.0,3.5,107.0
466881,2026-03-07 15:00:00,15.0,0.0,3.0,107.0
466881,2026-03-07 16:00:00,15.1,0.0,3.5,102.0
466881,2026-03-07 17:00:00,14.5,0.0,3.3,112.0
466881,2026-03-07 18:00:00,14.2,0.0,4.0,104.0
466881,2026-03-07 19:00:00,14.1,0.0,3.3,110.0
466881,2026-03-07 20:00:00,14.3,0.0,3.4,118.0
466881,2026-03-07 21:00:00,14.3,0.0,3.3,102.0
466881,2026-03-07 22:00:00,14.4,0.0,3.4,111.0
466881,2026-03-07 23:00:00,14.5,0.0,3.1,98.0
466881,2026-03-08 00:00:00,14.7,0.0,2.4,111.0
466881,2026-03-08 01:00:00,15.0,0.0,2.9,94.0
466881,2026-03-08 02:00:00,15.2,0.05,2.3,111.0
466881,2026-03-08 03:00:00,15.4,0.05,2.6,95.0
466881,2026-03-08 04:00:00,15.3,0.05,2.2,111.0
466881,2026-03-08 05:00:00,15.9,0.0,3.0,80.0
466881,2026-03-08 06:00:00,15.9,0.05,2.8,97.0
466881,2026-03-08 07:00:00,16.6,0.0,2.3,118.0
466881,2026-03-08 08:00:00,17.9,0.0,2.5,102.0
466881,2026-03-08 09:00:00,19.4,0.0,3.0,106.0
466881,2026-03-08 10:00:00,19.2,0.0,2.1,66.0
466881,2026-03-08 11:00:00,19.1,0.0,4.7,57.0
466881,2026-03-08 12:00:00,18.3,0.05,4.7,59.0
466881,2026-03-08 13:00:00,18.2,0.05,5.2,56.0
466881,2026-03-08 14:00:00,18.3,0.0,3.2,69.0
466881,2026-03-08 15:00:00,17.6,0.0,4.0,56.0
466881,2026-03-08 16:00:00,16.5,0.05,2.5,62.0
466881,2026-03-08 17:00:00,16.5,0.0,2.4,64.0
466881,2026-03-08 18:00:00,16.0,0.0,2.6,59.0
466881,2026-03-08 19:00:00,16.2,0.0,2.8,68.0
466881,2026-03-08 20:00:00,16.2,0.0,2.5,82.0
466881,2026-03-08 21:00:00,16.2,0.05,2.1,74.0
466881,2026-03-08 22:00:00,16.1,0.05,1.7,83.0
466881,2026-03-08 23:00:00,16.2,0.05,2.4,86.0
466881,2026-03-09 00:00:00,16.3,0.05,2.1,68.0
466881,2026-03-09 01:00:00,16.4,0.05,1.6,59.0
466881,2026-03-09 02:00:00,16.6,0.05,0.3,104.0
466881,2026-03-09 03:00:00,16.6,0.05,1.0,66.0
466881,2026-03-09 04:00:00,16.3,0.5,2.5,43.0
466881,2026-03-09 05:00:00,15.8,1.0,1.8,55.0
466881,2026-03-09 06:00:00,15.6,0.05,1.2,78.0
466881,2026-03-09 07:00:00,15.5,0.5,2.0,75.0
466881,2026-03-09 08:00:00,15.5,0.0,2.9,62.0
466881,2026-03-09 09:00:00,15.2,0.05,1.6,72.0
466881,2026-03-09 10:00:00,15.7,0.05,1.5,101.0
466881,2026-03-09 11:00:00,15.5,0.05,1.8,84.0
466881,2026-03-09 12:00:00,15.1,0.5,2.3,72.0
466881,2026-03-09 13:00:00,15.0,0.05,2.6,66.0
466881,2026-03-09 14:00:00,14.7,0.05,3.2,65.0
466881,2026-03-09 15:00:00,14.9,0.0,1.2,107.0
466881,2026-03-09 16:00:00,14.1,0.05,1.7,95.0
466881,2026-03-09 17:00:00,13.9,0.05,2.5,71.0
466881,2026-03-09 18:00:00,13.5,0.05,1.6,90.0
466881,2026-03-09 19:00:00,13.4,0.5,2.1,91.0
466881,2026-03-09 20:00:00,13.2,0.05,1.9,99.0
466881,2026-03-09 21:00:00,12.8,0.5,2.9,100.0
466881,2026-03-09 22:00:00,12.8,0.05,2.3,90.0
466881,2026-03-09 23:00:00,12.8,0.05,2.0,100.0
466881,2026-03-10 00:00:00,12.9,0.05,2.0,96.0
466881,2026-03-10 01:00:00,12.8,0.0,1.7,98.0
466881,2026-03-10 02:00:00,13.1,0.05,2.6,113.0
466881,2026-03-10 03:00:00,12.8,0.05,2.0,122.0
466881,2026-03-10 04:00:00,12.5,0.5,2.3,130.0
466881,2026-03-10 05:00:00,12.2,0.5,2.8,117.0
466881,2026-03-10 06:00:00,11.9,1.0,2.0,99.0
466881,2026-03-10 07:00:00,11.7,1.0,2.1,123.0
466881,2026-03-10 08:00:00,12.0,0.5,2.1,127.0
466881,2026-03-10 09:00:00,12.1,1.0,2.0,127.0
466881,2026-03-10 10:00:00,12.5,0.05,1.4,126.0
466881,2026-03-10 11:00:00,12.8,0.5,0.7,114.0
466881,2026-03-10 12:00:00,12.8,0.5,1.2,55.0
466881,2026-03-10 13:00:00,12.7,1.0,0.2,0.0
466881,2026-03-10 14:00:00,12.7,1.0,1.2,69.0
466881,2026-03-10 15:00:00,12.6,1.0,1.7,45.0
466881,2026-03-10 16:00:00,12.8,0.0,2.1,112.0
466881,2026-03-10 17:00:00,13.1,0.0,1.9,124.0
466881,2026-03-10 18:00:00,12.8,0.0,1.7,130.0
466881,2026-03-10 19:00:00,12.9,0.0,2.1,139.0
466881,2026-03-10 20:00:00,12.7,0.0,1.9,150.0
466881,2026-03-10 21:00:00,12.8,0.0,2.1,141.0
466881,2026-03-10 22:00:00,13.1,0.0,2.3,143.0
466881,2026-03-10 23:00:00,13.3,0.0,2.5,140.0
466881,2026-03-11 00:00:00,13.4,0.0,2.3,152.0
466881,2026-03-11 01:00:00,13.5,0.0,2.5,144.0
466881,2026-03-11 02:00:00,13.5,0.0,2.1,144.0
466881,2026-03-11 03:00:00,13.5,0.0,2.1,144.0
466881,2026-03-11 04:00:00,13.2,0.0,1.5,146.0
466881,2026-03-11 05:00:00,13.3,0.0,1.4,146.0
466881,2026-03-11 06:00:00,13.3,0.0,1.8,157.0
466881,2026-03-11 07:00:00,13.7,0.0,2.2,145.0
466881,2026-03-11 08:00:00,14.9,0.0,1.8,141.0
466881,2026-03-11 09:00:00,16.1,0.0,2.6,84.0
466881,2026-03-11 10:00:00,16.9,0.0,2.7,54.0
466881,2026-03-11 11:00:00,18.1,0.0,2.2,87.0
466881,2026-03-11 12:00:00,19.4,0.0,2.8,43.0
466881,2026-03-11 13:00:00,20.0,0.0,3.0,33.0
466881,2026-03-11 14:00:00,20.3,0.0,4.0,58.0
466881,2026-03-11 15:00:00,19.5,0.0,4.2,55.0
466881,2026-03-11 16:00:00,18.8,0.0,4.2,51.0
466881,2026-03-11 17:00:00,17.6,0.0,4.4,56.0
466881,2026-03-11 18:00:00,15.9,0.0,2.1,80.0
466881,2026-03-11 19:00:00,15.1,0.0,2.7,92.0
466881,2026-03-11 20:00:00,14.2,0.0,2.3,143.0
466881,2026-03-11 21:00:00,13.4,0.0,2.3,135.0
466881,2026-03-11 22:00:00,13.4,0.0,2.9,149.0
466881,2026-03-11 23:00:00,13.5,0.0,2.7,140.0
466881,2026-03-12 00:00:00,14.2,0.0,2.7,144.0
466881,2026-03-12 01:00:00,14.6,0.0,2.1,138.0
466881,2026-03-12 02:00:00,14.7,0.0,1.1,144.0
466881,2026-03-12 03:00:00,15.0,0.0,0.5,83.0
466881,2026-03-12 04:00:00,14.6,0.0,0.5,94.0
466881,2026-03-12 05:00:00,14.8,0.0,0.9,128.0
466881,2026-03-12 06:00:00,14.7,0.0,0.7,93.0
466881,2026-03-12 07:00:00,15.6,0.0,0.7,108.0
466881,2026-03-12 08:00:00,16.3,0.0,1.6,71.0
466881,2026-03-12 09:00:00,17.5,0.0,2.2,74.0
466881,2026-03-12 10:00:00,17.5,0.0,3.0,27.0
466881,2026-03-12 11:00:00,18.3,0.0,3.3,38.0
466881,2026-03-12 12:00:00,18.3,0.0,3.0,74.0
466881,2026-03-12 13:00:00,19.3,0.0,2.7,77.0
466881,2026-03-12 14:00:00,17.7,0.0,3.3,59.0
466881,2026-03-12 15:00:00,17.3,0.0,2.7,45.0
466881,2026-03-12 16:00:00,16.7,0.0,3.2,61.0
466881,2026-03-12 17:00:00,15.4,0.0,3.3,58.0
466881,2026-03-12 18:00:00,14.6,0.0,3.4,63.0
466881,2026-03-12 19:00:00,14.2,0.0,2.2,66.0
466881,2026-03-12 20:00:00,12.6,0.0,1.8,147.0
466881,2026-03-12 21:00:00,11.9,0.0,2.7,149.0
466881,2026-03-12 22:00:00,11.3,0.0,2.7,154.0
466881,2026-03-12 23:00:00,11.1,0.0,2.5,150.0
466881,2026-03-13 00:00:00,11.3,0.0,2.3,155.0
466881,2026-03-13 01:00:00,10.5,0.0,2.3,149.0
466881,2026-03-13 02:00:00,10.4,0.0,1.3,140.0
466881,2026-03-13 03:00:00,9.8,0.0,1.1,303.0
466881,2026-03-13 04:00:00,9.4,0.0,0.2,0.0
466881,2026-03-13 05:00:00,10.3,0.0,0.8,110.0
466881,2026-03-13 06:00:00,11.3,0.0,2.9,157.0
466881,2026-03-13 07:00:00,12.0,0.0,1.9,151.0
466881,2026-03-13 08:00:00,13.5,0.0,2.0,145.0
466881,2026-03-13 09:00:00,15.1,0.0,2.3,88.0
466881,2026-03-13 10:00:00,16.1,0.0,4.0,82.0
466881,2026-03-13 11:00:00,17.8,0.0,5.2,64.0
466881,2026-03-13 12:00:00,17.8,0.0,4.4,57.0
466881,2026-03-13 13:00:00,19.2,0.0,4.8,67.0
466881,2026-03-13 14:00:00,18.6,0.0,5.2,52.0
466881,2026-03-13 15:00:00,18.9,0.0,4.5,57.0
466881,2026-03-13 16:00:00,17.9,0.0,5.3,58.0
466881,2026-03-13 17:00:00,16.7,0.0,4.6,67.0
466881,2026-03-13 18:00:00,15.0,0.0,3.7,85.0
466881,2026-03-13 19:00:00,14.2,0.0,3.1,112.0
466881,2026-03-13 20:00:00,13.9,0.0,2.6,99.0
466881,2026-03-13 21:00:00,14.0,0.0,2.3,101.0
466881,2026-03-13 22:00:00,13.7,0.0,2.4,109.0
466881,2026-03-13 23:00:00,13.5,0.0,2.6,91.0
466881,2026-03-14 00:00:00,12.8,0.0,2.5,92.0
466881,2026-03-14 01:00:00,12.1,0.0,1.8,122.0
466881,2026-03-14 02:00:00,12.0,0.0,2.3,133.0
466881,2026-03-14 03:00:00,12.9,0.0,3.3,132.0
466881,2026-03-14 04:00:00,12.1,0.0,1.8,122.0
466881,2026-03-14 05:00:00,12.5,0.0,2.2,138.0
466881,2026-03-14 06:00:00,11.9,0.0,1.3,130.0
466881,2026-03-14 07:00:00,13.4,0.0,2.2,150.0
466881,2026-03-14 08:00:00,17.1,0.0,1.5,70.0
466881,2026-03-14 09:00:00,18.6,0.0,3.3,68.0
466881,2026-03-14 10:00:00,21.3,0.0,5.9,70.0
466881,2026-03-14 11:00:00,22.6,0.0,4.3,70.0
466881,2026-03-14 12:00:00,23.4,0.0,4.0,76.0
466881,2026-03-14 13:00:00,23.8,0.0,4.4,68.0
466881,2026-03-14 14:00:00,23.3,0.0,4.6,68.0
466881,2026-03-14 15:00:00,22.5,0.0,4.7,71.0
466881,2026-03-14 16:00:00,21.6,0.0,5.1,89.0
466881,2026-03-14 17:00:00,19.8,0.0,4.4,89.0
466881,2026-03-14 18:00:00,17.9,0.0,4.8,83.0
466881,2026-03-14 19:00:00,16.8,0.0,4.1,68.0
466881,2026-03-14 20:00:00,16.7,0.0,4.4,65.0
466881,2026-03-14 21:00:00,16.2,0.0,4.0,66.0
466881,2026-03-14 22:00:00,16.3,0.0,2.8,65.0
466881,2026-03-14 23:00:00,15.8,0.0,2.4,67.0
466881,2026-03-15 00:00:00,13.5,0.0,0.2,0.0
466881,2026-03-15 01:00:00,12.3,0.0,1.4,152.0
466881,2026-03-15 02:00:00,11.8,0.0,2.0,121.0
466881,2026-03-15 03:00:00,12.2,0.0,2.2,149.0
466881,2026-03-15 04:00:00,13.2,0.0,2.4,131.0
466881,2026-03-15 05:00:00,13.6,0.0,2.9,132.0
466881,2026-03-15 06:00:00,14.4,0.0,3.6,140.0
466881,2026-03-15 07:00:00,14.5,0.0,2.9,129.0
466881,2026-03-15 08:00:00,17.5,0.0,2.9,129.0
466881,2026-03-15 09:00:00,21.2,0.0,1.6,77.0
466881,2026-03-15 10:00:00,23.7,0.0,3.4,113.0
466881,2026-03-15 11:00:00,24.8,0.0,3.6,80.0
466881,2026-03-15 12:00:00,25.8,0.0,3.8,88.0
466881,2026-03-15 13:00:00,26.6,0.0,3.4,86.0
466881,2026-03-15 14:00:00,26.2,0.0,3.2,103.0
466881,2026-03-15 15:00:00,25.6,0.0,3.8,98.0
466881,2026-03-15 16:00:00,24.6,0.0,3.7,114.0
466881,2026-03-15 17:00:00,22.9,0.0,3.3,98.0
466881,2026-03-15 18:00:00,21.2,0.0,3.0,86.0
466881,2026-03-15 19:00:00,19.5,0.0,2.1,101.0
466881,2026-03-15 20:00:00,19.3,0.0,2.5,76.0
466881,2026-03-15 21:00:00,19.1,0.0,2.7,66.0
466881,2026-03-15 22:00:00,17.8,0.0,0.7,262.0
466881,2026-03-15 23:00:00,17.0,0.0,1.7,153.0
466881,2026-03-16 00:00:00,15.1,0.0,1.2,128.0
466881,2026-03-16 01:00:00,14.8,0.0,0.3,184.0
466881,2026-03-16 02:00:00,14.4,0.0,0.3,265.0
466881,2026-03-16 03:00:00,14.3,0.0,0.7,195.0
466881,2026-03-16 04:00:00,13.9,0.0,0.5,173.0
466881,2026-03-16 05:00:00,13.3,0.0,0.1,0.0
466881,2026-03-16 06:00:00,14.0,0.0,0.5,125.0
466881,2026-03-16 07:00:00,14.7,0.0,0.7,188.0
466881,2026-03-16 08:00:00,19.4,0.0,0.5,90.0
466881,2026-03-16 09:00:00,23.3,0.0,2.6,110.0
466881,2026-03-16 10:00:00,24.6,0.0,3.1,106.0
466881,2026-03-16 11:00:00,25.9,0.0,3.9,115.0
466881,2026-03-16 12:00:00,26.5,0.0,4.2,102.0
466881,2026-03-16 13:00:00,26.5,0.0,3.3,92.0
466881,2026-03-16 14:00:00,26.3,0.0,4.0,94.0
466881,2026-03-16 15:00:00,24.5,0.0,1.2,108.0
466881,2026-03-16 16:00:00,23.8,0.0,2.3,136.0
466881,2026-03-16 17:00:00,22.6,0.0,2.3,113.0
466881,2026-03-16 18:00:00,21.0,0.0,1.1,131.0
466881,2026-03-16 19:00:00,18.9,0.0,1.2,141.0
466881,2026-03-16 20:00:00,17.5,0.0,0.6,178.0
466881,2026-03-16 21:00:00,16.7,0.0,0.0,0.0
466881,2026-03-16 22:00:00,17.9,0.0,1.7,152.0
466881,2026-03-16 23:00:00,17.6,0.0,1.8,117.0
466881,2026-03-17 00:00:00,17.7,0.0,0.9,76.0
466881,2026-03-17 01:00:00,19.5,0.0,2.8,150.0
466881,2026-03-17 02:00:00,18.0,0.0,2.4,151.0
466881,2026-03-17 03:00:00,17.8,0.0,2.8,159.0
466881,2026-03-17 04:00:00,17.4,0.0,3.0,163.0
466881,2026-03-17 05:00:00,17.2,0.0,3.1,151.0
466881,2026-03-17 06:00:00,16.6,0.0,2.5,148.0
466881,2026-03-17 07:00:00,16.9,0.0,0.7,137.0
466881,2026-03-17 08:00:00,19.9,0.0,1.3,274.0
466881,2026-03-17 09:00:00,22.1,0.0,1.4,294.0
466881,2026-03-17 10:00:00,24.2,0.0,1.8,7.0
466881,2026-03-17 11:00:00,25.4,0.0,1.8,301.0
466881,2026-03-17 12:00:00,25.7,0.0,0.8,280.0
466881,2026-03-17 13:00:00,24.9,0.0,1.8,4.0
466881,2026-03-17 14:00:00,25.0,0.0,1.3,343.0
466881,2026-03-17 15:00:00,24.7,0.0,1.6,33.0
466881,2026-03-17 16:00:00,24.2,0.0,0.9,344.0
466881,2026-03-17 17:00:00,23.5,0.0,1.9,252.0
466881,2026-03-17 18:00:00,22.5,0.0,1.7,249.0
466881,2026-03-17 19:00:00,21.7,0.0,1.1,248.0
466881,2026-03-17 20:00:00,20.0,0.0,0.2,0.0
466881,2026-03-17 21:00:00,18.3,0.0,0.2,0.0
466881,2026-03-17 22:00:00,17.0,0.0,0.1,0.0
466881,2026-03-17 23:00:00,17.5,0.0,0.9,258.0
466881,2026-03-18 00:00:00,17.0,0.0,0.4,288.0
466881,2026-03-18 01:00:00,17.5,0.0,0.7,293.0
466881,2026-03-18 02:00:00,16.9,0.0,0.4,211.0
466881,2026-03-18 03:00:00,16.9,0.0,0.4,309.0
466881,2026-03-18 04:00:00,16.0,0.0,0.3,323.0
466881,2026-03-18 05:00:00,17.2,0.0,3.0,139.0
466881,2026-03-18 06:00:00,16.8,0.0,1.5,146.0
466881,2026-03-18 07:00:00,17.0,0.0,0.3,332.0
466881,2026-03-18 08:00:00,20.1,0.0,0.9,314.0
466881,2026-03-18 09:00:00,22.7,0.0,0.5,121.0
466881,2026-03-18 10:00:00,25.0,0.0,0.7,108.0
466881,2026-03-18 11:00:00,26.9,0.0,3.7,291.0
466881,2026-03-18 12:00:00,27.8,0.0,3.4,293.0
466881,2026-03-18 13:00:00,28.0,0.0,3.1,293.0
466881,2026-03-18 14:00:00,27.9,0.0,2.3,254.0
466881,2026-03-18 15:00:00,26.6,0.0,2.1,298.0
466881,2026-03-18 16:00:00,25.8,0.0,1.4,316.0
466881,2026-03-18 17:00:00,24.0,0.0,1.2,61.0
466881,2026-03-18 18:00:00,23.4,0.0,0.5,52.0
466881,2026-03-18 19:00:00,22.7,0.0,0.1,0.0
466881,2026-03-18 20:00:00,21.1,0.0,1.3,179.0
466881,2026-03-18 21:00:00,20.0,0.0,0.6,117.0
466881,2026-03-18 22:00:00,19.2,0.0,0.6,323.0
466881,2026-03-18 23:00:00,18.6,0.0,0.9,310.0
466881,2026-03-19 00:00:00,18.8,0.0,1.0,105.0
466881,2026-03-19 01:00:00,18.3,0.0,1.4,129.0
466881,2026-03-19 02:00:00,17.9,0.0,0.6,329.0
466881,2026-03-19 03:00:00,18.4,0.0,1.3,313.0
466881,2026-03-19 04:00:00,18.1,0.0,0.3,360.0
466881,2026-03-19 05:00:00,17.3,0.0,0.2,0.0
466881,2026-03-19 06:00:00,16.6,0.0,0.1,0.0
466881,2026-03-19 07:00:00,18.3,0.0,1.3,194.0
466881,2026-03-19 08:00:00,19.3,0.0,1.4,82.0
466881,2026-03-19 09:00:00,19.3,0.0,3.1,66.0
466881,2026-03-19 10:00:00,19.8,0.0,3.2,61.0
466881,2026-03-19 11:00:00,19.5,0.0,2.7,62.0
466881,2026-03-19 12:00:00,19.5,0.0,3.6,65.0
466881,2026-03-19 13:00:00,19.2,0.0,2.7,51.0
466881,2026-03-19 14:00:00,19.0,0.0,2.6,68.0
466881,2026-03-19 15:00:00,18.9,0.0,3.4,75.0
466881,2026-03-19 16:00:00,18.6,0.0,2.5,74.0
466881,2026-03-19 17:00:00,18.3,0.0,2.9,74.0
466881,2026-03-19 18:00:00,18.1,0.0,3.2,69.0
466881,2026-03-19 19:00:00,18.2,0.0,2.0,43.0
466881,2026-03-19 20:00:00,18.1,0.0,1.9,66.0
466881,2026-03-19 21:00:00,17.9,0.0,2.4,65.0
466881,2026-03-19 22:00:00,17.6,0.0,2.9,66.0
466881,2026-03-19 23:00:00,17.9,0.0,2.2,63.0
466881,2026-03-20 00:00:00,17.9,0.0,2.2,61.0
466881,2026-03-20 01:00:00,17.6,0.0,1.9,55.0
466881,2026-03-20 02:00:00,17.9,0.0,2.6,75.0
466881,2026-03-20 03:00:00,17.8,0.0,2.3,55.0
466881,2026-03-20 04:00:00,17.8,0.0,2.0,63.0
466881,2026-03-20 05:00:00,17.9,0.0,2.8,64.0
466881,2026-03-20 06:00:00,17.8,0.0,1.9,63.0
466881,2026-03-20 07:00:00,17.8,0.0,3.9,68.0
466881,2026-03-20 08:00:00,19.4,0.0,4.6,59.0
466881,2026-03-20 09:00:00,21.0,0.0,4.7,56.0
466881,2026-03-20 10:00:00,21.7,0.0,5.4,52.0
466881,2026-03-20 11:00:00,23.3,0.0,5.0,56.0
466881,2026-03-20 12:00:00,23.9,0.0,5.2,54.0
466881,2026-03-20 13:00:00,25.0,0.0,5.0,58.0
466881,2026-03-20 14:00:00,25.4,0.0,5.0,57.0
466881,2026-03-20 15:00:00,25.5,0.0,3.3,66.0
466881,2026-03-20 16:00:00,23.9,0.0,4.3,51.0
466881,2026-03-20 17:00:00,22.0,0.0,3.7,53.0
466881,2026-03-20 18:00:00,20.1,0.0,4.5,63.0
466881,2026-03-20 19:00:00,19.2,0.0,3.4,58.0
466881,2026-03-20 20:00:00,19.2,0.0,2.0,45.0
466881,2026-03-20 21:00:00,19.4,0.0,1.9,271.0
466881,2026-03-20 22:00:00,19.2,0.0,0.4,335.0
466881,2026-03-20 23:00:00,19.1,0.0,0.4,206.0
466881,2026-03-21 00:00:00,19.6,0.0,1.2,260.0
466881,2026-03-21 01:00:00,19.0,0.05,0.6,313.0
466881,2026-03-21 02:00:00,17.5,0.05,2.7,50.0
466881,2026-03-21 03:00:00,17.2,0.05,1.6,68.0
466881,2026-03-21 04:00:00,17.0,0.0,2.1,92.0
466881,2026-03-21 05:00:00,16.8,0.0,2.1,68.0
466881,2026-03-21 06:00:00,16.8,0.0,2.0,65.0
466881,2026-03-21 07:00:00,17.6,0.0,1.5,102.0
466881,2026-03-21 08:00:00,18.2,0.0,2.5,56.0
466881,2026-03-21 09:00:00,18.3,0.0,1.5,63.0
466881,2026-03-21 10:00:00,18.6,0.0,1.7,63.0
466881,2026-03-21 11:00:00,20.3,0.0,2.9,64.0
466881,2026-03-21 12:00:00,20.6,0.0,3.6,60.0
466881,2026-03-21 13:00:00,20.3,0.0,3.8,61.0
466881,2026-03-21 14:00:00,19.2,0.0,3.1,59.0
466881,2026-03-21 15:00:00,18.9,0.0,3.2,57.0
466881,2026-03-21 16:00:00,19.0,0.0,2.6,55.0
466881,2026-03-21 17:00:00,18.6,0.0,1.6,58.0
466881,2026-03-21 18:00:00,18.3,0.0,2.0,67.0
466881,2026-03-21 19:00:00,18.1,0.0,2.5,63.0
466881,2026-03-21 20:00:00,18.1,0.0,1.7,60.0
466881,2026-03-21 21:00:00,18.2,0.0,1.2,57.0
466881,2026-03-21 22:00:00,17.7,0.0,1.2,129.0
466881,2026-03-21 23:00:00,16.7,0.0,0.4,119.0
466881,2026-03-22 00:00:00,16.7,0.0,0.9,217.0
466881,2026-03-22 01:00:00,16.8,0.0,0.1,0.0
466881,2026-03-22 02:00:00,17.1,0.0,0.1,0.0
466881,2026-03-22 03:00:00,17.2,0.05,0.9,102.0
466881,2026-03-22 04:00:00,17.4,0.0,0.8,322.0
466881,2026-03-22 05:00:00,17.1,0.05,0.2,0.0
466881,2026-03-22 06:00:00,17.2,0.05,0.5,240.0
466881,2026-03-22 07:00:00,17.5,0.0,0.0,0.0
466881,2026-03-22 08:00:00,18.6,0.0,0.5,116.0
466881,2026-03-22 09:00:00,19.9,0.0,0.3,71.0
466881,2026-03-22 10:00:00,20.6,0.0,0.5,171.0
466881,2026-03-22 11:00:00,23.4,0.0,1.5,89.0
466881,2026-03-22 12:00:00,25.0,0.0,1.4,334.0
466881,2026-03-22 13:00:00,26.7,0.0,1.6,37.0
466881,2026-03-22 14:00:00,26.6,0.0,2.5,356.0
466881,2026-03-22 15:00:00,26.2,0.0,1.5,350.0
466881,2026-03-22 16:00:00,25.9,0.0,2.0,36.0
466881,2026-03-22 17:00:00,24.7,0.0,1.3,28.0
466881,2026-03-22 18:00:00,22.0,0.0,1.0,27.0
466881,2026-03-22 19:00:00,20.3,0.0,0.7,323.0
466881,2026-03-22 20:00:00,20.0,0.0,0.7,306.0
466881,2026-03-22 21:00:00,19.4,0.0,0.8,154.0
466881,2026-03-22 22:00:00,19.7,0.0,0.2,0.0
466881,2026-03-22 23:00:00,19.7,0.0,0.2,0.0
466881,2026-03-23 00:00:00,19.7,0.0,0.8,156.0
466881,2026-03-23 01:00:00,18.8,0.0,0.0,0.0
466881,2026-03-23 02:00:00,19.6,0.0,1.3,247.0
466881,2026-03-23 03:00:00,19.5,0.0,0.6,202.0
466881,2026-03-23 04:00:00,19.6,0.0,0.8,278.0
466881,2026-03-23 05:00:00,19.3,0.0,0.8,159.0
466881,2026-03-23 06:00:00,19.2,0.0,0.3,87.0
466881,2026-03-23 07:00:00,19.6,0.0,1.1,120.0
466881,2026-03-23 08:00:00,21.2,0.0,1.1,122.0
466881,2026-03-23 09:00:00,21.8,0.0,1.0,52.0
466881,2026-03-23 10:00:00,23.4,0.0,1.4,49.0
466881,2026-03-23 11:00:00,25.7,0.0,1.5,307.0
466881,2026-03-23 12:00:00,27.2,0.0,1.5,4.0
466881,2026-03-23 13:00:00,27.8,0.0,2.1,28.0
466881,2026-03-23 14:00:00,27.0,0.0,1.7,15.0
466881,2026-03-23 15:00:00,26.1,0.0,1.6,7.0
466881,2026-03-23 16:00:00,23.6,0.0,2.3,26.0
466881,2026-03-23 17:00:00,22.2,0.0,1.9,46.0
466881,2026-03-23 18:00:00,21.5,0.0,2.6,51.0
466881,2026-03-23 19:00:00,21.1,0.0,2.6,62.0
466881,2026-03-23 20:00:00,20.8,0.0,1.7,62.0
466881,2026-03-23 21:00:00,20.5,0.0,1.6,73.0
466881,2026-03-23 22:00:00,20.1,0.0,1.8,59.0
466881,2026-03-23 23:00:00,19.9,0.0,1.4,59.0
466881,2026-03-24 00:00:00,20.4,0.0,0.3,334.0
466881,2026-03-24 01:00:00,20.4,0.0,0.3,281.0
466881,2026-03-24 02:00:00,20.3,0.0,0.7,71.0
466881,2026-03-24 03:00:00,20.3,0.0,0.3,53.0
466881,2026-03-24 04:00:00,20.2,0.05,0.3,36.0
466881,2026-03-24 05:00:00,20.0,0.0,0.9,149.0
466881,2026-03-24 06:00:00,20.0,0.0,0.6,168.0
466881,2026-03-24 07:00:00,20.5,0.0,0.1,0.0
466881,2026-03-24 08:00:00,21.7,0.0,0.3,296.0
466881,2026-03-24 09:00:00,22.8,0.0,1.8,241.0
466881,2026-03-24 10:00:00,24.3,0.0,0.9,333.0
466881,2026-03-24 11:00:00,25.3,0.0,1.6,330.0
466881,2026-03-24 12:00:00,24.7,0.0,1.4,307.0
466881,2026-03-24 13:00:00,26.1,0.0,0.5,109.0
466881,2026-03-24 14:00:00,23.9,0.0,1.6,310.0
466881,2026-03-24 15:00:00,21.7,0.05,1.3,354.0
466881,2026-03-24 16:00:00,21.0,0.05,0.4,347.0
466881,2026-03-24 17:00:00,21.7,0.0,0.5,300.0
466881,2026-03-24 18:00:00,21.5,0.0,0.2,0.0
466881,2026-03-24 19:00:00,21.3,0.0,0.1,0.0
466881,2026-03-24 20:00:00,21.6,0.0,1.3,234.0
466881,2026-03-24 21:00:00,21.3,0.05,1.1,275.0
466881,2026-03-24 22:00:00,21.1,0.0,0.7,142.0
466881,2026-03-24 23:00:00,20.7,0.0,0.1,0.0
466881,2026-03-25 00:00:00,20.8,0.0,0.2,0.0
466881,2026-03-25 01:00:00,20.8,0.0,0.2,0.0
466881,2026-03-25 02:00:00,20.1,0.0,0.2,0.0
466881,2026-03-25 03:00:00,20.2,0.0,0.3,208.0
466881,2026-03-25 04:00:00,20.3,0.0,0.2,0.0
466881,2026-03-25 05:00:00,19.9,0.0,0.5,196.0
466881,2026-03-25 06:00:00,19.9,0.0,0.2,0.0
466881,2026-03-25 07:00:00,20.5,0.0,0.1,0.0
466881,2026-03-25 08:00:00,21.8,0.0,1.1,350.0
466881,2026-03-25 09:00:00,21.4,0.0,1.3,11.0
466881,2026-03-25 10:00:00,21.9,0.0,0.5,22.0
466881,2026-03-25 11:00:00,23.4,0.0,1.6,17.0
466881,2026-03-25 12:00:00,24.6,0.0,1.5,24.0
466881,2026-03-25 13:00:00,25.5,0.0,1.8,359.0
466881,2026-03-25 14:00:00,22.8,0.0,3.8,60.0
466881,2026-03-25 15:00:00,22.3,0.0,2.7,55.0
466881,2026-03-25 16:00:00,23.4,0.0,3.2,65.0
466881,2026-03-25 17:00:00,21.4,0.0,4.1,57.0
466881,2026-03-25 18:00:00,19.7,0.0,3.6,55.0
466881,2026-03-25 19:00:00,19.1,0.0,3.4,65.0
466881,2026-03-25 20:00:00,19.3,0.0,2.9,63.0
466881,2026-03-25 21:00:00,19.2,0.0,2.9,72.0
466881,2026-03-25 22:00:00,19.2,0.0,2.0,82.0
466881,2026-03-25 23:00:00,19.1,0.0,2.3,54.0
466881,2026-03-26 00:00:00,18.7,0.0,3.2,57.0
466881,2026-03-26 01:00:00,18.6,0.0,2.3,70.0
466881,2026-03-26 02:00:00,17.6,0.0,1.4,86.0
466881,2026-03-26 03:00:00,17.4,0.0,2.1,63.0
466881,2026-03-26 04:00:00,17.6,0.0,2.9,86.0
466881,2026-03-26 05:00:00,17.7,0.0,3.2,83.0
466881,2026-03-26 06:00:00,17.2,0.0,2.4,86.0
466881,2026-03-26 07:00:00,18.3,0.0,2.9,62.0
466881,2026-03-26 08:00:00,20.6,0.0,3.2,80.0
466881,2026-03-26 09:00:00,22.7,0.0,3.8,75.0
466881,2026-03-26 10:00:00,23.2,0.0,3.5,76.0
466881,2026-03-26 11:00:00,23.0,0.0,4.0,74.0
466881,2026-03-26 12:00:00,23.1,0.0,2.9,80.0
466881,2026-03-26 13:00:00,23.1,0.0,2.8,103.0
466881,2026-03-26 14:00:00,22.1,0.0,2.5,70.0
466881,2026-03-26 15:00:00,21.6,0.0,2.5,90.0
466881,2026-03-26 16:00:00,21.3,0.0,1.4,95.0
466881,2026-03-26 17:00:00,21.0,0.0,1.7,81.0
466881,2026-03-26 18:00:00,20.4,0.0,0.6,70.0
466881,2026-03-26 19:00:00,20.0,0.0,0.5,82.0
466881,2026-03-26 20:00:00,19.5,0.05,0.7,120.0
466881,2026-03-26 21:00:00,18.9,0.05,1.0,132.0
466881,2026-03-26 22:00:00,18.5,0.05,1.3,86.0
466881,2026-03-26 23:00:00,18.6,0.05,0.5,349.0
466881,2026-03-27 00:00:00,18.7,0.0,0.7,222.0
466881,2026-03-27 01:00:00,18.6,0.05,0.6,154.0
466881,2026-03-27 02:00:00,18.6,0.5,0.7,136.0
466881,2026-03-27 03:00:00,18.5,0.05,0.1,0.0
466881,2026-03-27 04:00:00,18.4,0.05,0.2,0.0
466881,2026-03-27 05:00:00,18.4,0.05,1.1,162.0
466881,2026-03-27 06:00:00,18.5,1.5,0.0,0.0
466881,2026-03-27 07:00:00,18.7,2.0,0.4,167.0
466881,2026-03-27 08:00:00,18.9,0.05,0.1,0.0
466881,2026-03-27 09:00:00,19.4,0.05,0.3,89.0
466881,2026-03-27 10:00:00,20.0,1.5,0.0,0.0
466881,2026-03-27 11:00:00,20.1,3.5,0.1,0.0
466881,2026-03-27 12:00:00,19.8,4.0,0.2,0.0
466881,2026-03-27 13:00:00,19.9,5.5,0.7,292.0
466881,2026-03-27 14:00:00,20.2,0.05,0.1,0.0
466881,2026-03-27 15:00:00,20.2,0.5,0.8,352.0
466881,2026-03-27 16:00:00,19.9,0.0,1.2,315.0
466881,2026-03-27 17:00:00,19.5,0.05,1.2,70.0
466881,2026-03-27 18:00:00,19.0,0.05,0.7,28.0
466881,2026-03-27 19:00:00,19.1,0.0,0.1,0.0
466881,2026-03-27 20:00:00,19.0,0.0,0.6,119.0
466881,2026-03-27 21:00:00,19.1,0.0,0.9,142.0
466881,2026-03-27 22:00:00,19.1,0.0,0.2,0.0
466881,2026-03-27 23:00:00,18.9,0.0,1.3,142.0
466881,2026-03-28 00:00:00,19.0,0.0,0.8,110.0
466881,2026-03-28 01:00:00,19.0,0.0,0.0,0.0
466881,2026-03-28 02:00:00,18.8,0.05,0.2,0.0
466881,2026-03-28 03:00:00,18.8,0.05,1.1,140.0
466881,2026-03-28 04:00:00,18.8,0.05,1.7,125.0
466881,2026-03-28 05:00:00,18.9,0.05,1.0,129.0
466881,2026-03-28 06:00:00,19.0,0.0,0.3,71.0
466881,2026-03-28 07:00:00,19.3,0.0,2.0,58.0
466881,2026-03-28 08:00:00,19.7,0.0,1.1,28.0
466881,2026-03-28 09:00:00,20.2,0.0,2.2,50.0
466881,2026-03-28 10:00:00,21.2,0.0,1.5,59.0
466881,2026-03-28 11:00:00,22.4,0.0,0.7,110.0
466881,2026-03-28 12:00:00,23.4,0.0,1.6,50.0
466881,2026-03-28 13:00:00,22.8,0.0,2.5,63.0
466881,2026-03-28 14:00:00,23.2,0.0,2.0,50.0
466881,2026-03-28 15:00:00,23.3,0.0,2.5,56.0
466881,2026-03-28 16:00:00,22.2,0.0,2.9,63.0
466881,2026-03-28 17:00:00,22.0,0.0,1.7,58.0
466881,2026-03-28 18:00:00,21.7,0.0,2.0,66.0
466881,2026-03-28 19:00:00,21.5,0.0,1.4,141.0
466881,2026-03-28 20:00:00,21.5,0.0,0.4,103.0
466881,2026-03-28 21:00:00,20.9,0.0,0.3,117.0
466881,2026-03-28 22:00:00,20.5,0.0,0.7,83.0
466881,2026-03-28 23:00:00,20.3,0.0,0.1,0.0
466881,2026-03-29 00:00:00,20.2,0.0,0.0,0.0
466881,2026-03-29 01:00:00,19.9,0.0,0.6,153.0
466881,2026-03-29 02:00:00,18.9,0.0,0.6,158.0
466881,2026-03-29 03:00:00,19.4,0.0,0.1,0.0
466881,2026-03-29 04:00:00,19.8,0.0,1.1,246.0
466881,2026-03-29 05:00:00,20.5,0.05,1.4,220.0
466881,2026-03-29 06:00:00,19.8,0.05,0.1,0.0
466881,2026-03-29 07:00:00,19.8,0.05,0.3,148.0
466881,2026-03-29 08:00:00,20.0,0.05,0.2,0.0
466881,2026-03-29 09:00:00,20.3,0.05,0.8,298.0
466881,2026-03-29 10:00:00,20.4,0.5,0.7,278.0
466881,2026-03-29 11:00:00,20.8,0.0,0.2,0.0
466881,2026-03-29 12:00:00,21.2,0.0,0.9,351.0
466881,2026-03-29 13:00:00,21.1,0.0,1.1,20.0
466881,2026-03-29 14:00:00,21.2,0.0,1.0,308.0
466881,2026-03-29 15:00:00,21.1,0.0,1.1,24.0
466881,2026-03-29 16:00:00,21.0,0.0,1.2,65.0
466881,2026-03-29 17:00:00,20.8,0.0,1.2,137.0
466881,2026-03-29 18:00:00,20.7,0.0,0.0,0.0
466881,2026-03-29 19:00:00,20.5,0.0,0.2,0.0
466881,2026-03-29 20:00:00,20.3,0.0,0.1,0.0
466881,2026-03-29 21:00:00,20.2,0.0,0.5,139.0
466881,2026-03-29 22:00:00,20.2,0.0,0.3,102.0
466881,2026-03-29 23:00:00,20.0,0.0,1.9,125.0
466881,2026-03-30 00:00:00,20.2,0.0,0.7,156.0
466881,2026-03-30 01:00:00,19.4,0.0,1.0,255.0
466881,2026-03-30 02:00:00,19.5,0.0,0.4,120.0
466881,2026-03-30 03:00:00,19.9,0.0,0.3,27.0
466881,2026-03-30 04:00:00,19.7,0.0,2.6,149.0
466881,2026-03-30 05:00:00,19.2,0.0,1.0,239.0
466881,2026-03-30 06:00:00,18.5,0.0,0.8,165.0
466881,2026-03-30 07:00:00,19.8,0.0,0.4,184.0
466881,2026-03-30 08:00:00,22.0,0.0,1.5,303.0
466881,2026-03-30 09:00:00,24.2,0.0,1.1,65.0
466881,2026-03-30 10:00:00,25.9,0.0,1.3,28.0
466881,2026-03-30 11:00:00,27.6,0.0,1.7,133.0
466881,2026-03-30 12:00:00,28.1,0.0,2.4,294.0
466881,2026-03-30 13:00:00,27.6,0.0,4.2,280.0
466881,2026-03-30 14:00:00,26.4,0.0,1.5,303.0
466881,2026-03-30 15:00:00,26.0,0.0,0.6,315.0
466881,2026-03-30 16:00:00,24.3,0.05,0.5,18.0
466881,2026-03-30 17:00:00,23.0,0.5,1.1,83.0
466881,2026-03-30 18:00:00,23.2,0.05,0.6,78.0
466881,2026-03-30 19:00:00,23.0,0.0,3.0,131.0
466881,2026-03-30 20:00:00,22.4,0.0,0.7,268.0
466881,2026-03-30 21:00:00,20.9,0.0,0.3,
466881,2026-03-30 22:00:00,20.2,0.0,0.3,225.0
466881,2026-03-30 23:00:00,19.8,0.0,0.9,307.0
466881,2026-03-31 00:00:00,19.1,0.0,0.2,0.0
466881,2026-03-31 01:00:00,18.8,0.0,0.6,11.0
466881,2026-03-31 02:00:00,18.6,0.0,0.7,357.0
466881,2026-03-31 03:00:00,18.4,0.0,0.2,0.0
466881,2026-03-31 04:00:00,18.1,0.0,0.3,319.0
466881,2026-03-31 05:00:00,18.7,0.0,0.4,322.0
466881,2026-03-31 06:00:00,18.3,0.0,0.8,320.0
466881,2026-03-31 07:00:00,19.2,0.0,0.1,0.0
466881,2026-03-31 08:00:00,21.5,0.0,0.5,96.0
466881,2026-03-31 09:00:00,24.4,0.0,1.3,144.0
466881,2026-03-31 10:00:00,26.6,0.0,1.0,120.0
466881,2026-03-31 11:00:00,27.5,0.0,0.4,130.0
466881,2026-03-31 12:00:00,29.3,0.0,1.2,36.0
466881,2026-03-31 13:00:00,29.1,0.0,2.2,319.0
466881,2026-03-31 14:00:00,28.2,0.0,1.5,328.0
466881,2026-03-31 15:00:00,27.0,0.0,1.5,329.0
466881,2026-03-31 16:00:00,26.2,0.0,0.9,59.0
466881,2026-03-31 17:00:00,24.8,0.0,0.7,319.0
466881,2026-03-31 18:00:00,24.5,0.05,1.0,299.0
466881,2026-03-31 19:00:00,23.9,0.05,0.2,0.0
466881,2026-03-31 20:00:00,23.0,0.0,0.9,203.0
466881,2026-03-31 21:00:00,22.7,0.0,1.0,152.0
466881,2026-03-31 22:00:00,22.9,0.0,1.1,241.0
466881,2026-03-31 23:00:00,23.1,0.0,2.4,267.0
466881,2026-04-01 00:00:00,22.4,0.05,0.5,253.0
466881,2026-04-01 01:00:00,21.5,0.0,0.6,218.0
466881,2026-04-01 02:00:00,21.1,0.0,0.3,0.0
466881,2026-04-01 03:00:00,21.2,0.05,0.8,49.0
466881,2026-04-01 04:00:00,20.5,0.05,0.4,190.0
466881,2026-04-01 05:00:00,21.4,0.5,0.1,0.0
466881,2026-04-01 06:00:00,21.3,1.0,0.1,0.0
466881,2026-04-01 07:00:00,20.9,0.5,1.2,327.0
466881,2026-04-01 08:00:00,19.9,0.05,1.4,316.0
466881,2026-04-01 09:00:00,19.1,0.05,2.4,293.0
466881,2026-04-01 10:00:00,18.8,1.0,2.0,250.0
466881,2026-04-01 11:00:00,19.0,0.5,1.8,248.0
466881,2026-04-01 12:00:00,19.6,0.05,2.4,259.0
466881,2026-04-01 13:00:00,20.0,0.0,2.2,271.0
466881,2026-04-01 14:00:00,18.9,0.0,2.5,59.0
466881,2026-04-01 15:00:00,19.0,0.0,0.6,137.0
466881,2026-04-01 16:00:00,19.1,0.0,1.3,86.0
466881,2026-04-01 17:00:00,18.8,0.0,1.9,81.0
466881,2026-04-01 18:00:00,18.3,0.0,1.7,112.0
466881,2026-04-01 19:00:00,18.0,0.0,1.7,134.0
466881,2026-04-01 20:00:00,17.5,0.0,1.9,107.0
466881,2026-04-01 21:00:00,17.6,0.0,1.8,120.0
466881,2026-04-01 22:00:00,17.2,0.0,1.5,103.0
466881,2026-04-01 23:00:00,17.6,0.0,2.0,132.0
466881,2026-04-02 00:00:00,17.3,0.0,2.5,135.0
466881,2026-04-02 01:00:00,15.6,0.0,2.2,111.0
466881,2026-04-02 02:00:00,15.3,0.0,2.5,111.0
466881,2026-04-02 03:00:00,15.5,0.0,2.2,134.0
466881,2026-04-02 04:00:00,14.9,0.0,1.7,130.0
466881,2026-04-02 05:00:00,14.9,0.0,1.7,113.0
466881,2026-04-02 06:00:00,14.3,0.0,2.0,121.0
466881,2026-04-02 07:00:00,15.8,0.0,1.8,99.0
466881,2026-04-02 08:00:00,20.4,0.0,2.0,87.0
466881,2026-04-02 09:00:00,23.4,0.0,3.3,80.0
466881,2026-04-02 10:00:00,23.9,0.0,3.1,90.0
466881,2026-04-02 11:00:00,26.1,0.0,3.7,95.0
466881,2026-04-02 12:00:00,27.2,0.0,2.9,108.0
466881,2026-04-02 13:00:00,27.7,0.0,3.3,105.0
466881,2026-04-02 14:00:00,27.1,0.0,4.0,94.0
466881,2026-04-02 15:00:00,25.2,0.0,4.4,98.0
466881,2026-04-02 16:00:00,22.7,0.0,4.1,112.0
466881,2026-04-02 17:00:00,22.1,0.0,3.8,123.0
466881,2026-04-02 18:00:00,21.6,0.0,3.9,119.0
466881,2026-04-02 19:00:00,21.4,0.0,3.7,117.0
466881,2026-04-02 20:00:00,21.8,0.0,4.0,125.0
466881,2026-04-02 21:00:00,22.2,0.0,4.4,124.0
466881,2026-04-02 22:00:00,22.3,0.0,3.5,125.0
466881,2026-04-02 23:00:00,21.4,0.05,1.8,160.0
466881,2026-04-03 00:00:00,18.5,2.0,2.5,150.0
466881,2026-04-03 01:00:00,18.7,2.0,3.9,135.0
466881,2026-04-03 02:00:00,19.1,1.0,2.7,110.0
466881,2026-04-03 03:00:00,17.9,1.0,0.7,151.0
466881,2026-04-03 04:00:00,17.7,3.0,1.3,181.0
466881,2026-04-03 05:00:00,18.2,3.0,2.5,292.0
466881,2026-04-03 06:00:00,17.3,11.0,3.6,152.0
466881,2026-04-03 07:00:00,17.4,7.0,3.8,143.0
466881,2026-04-03 08:00:00,18.2,1.5,1.9,297.0
466881,2026-04-03 09:00:00,17.6,11.0,3.6,145.0
466881,2026-04-03 10:00:00,18.4,0.05,2.1,108.0
466881,2026-04-03 11:00:00,18.8,0.05,0.7,242.0
466881,2026-04-03 12:00:00,21.8,0.5,1.1,71.0
466881,2026-04-03 13:00:00,24.5,0.0,0.8,44.0
466881,2026-04-03 14:00:00,25.7,0.0,1.2,56.0
466881,2026-04-03 15:00:00,26.5,0.0,1.1,71.0
466881,2026-04-03 16:00:00,25.1,0.0,1.5,111.0
466881,2026-04-03 17:00:00,25.0,0.0,0.9,149.0
466881,2026-04-03 18:00:00,22.6,0.0,0.2,0.0
466881,2026-04-03 19:00:00,21.8,0.0,1.1,124.0
466881,2026-04-03 20:00:00,21.6,0.0,1.6,129.0
466881,2026-04-03 21:00:00,21.7,0.0,1.0,190.0
466881,2026-04-03 22:00:00,21.6,0.05,0.8,208.0
466881,2026-04-03 23:00:00,21.0,2.5,1.7,142.0
466881,2026-04-04 00:00:00,21.6,6.0,2.0,315.0
466881,2026-04-04 01:00:00,20.8,3.0,1.1,89.0
466881,2026-04-04 02:00:00,20.7,1.5,2.1,153.0
466881,2026-04-04 03:00:00,20.1,2.5,0.7,209.0
466881,2026-04-04 04:00:00,19.7,0.05,0.7,360.0
466881,2026-04-04 05:00:00,19.5,9.5,1.4,294.0
466881,2026-04-04 06:00:00,19.6,4.0,1.5,161.0
466881,2026-04-04 07:00:00,19.7,1.5,0.4,305.0
466881,2026-04-04 08:00:00,20.2,0.5,0.5,360.0
466881,2026-04-04 09:00:00,20.1,0.05,1.7,207.0
466881,2026-04-04 10:00:00,19.8,0.05,0.5,5.0
466881,2026-04-04 11:00:00,20.0,0.05,0.5,108.0
466881,2026-04-04 12:00:00,20.1,0.0,1.4,127.0
466881,2026-04-04 13:00:00,20.2,7.0,1.1,360.0
466881,2026-04-04 14:00:00,19.2,3.5,0.7,58.0
466881,2026-04-04 15:00:00,19.7,1.5,0.4,360.0
466881,2026-04-04 16:00:00,20.8,0.0,1.4,59.0
466881,2026-04-04 17:00:00,20.7,0.0,1.2,115.0
466881,2026-04-04 18:00:00,19.9,0.0,1.1,76.0
466881,2026-04-04 19:00:00,19.4,0.05,1.3,174.0
466881,2026-04-04 20:00:00,18.8,1.0,1.3,125.0
466881,2026-04-04 21:00:00,18.7,1.0,1.3,148.0
466881,2026-04-04 22:00:00,18.8,5.0,0.2,0.0
466881,2026-04-04 23:00:00,18.4,2.0,1.8,102.0
466881,2026-04-05 00:00:00,18.5,0.05,1.5,122.0
466881,2026-04-05 01:00:00,18.5,0.05,0.4,108.0
466881,2026-04-05 02:00:00,18.7,0.05,0.3,215.0
466881,2026-04-05 03:00:00,18.7,0.05,0.1,0.0
466881,2026-04-05 04:00:00,18.7,0.5,0.2,0.0
466881,2026-04-05 05:00:00,18.6,0.0,0.2,0.0
466881,2026-04-05 06:00:00,18.8,0.0,1.8,127.0
466881,2026-04-05 07:00:00,19.3,0.0,1.4,102.0
466881,2026-04-05 08:00:00,22.3,0.0,1.0,111.0
466881,2026-04-05 09:00:00,23.2,0.0,0.1,0.0
466881,2026-04-05 10:00:00,25.8,0.0,1.4,73.0
466881,2026-04-05 11:00:00,26.6,0.0,1.4,304.0
466881,2026-04-05 12:00:00,26.7,0.0,2.3,301.0
466881,2026-04-05 13:00:00,25.8,0.0,1.9,292.0
466881,2026-04-05 14:00:00,25.3,0.0,0.8,269.0
466881,2026-04-05 15:00:00,25.8,0.0,0.2,0.0
466881,2026-04-05 16:00:00,25.3,0.0,1.1,61.0
466881,2026-04-05 17:00:00,25.0,0.0,0.9,95.0
466881,2026-04-05 18:00:00,24.1,0.0,0.1,0.0
466881,2026-04-05 19:00:00,23.4,0.0,1.4,127.0
466881,2026-04-05 20:00:00,23.1,0.0,1.3,260.0
466881,2026-04-05 21:00:00,21.8,0.0,0.4,233.0
466881,2026-04-05 22:00:00,21.0,0.0,0.5,32.0
466881,2026-04-05 23:00:00,20.7,0.0,1.6,89.0
466881,2026-04-06 00:00:00,22.1,0.0,2.3,148.0
466881,2026-04-06 01:00:00,20.9,0.0,0.7,104.0
466881,2026-04-06 02:00:00,20.7,0.0,0.4,76.0
466881,2026-04-06 03:00:00,20.6,0.05,0.5,79.0
466881,2026-04-06 04:00:00,20.6,4.0,1.5,110.0
466881,2026-04-06 05:00:00,21.2,5.5,2.5,251.0
466881,2026-04-06 06:00:00,21.0,6.0,0.6,47.0
466881,2026-04-06 07:00:00,20.9,5.0,0.7,123.0
466881,2026-04-06 08:00:00,21.7,0.05,0.5,149.0
466881,2026-04-06 09:00:00,22.4,1.0,1.3,112.0
466881,2026-04-06 10:00:00,23.9,0.0,1.0,231.0
466881,2026-04-06 11:00:00,25.1,0.0,0.5,179.0
466881,2026-04-06 12:00:00,25.9,0.05,0.8,57.0
466881,2026-04-06 13:00:00,25.3,0.05,0.7,277.0
466881,2026-04-06 14:00:00,24.5,1.5,0.2,0.0
466881,2026-04-06 15:00:00,25.1,0.0,0.6,141.0
466881,2026-04-06 16:00:00,25.8,0.0,0.9,41.0
466881,2026-04-06 17:00:00,24.7,0.0,0.0,0.0
466881,2026-04-06 18:00:00,24.1,0.0,0.3,126.0
466881,2026-04-06 19:00:00,23.4,0.0,0.2,0.0
466881,2026-04-06 20:00:00,23.2,0.0,2.2,135.0
466881,2026-04-06 21:00:00,23.1,0.0,0.8,83.0
466881,2026-04-06 22:00:00,22.6,0.0,0.3,169.0
466881,2026-04-06 23:00:00,22.8,0.05,2.7,149.0
466881,2026-04-07 00:00:00,22.6,0.5,1.2,162.0
466881,2026-04-07 01:00:00,22.1,0.0,0.3,360.0
466881,2026-04-07 02:00:00,22.6,0.0,0.7,149.0
466881,2026-04-07 03:00:00,21.9,0.0,0.6,38.0
466881,2026-04-07 04:00:00,22.2,0.0,1.1,137.0
466881,2026-04-07 05:00:00,21.3,0.0,0.1,0.0
466881,2026-04-07 06:00:00,21.8,0.0,0.5,360.0
466881,2026-04-07 07:00:00,22.3,0.0,0.9,266.0
466881,2026-04-07 08:00:00,21.8,0.05,2.4,50.0
466881,2026-04-07 09:00:00,21.1,2.5,0.9,69.0
466881,2026-04-07 10:00:00,20.9,0.05,2.0,65.0
466881,2026-04-07 11:00:00,21.5,0.0,1.2,66.0
466881,2026-04-07 12:00:00,20.6,0.05,2.9,65.0
466881,2026-04-07 13:00:00,20.5,0.5,2.2,69.0
466881,2026-04-07 14:00:00,20.2,0.5,2.2,85.0
466881,2026-04-07 15:00:00,19.9,3.5,1.4,74.0
466881,2026-04-07 16:00:00,19.8,4.5,1.6,88.0
466881,2026-04-07 17:00:00,19.6,3.0,0.3,104.0
466881,2026-04-07 18:00:00,19.3,0.5,1.4,57.0
466881,2026-04-07 19:00:00,19.1,0.05,1.3,59.0
466881,2026-04-07 20:00:00,18.9,0.5,1.8,70.0
466881,2026-04-07 21:00:00,19.1,0.0,0.7,66.0
466881,2026-04-07 22:00:00,19.0,0.05,1.8,125.0
466881,2026-04-07 23:00:00,19.3,0.0,2.2,120.0
466881,2026-04-08 00:00:00,19.4,0.0,4.0,86.0
466881,2026-04-08 01:00:00,19.8,0.0,2.4,96.0
466881,2026-04-08 02:00:00,19.8,0.0,2.9,86.0
466881,2026-04-08 03:00:00,19.8,0.0,2.4,88.0
466881,2026-04-08 04:00:00,20.2,0.05,3.0,63.0
466881,2026-04-08 05:00:00,19.4,1.0,1.9,90.0
466881,2026-04-08 06:00:00,19.6,0.5,3.1,63.0
466881,2026-04-08 07:00:00,20.1,0.0,1.9,155.0
466881,2026-04-08 08:00:00,20.8,0.05,2.1,59.0
466881,2026-04-08 09:00:00,20.8,0.05,1.8,56.0
466881,2026-04-08 10:00:00,21.4,1.0,0.7,76.0
466881,2026-04-08 11:00:00,22.3,1.0,1.2,136.0
466881,2026-04-08 12:00:00,22.9,0.05,1.1,131.0
466881,2026-04-08 13:00:00,24.5,0.05,1.6,93.0
466881,2026-04-08 14:00:00,24.5,0.0,1.0,157.0
466881,2026-04-08 15:00:00,24.7,0.0,1.0,121.0
466881,2026-04-08 16:00:00,24.1,0.0,1.2,100.0
466881,2026-04-08 17:00:00,23.4,0.0,0.9,106.0
466881,2026-04-08 18:00:00,22.9,0.05,0.8,282.0
466881,2026-04-08 19:00:00,22.2,0.05,0.6,81.0
466881,2026-04-08 20:00:00,22.0,0.05,0.2,0.0
466881,2026-04-08 21:00:00,21.9,0.0,0.1,0.0
466881,2026-04-08 22:00:00,22.0,0.0,0.8,211.0
466881,2026-04-08 23:00:00,21.9,0.0,0.2,0.0
466881,2026-04-09 00:00:00,21.8,0.0,0.6,219.0
466881,2026-04-09 01:00:00,21.7,0.0,0.0,0.0
466881,2026-04-09 02:00:00,21.5,0.0,0.2,0.0
466881,2026-04-09 03:00:00,21.5,0.0,0.0,0.0
466881,2026-04-09 04:00:00,21.3,0.0,0.1,0.0
466881,2026-04-09 05:00:00,21.4,0.0,0.0,0.0
466881,2026-04-09 06:00:00,20.9,0.0,0.2,0.0
466881,2026-04-09 07:00:00,21.6,0.0,1.4,123.0
466881,2026-04-09 08:00:00,24.1,0.0,1.7,183.0
466881,2026-04-09 09:00:00,25.5,0.0,1.9,261.0
466881,2026-04-09 10:00:00,27.2,0.0,2.0,276.0
466881,2026-04-09 11:00:00,27.9,0.0,1.4,349.0
466881,2026-04-09 12:00:00,28.3,0.0,3.6,277.0
466881,2026-04-09 13:00:00,29.8,0.0,1.8,264.0
466881,2026-04-09 14:00:00,29.8,0.0,1.5,285.0
466881,2026-04-09 15:00:00,30.3,0.0,2.1,297.0
466881,2026-04-09 16:00:00,30.1,0.0,0.3,322.0
466881,2026-04-09 17:00:00,29.0,0.0,0.5,18.0
466881,2026-04-09 18:00:00,27.1,0.0,1.1,60.0
466881,2026-04-09 19:00:00,25.8,0.0,0.2,0.0
466881,2026-04-09 20:00:00,25.2,0.0,0.0,0.0
466881,2026-04-09 21:00:00,25.0,0.0,0.5,194.0
466881,2026-04-09 22:00:00,24.2,0.0,0.3,144.0
466881,2026-04-09 23:00:00,22.9,0.0,0.6,197.0
466881,2026-04-10 00:00:00,23.3,0.0,0.2,0.0
466881,2026-04-10 01:00:00,23.1,0.0,0.3,172.0
466881,2026-04-10 02:00:00,22.3,0.0,0.1,0.0
466881,2026-04-10 03:00:00,21.5,0.0,0.5,187.0
466881,2026-04-10 04:00:00,20.8,0.0,0.3,177.0
466881,2026-04-10 05:00:00,21.0,0.0,0.4,141.0
466881,2026-04-10 06:00:00,20.7,0.0,0.8,283.0
466881,2026-04-10 07:00:00,21.7,0.0,0.2,0.0
466881,2026-04-10 08:00:00,23.8,0.0,1.2,138.0
466881,2026-04-10 09:00:00,26.7,0.0,0.7,134.0
466881,2026-04-10 10:00:00,29.3,0.0,1.3,255.0
466881,2026-04-10 11:00:00,31.2,0.0,2.5,270.0
466881,2026-04-10 12:00:00,32.2,0.0,3.5,273.0
466881,2026-04-10 13:00:00,32.5,0.0,5.8,253.0
466881,2026-04-10 14:00:00,32.1,0.0,6.2,290.0
466881,2026-04-10 15:00:00,32.0,0.0,5.1,291.0
466881,2026-04-10 16:00:00,31.3,0.0,5.1,285.0
466881,2026-04-10 17:00:00,30.9,0.0,2.6,282.0
466881,2026-04-10 18:00:00,27.8,0.0,0.6,199.0
466881,2026-04-10 19:00:00,24.8,0.0,0.8,213.0
466881,2026-04-10 20:00:00,24.8,0.0,1.5,138.0
466881,2026-04-10 21:00:00,24.2,0.0,1.8,132.0
466881,2026-04-10 22:00:00,22.6,0.0,1.3,104.0
466881,2026-04-10 23:00:00,22.7,0.0,0.5,84.0
466881,2026-04-11 00:00:00,22.1,0.0,1.3,112.0
466881,2026-04-11 01:00:00,22.0,0.0,1.8,119.0
466881,2026-04-11 02:00:00,21.6,0.0,1.7,85.0
466881,2026-04-11 03:00:00,21.3,0.0,0.2,0.0
466881,2026-04-11 04:00:00,21.1,0.0,0.1,0.0
466881,2026-04-11 05:00:00,20.5,0.0,0.6,200.0
466881,2026-04-11 06:00:00,20.9,0.0,0.7,132.0
466881,2026-04-11 07:00:00,22.5,0.0,0.2,0.0
466881,2026-04-11 08:00:00,24.8,0.0,0.5,32.0
466881,2026-04-11 09:00:00,27.0,0.0,0.6,345.0
466881,2026-04-11 10:00:00,29.3,0.0,1.0,272.0
466881,2026-04-11 11:00:00,30.6,0.0,1.0,292.0
466881,2026-04-11 12:00:00,31.9,0.0,3.3,292.0
466881,2026-04-11 13:00:00,29.2,0.0,1.9,331.0
466881,2026-04-11 14:00:00,29.5,0.0,3.8,297.0
466881,2026-04-11 15:00:00,28.8,0.0,2.2,314.0
466881,2026-04-11 16:00:00,28.5,0.0,1.2,294.0
466881,2026-04-11 17:00:00,27.5,0.0,1.1,42.0
466881,2026-04-11 18:00:00,26.5,0.0,0.8,119.0
466881,2026-04-11 19:00:00,25.9,0.05,0.7,175.0
466881,2026-04-11 20:00:00,25.1,0.05,0.4,130.0
466881,2026-04-11 21:00:00,24.6,0.0,0.1,0.0
466881,2026-04-11 22:00:00,24.3,0.0,0.4,99.0
466881,2026-04-11 23:00:00,24.4,0.0,1.0,124.0
466881,2026-04-12 00:00:00,23.8,0.0,0.8,63.0
466881,2026-04-12 01:00:00,23.1,0.0,0.1,0.0
466881,2026-04-12 02:00:00,23.2,0.0,0.1,0.0
466881,2026-04-12 03:00:00,23.3,0.0,0.3,88.0
466881,2026-04-12 04:00:00,23.3,0.0,1.1,136.0
466881,2026-04-12 05:00:00,22.1,0.0,0.2,0.0
466881,2026-04-12 06:00:00,21.8,0.0,0.3,60.0
466881,2026-04-12 07:00:00,23.2,0.0,0.4,36.0
466881,2026-04-12 08:00:00,25.6,0.0,0.5,104.0
466881,2026-04-12 09:00:00,27.5,0.0,0.8,216.0
466881,2026-04-12 10:00:00,28.7,0.0,1.7,69.0
466881,2026-04-12 11:00:00,29.8,0.0,0.9,73.0
466881,2026-04-12 12:00:00,30.3,0.0,1.2,292.0
466881,2026-04-12 13:00:00,31.9,0.0,1.8,250.0
466881,2026-04-12 14:00:00,31.7,0.0,1.6,298.0
466881,2026-04-12 15:00:00,30.5,0.0,1.6,295.0
466881,2026-04-12 16:00:00,29.7,0.0,1.5,253.0
466881,2026-04-12 17:00:00,28.7,0.0,2.2,301.0
466881,2026-04-12 18:00:00,28.1,0.0,1.4,282.0
466881,2026-04-12 19:00:00,25.3,0.0,0.1,0.0
466881,2026-04-12 20:00:00,25.8,0.0,1.1,243.0
466881,2026-04-12 21:00:00,24.2,0.0,0.3,191.0
466881,2026-04-12 22:00:00,23.8,0.0,0.4,92.0
466881,2026-04-12 23:00:00,23.0,0.0,1.0,107.0
466881,2026-04-13 00:00:00,22.8,0.0,0.3,360.0
466881,2026-04-13 01:00:00,22.6,0.0,0.6,223.0
466881,2026-04-13 02:00:00,22.1,0.0,0.2,0.0
466881,2026-04-13 03:00:00,22.0,0.0,0.4,349.0
466881,2026-04-13 04:00:00,21.6,0.0,0.1,0.0
466881,2026-04-13 05:00:00,21.4,0.0,0.1,0.0
466881,2026-04-13 06:00:00,21.8,0.0,1.0,161.0
466881,2026-04-13 07:00:00,23.4,0.0,0.9,122.0
466881,2026-04-13 08:00:00,25.8,0.0,1.3,151.0
466881,2026-04-13 09:00:00,27.7,0.0,0.6,127.0
466881,2026-04-13 10:00:00,29.7,0.0,1.4,326.0
466881,2026-04-13 11:00:00,30.8,0.0,1.6,327.0
466881,2026-04-13 12:00:00,31.0,0.0,1.9,311.0
466881,2026-04-13 13:00:00,31.4,0.0,1.8,332.0
466881,2026-04-13 14:00:00,30.5,0.0,1.3,356.0
466881,2026-04-13 15:00:00,29.1,0.0,1.5,20.0
466881,2026-04-13 16:00:00,28.9,0.0,2.0,295.0
466881,2026-04-13 17:00:00,28.9,0.0,2.1,262.0
466881,2026-04-13 18:00:00,28.2,0.0,1.5,270.0
466881,2026-04-13 19:00:00,27.4,0.0,0.7,250.0
466881,2026-04-13 20:00:00,26.3,0.0,0.6,300.0
466881,2026-04-13 21:00:00,26.8,0.0,1.7,251.0
466881,2026-04-13 22:00:00,26.1,0.0,1.2,266.0
466881,2026-04-13 23:00:00,24.9,0.0,0.3,266.0
466881,2026-04-14 00:00:00,24.3,0.0,0.1,0.0
466881,2026-04-14 01:00:00,23.9,0.0,0.1,0.0
466881,2026-04-14 02:00:00,23.3,0.0,0.0,0.0
466881,2026-04-14 03:00:00,23.5,0.0,0.1,0.0
466881,2026-04-14 04:00:00,22.9,0.0,0.4,151.0
466881,2026-04-14 05:00:00,22.6,0.0,1.3,143.0
466881,2026-04-14 06:00:00,22.0,0.0,0.6,260.0
466881,2026-04-14 07:00:00,23.7,0.0,0.4,61.0
466881,2026-04-14 08:00:00,26.2,0.0,1.2,207.0
466881,2026-04-14 09:00:00,27.9,0.0,0.5,126.0
466881,2026-04-14 10:00:00,29.3,0.0,2.7,264.0
466881,2026-04-14 11:00:00,30.5,0.0,4.0,264.0
466881,2026-04-14 12:00:00,31.2,0.0,2.1,248.0
466881,2026-04-14 13:00:00,31.5,0.0,0.8,360.0
466881,2026-04-14 14:00:00,32.3,0.0,1.5,274.0
466881,2026-04-14 15:00:00,32.1,0.0,1.6,286.0
466881,2026-04-14 16:00:00,30.7,0.0,3.7,303.0
466881,2026-04-14 17:00:00,29.9,0.0,1.2,291.0
466881,2026-04-14 18:00:00,28.6,0.0,0.9,342.0
466881,2026-04-14 19:00:00,27.7,0.0,0.8,254.0
466881,2026-04-14 20:00:00,25.5,0.0,0.5,284.0
466881,2026-04-14 21:00:00,25.8,0.0,1.1,255.0
466881,2026-04-14 22:00:00,24.7,0.0,0.5,204.0
466881,2026-04-14 23:00:00,24.1,0.0,0.3,216.0
466881,2026-04-15 00:00:00,23.3,0.0,0.1,0.0
466881,2026-04-15 01:00:00,23.5,0.0,1.1,151.0
466881,2026-04-15 02:00:00,23.0,0.0,0.4,183.0
466881,2026-04-15 03:00:00,22.8,0.0,1.2,65.0
466881,2026-04-15 04:00:00,22.8,0.0,1.1,91.0
466881,2026-04-15 05:00:00,22.9,0.0,1.7,121.0
466881,2026-04-15 06:00:00,22.8,0.0,1.4,119.0
466881,2026-04-15 07:00:00,24.0,0.0,2.4,140.0
466881,2026-04-15 08:00:00,25.6,0.0,1.5,139.0
466881,2026-04-15 09:00:00,27.5,0.0,0.8,134.0
466881,2026-04-15 10:00:00,28.9,0.0,1.3,219.0
466881,2026-04-15 11:00:00,30.1,0.0,1.2,240.0
466881,2026-04-15 12:00:00,30.6,0.0,1.6,209.0
466881,2026-04-15 13:00:00,31.2,0.0,2.7,292.0
466881,2026-04-15 14:00:00,28.8,0.0,2.0,20.0
466881,2026-04-15 15:00:00,27.2,0.05,1.5,23.0
466881,2026-04-15 16:00:00,26.3,0.05,1.0,36.0
466881,2026-04-15 17:00:00,24.9,0.05,0.9,98.0
466881,2026-04-15 18:00:00,24.5,0.5,0.6,239.0
466881,2026-04-15 19:00:00,24.2,0.05,0.3,143.0
466881,2026-04-15 20:00:00,23.8,0.05,1.6,44.0
466881,2026-04-15 21:00:00,23.6,1.0,0.7,29.0
466881,2026-04-15 22:00:00,23.6,0.05,0.1,0.0
466881,2026-04-15 23:00:00,23.2,0.5,0.6,17.0
466881,2026-04-16 00:00:00,22.9,1.0,0.7,38.0
466881,2026-04-16 01:00:00,22.6,3.0,1.8,14.0
466881,2026-04-16 02:00:00,21.9,1.0,0.9,51.0
466881,2026-04-16 03:00:00,22.2,0.0,0.8,137.0
466881,2026-04-16 04:00:00,22.2,0.05,0.3,360.0
466881,2026-04-16 05:00:00,22.1,0.0,0.5,69.0
466881,2026-04-16 06:00:00,22.1,0.0,0.6,51.0
466881,2026-04-16 07:00:00,22.7,0.0,0.3,118.0
466881,2026-04-16 08:00:00,24.0,0.0,1.6,72.0
466881,2026-04-16 09:00:00,24.5,0.0,2.3,58.0
466881,2026-04-16 10:00:00,25.8,0.0,1.9,49.0
466881,2026-04-16 11:00:00,27.0,0.0,3.0,57.0
466881,2026-04-16 12:00:00,27.2,0.0,1.6,350.0
466881,2026-04-16 13:00:00,26.8,0.0,1.1,282.0
466881,2026-04-16 14:00:00,27.0,0.0,1.8,78.0
466881,2026-04-16 15:00:00,26.2,0.0,1.5,28.0
466881,2026-04-16 16:00:00,25.9,0.0,0.5,356.0
466881,2026-04-16 17:00:00,24.7,0.05,0.2,0.0
466881,2026-04-16 18:00:00,24.5,1.0,0.4,248.0
466881,2026-04-16 19:00:00,24.0,1.0,0.8,255.0
466881,2026-04-16 20:00:00,23.8,0.05,0.7,257.0
466881,2026-04-16 21:00:00,23.8,0.5,1.2,264.0
466881,2026-04-16 22:00:00,23.7,1.5,1.4,246.0
466881,2026-04-16 23:00:00,23.0,0.5,0.9,160.0
466881,2026-04-17 00:00:00,22.4,0.0,0.8,156.0
466881,2026-04-17 01:00:00,22.1,0.0,0.7,297.0
466881,2026-04-17 02:00:00,22.0,0.0,1.1,242.0
466881,2026-04-17 03:00:00,21.8,0.0,0.0,0.0
466881,2026-04-17 04:00:00,21.8,0.0,0.3,175.0
466881,2026-04-17 05:00:00,21.7,0.0,0.1,0.0
466881,2026-04-17 06:00:00,21.7,0.0,0.2,0.0
466881,2026-04-17 07:00:00,22.6,0.0,0.6,143.0
466881,2026-04-17 08:00:00,24.2,0.0,0.6,84.0
466881,2026-04-17 09:00:00,25.5,0.0,1.1,253.0
466881,2026-04-17 10:00:00,26.3,0.0,1.0,262.0
466881,2026-04-17 11:00:00,28.1,0.0,1.4,308.0
466881,2026-04-17 12:00:00,28.6,0.0,1.4,299.0
466881,2026-04-17 13:00:00,28.9,0.0,1.2,297.0
466881,2026-04-17 14:00:00,29.2,0.0,1.8,35.0
466881,2026-04-17 15:00:00,27.9,0.0,1.7,308.0
466881,2026-04-17 16:00:00,26.6,0.0,1.7,317.0
466881,2026-04-17 17:00:00,25.4,0.0,2.0,287.0
466881,2026-04-17 18:00:00,24.3,0.0,1.7,67.0
466881,2026-04-17 19:00:00,23.8,0.05,2.1,71.0
466881,2026-04-17 20:00:00,23.6,0.0,0.9,93.0
466881,2026-04-17 21:00:00,22.7,0.0,0.6,131.0
466881,2026-04-17 22:00:00,22.8,0.0,2.0,67.0
466881,2026-04-17 23:00:00,23.0,0.0,2.1,69.0
466881,2026-04-18 00:00:00,22.4,0.0,0.8,67.0
466881,2026-04-18 01:00:00,22.5,0.0,1.0,61.0
466881,2026-04-18 02:00:00,22.6,0.0,1.0,61.0
466881,2026-04-18 03:00:00,22.4,0.0,1.0,69.0
466881,2026-04-18 04:00:00,22.4,0.0,1.1,46.0
466881,2026-04-18 05:00:00,22.1,0.0,0.0,0.0
466881,2026-04-18 06:00:00,21.7,0.0,0.0,0.0
466881,2026-04-18 07:00:00,22.6,0.0,1.3,60.0
466881,2026-04-18 08:00:00,23.6,0.0,0.9,76.0
466881,2026-04-18 09:00:00,24.7,0.0,1.1,41.0
466881,2026-04-18 10:00:00,25.5,0.0,2.2,56.0
466881,2026-04-18 11:00:00,26.2,0.0,1.3,41.0
466881,2026-04-18 12:00:00,27.2,0.0,1.3,10.0
466881,2026-04-18 13:00:00,26.8,0.0,0.9,278.0
466881,2026-04-18 14:00:00,24.0,6.5,1.8,337.0
466881,2026-04-18 15:00:00,22.6,6.5,0.6,58.0
466881,2026-04-18 16:00:00,22.2,1.0,2.3,43.0
466881,2026-04-18 17:00:00,21.9,0.0,1.8,64.0
466881,2026-04-18 18:00:00,22.0,0.05,2.8,59.0
466881,2026-04-18 19:00:00,21.8,0.05,1.2,92.0
466881,2026-04-18 20:00:00,21.6,0.0,1.5,42.0
466881,2026-04-18 21:00:00,21.4,0.0,0.4,100.0
466881,2026-04-18 22:00:00,21.4,0.0,0.8,141.0
466881,2026-04-18 23:00:00,21.1,0.0,0.4,134.0
466881,2026-04-19 00:00:00,21.0,0.0,0.3,116.0
466881,2026-04-19 01:00:00,21.2,0.0,0.2,0.0
466881,2026-04-19 02:00:00,21.0,0.0,0.5,109.0
466881,2026-04-19 03:00:00,20.9,0.0,1.2,131.0
466881,2026-04-19 04:00:00,20.9,0.0,0.2,0.0
466881,2026-04-19 05:00:00,20.5,0.0,0.1,0.0
466881,2026-04-19 06:00:00,20.9,0.0,0.9,144.0
466881,2026-04-19 07:00:00,21.9,0.0,1.3,135.0
466881,2026-04-19 08:00:00,23.4,0.0,0.5,144.0
466881,2026-04-19 09:00:00,24.4,0.0,1.6,63.0
466881,2026-04-19 10:00:00,25.9,0.0,0.8,47.0
466881,2026-04-19 11:00:00,26.7,0.0,1.3,70.0
466881,2026-04-19 12:00:00,27.6,0.0,1.4,26.0
466881,2026-04-19 13:00:00,28.3,0.0,2.7,62.0
466881,2026-04-19 14:00:00,28.5,0.0,2.5,64.0
466881,2026-04-19 15:00:00,28.0,0.0,2.3,49.0
466881,2026-04-19 16:00:00,27.5,0.0,2.1,61.0
466881,2026-04-19 17:00:00,26.2,0.0,2.0,47.0
466881,2026-04-19 18:00:00,24.5,0.0,1.5,62.0
466881,2026-04-19 19:00:00,22.7,0.0,1.0,52.0
466881,2026-04-19 20:00:00,21.2,0.0,0.9,97.0
466881,2026-04-19 21:00:00,20.5,0.0,1.6,98.0
466881,2026-04-19 22:00:00,20.7,0.0,2.2,100.0
466881,2026-04-19 23:00:00,20.7,0.0,2.1,118.0
466881,2026-04-20 00:00:00,20.5,0.0,1.2,126.0
466881,2026-04-20 01:00:00,20.2,0.0,0.5,327.0
466881,2026-04-20 02:00:00,19.6,0.0,0.9,242.0
466881,2026-04-20 03:00:00,18.4,0.0,0.4,303.0
466881,2026-04-20 04:00:00,17.4,0.0,0.3,289.0
466881,2026-04-20 05:00:00,16.8,0.0,0.4,338.0
466881,2026-04-20 06:00:00,19.0,0.0,1.4,353.0
466881,2026-04-20 07:00:00,20.7,0.0,0.8,38.0
466881,2026-04-20 08:00:00,23.3,0.0,1.8,137.0
466881,2026-04-20 09:00:00,26.5,0.0,2.4,152.0
466881,2026-04-20 10:00:00,28.0,0.0,1.6,47.0
466881,2026-04-20 11:00:00,29.5,0.0,1.2,34.0
466881,2026-04-20 12:00:00,31.4,0.0,2.1,14.0
466881,2026-04-20 13:00:00,29.8,0.0,1.5,317.0
466881,2026-04-20 14:00:00,30.0,0.0,1.5,320.0
466881,2026-04-20 15:00:00,29.5,0.0,1.1,14.0
466881,2026-04-20 16:00:00,29.8,0.0,0.4,353.0
466881,2026-04-20 17:00:00,27.8,0.0,2.2,76.0
466881,2026-04-20 18:00:00,25.7,0.0,0.8,132.0
466881,2026-04-20 19:00:00,23.9,0.0,1.8,124.0
466881,2026-04-20 20:00:00,22.7,0.0,1.4,111.0
466881,2026-04-20 21:00:00,23.1,0.0,2.3,142.0
466881,2026-04-20 22:00:00,22.7,0.0,2.4,135.0
466881,2026-04-20 23:00:00,23.1,0.0,2.9,141.0
466881,2026-04-21 00:00:00,22.9,0.0,3.4,153.0
466881,2026-04-21 01:00:00,23.3,0.0,2.0,144.0
466881,2026-04-21 02:00:00,23.3,0.0,3.0,143.0
466881,2026-04-21 03:00:00,22.7,0.0,0.7,170.0
466881,2026-04-21 04:00:00,21.6,0.0,1.9,142.0
466881,2026-04-21 05:00:00,20.2,0.0,0.2,0.0
466881,2026-04-21 06:00:00,20.0,0.0,0.5,85.0
466881,2026-04-21 07:00:00,23.6,0.0,1.8,135.0
466881,2026-04-21 08:00:00,25.5,0.0,2.6,92.0
466881,2026-04-21 09:00:00,27.5,0.0,3.2,98.0
466881,2026-04-21 10:00:00,28.2,0.0,4.6,100.0
466881,2026-04-21 11:00:00,28.6,0.0,4.2,103.0
466881,2026-04-21 12:00:00,28.1,0.0,4.2,108.0
466881,2026-04-21 13:00:00,27.3,0.0,4.9,98.0
466881,2026-04-21 14:00:00,27.9,0.0,5.2,113.0
466881,2026-04-21 15:00:00,27.4,0.0,4.1,121.0
466881,2026-04-21 16:00:00,26.3,0.0,3.6,115.0
466881,2026-04-21 17:00:00,25.7,0.0,3.4,122.0
466881,2026-04-21 18:00:00,25.0,0.0,2.6,119.0
466881,2026-04-21 19:00:00,24.7,0.0,2.4,138.0
466881,2026-04-21 20:00:00,24.7,0.0,2.0,150.0
466881,2026-04-21 21:00:00,24.5,0.0,2.6,145.0
466881,2026-04-21 22:00:00,24.2,0.0,2.8,144.0
466881,2026-04-21 23:00:00,24.0,0.0,1.6,140.0
466881,2026-04-22 00:00:00,23.5,0.0,2.4,142.0
466881,2026-04-22 01:00:00,23.9,0.0,2.9,152.0
466881,2026-04-22 02:00:00,23.5,0.0,2.5,155.0
466881,2026-04-22 03:00:00,22.5,0.0,1.4,144.0
466881,2026-04-22 04:00:00,22.8,0.0,2.5,151.0
466881,2026-04-22 05:00:00,22.2,0.0,0.7,176.0
466881,2026-04-22 06:00:00,21.3,0.0,0.8,300.0
466881,2026-04-22 07:00:00,23.4,0.0,0.5,108.0
466881,2026-04-22 08:00:00,25.3,0.0,1.2,155.0
466881,2026-04-22 09:00:00,27.7,0.0,1.0,113.0
466881,2026-04-22 10:00:00,28.2,0.0,0.5,323.0
466881,2026-04-22 11:00:00,29.7,0.0,1.3,6.0
466881,2026-04-22 12:00:00,30.2,0.0,1.1,8.0
466881,2026-04-22 13:00:00,31.2,0.0,1.9,251.0
466881,2026-04-22 14:00:00,30.7,0.0,2.0,293.0
466881,2026-04-22 15:00:00,29.8,0.05,1.9,293.0
466881,2026-04-22 16:00:00,28.6,0.0,1.0,10.0
466881,2026-04-22 17:00:00,28.0,0.0,1.6,90.0
466881,2026-04-22 18:00:00,26.8,0.0,0.7,89.0
466881,2026-04-22 19:00:00,26.2,0.0,0.8,123.0
466881,2026-04-22 20:00:00,25.8,0.0,1.1,112.0
466881,2026-04-22 21:00:00,25.1,0.0,1.2,131.0
466881,2026-04-22 22:00:00,24.2,0.0,1.6,131.0
466881,2026-04-22 23:00:00,24.0,0.0,1.7,131.0
466881,2026-04-23 00:00:00,24.0,0.05,0.8,156.0
466881,2026-04-23 01:00:00,23.2,0.05,0.9,96.0
466881,2026-04-23 02:00:00,23.1,0.05,0.6,137.0
466881,2026-04-23 03:00:00,22.5,0.5,2.1,205.0
466881,2026-04-23 04:00:00,21.4,0.0,0.3,163.0
466881,2026-04-23 05:00:00,20.9,0.0,0.5,356.0
466881,2026-04-23 06:00:00,20.9,0.0,0.3,12.0
466881,2026-04-23 07:00:00,21.6,0.0,1.9,143.0
466881,2026-04-23 08:00:00,24.1,0.0,0.7,162.0
466881,2026-04-23 09:00:00,26.6,0.0,1.0,126.0
466881,2026-04-23 10:00:00,30.1,0.0,4.7,270.0
466881,2026-04-23 11:00:00,30.9,0.0,2.6,270.0
466881,2026-04-23 12:00:00,31.6,0.0,1.3,258.0
466881,2026-04-23 13:00:00,31.2,0.0,4.7,295.0
466881,2026-04-23 14:00:00,30.4,0.0,3.3,278.0
466881,2026-04-23 15:00:00,29.0,0.0,2.5,301.0
466881,2026-04-23 16:00:00,23.8,0.0,3.8,59.0
466881,2026-04-23 17:00:00,21.3,5.5,2.7,73.0
466881,2026-04-23 18:00:00,20.8,8.0,1.5,88.0
466881,2026-04-23 19:00:00,20.4,2.5,2.4,65.0
466881,2026-04-23 20:00:00,20.2,5.5,0.9,6.0
466881,2026-04-23 21:00:00,20.0,0.5,1.8,105.0
466881,2026-04-23 22:00:00,19.7,0.0,1.1,58.0
466881,2026-04-23 23:00:00,19.9,1.0,0.3,186.0
466881,2026-04-24 00:00:00,19.8,0.5,0.5,75.0
466881,2026-04-24 01:00:00,19.9,0.5,1.0,145.0
466881,2026-04-24 02:00:00,20.1,0.05,0.4,132.0
466881,2026-04-24 03:00:00,19.5,3.5,1.6,37.0
466881,2026-04-24 04:00:00,19.3,4.0,0.7,89.0
466881,2026-04-24 05:00:00,19.3,4.5,0.3,246.0
466881,2026-04-24 06:00:00,19.4,1.5,0.6,79.0
466881,2026-04-24 07:00:00,19.4,1.0,2.4,77.0
466881,2026-04-24 08:00:00,19.6,1.0,0.8,83.0
466881,2026-04-24 09:00:00,19.6,0.5,2.2,65.0
466881,2026-04-24 10:00:00,19.9,0.05,1.6,50.0
466881,2026-04-24 11:00:00,19.7,0.05,2.6,49.0
466881,2026-04-24 12:00:00,19.8,0.5,2.9,60.0
466881,2026-04-24 13:00:00,19.8,0.0,0.9,79.0
466881,2026-04-24 14:00:00,19.7,0.05,1.5,80.0
466881,2026-04-24 15:00:00,19.3,2.0,1.8,92.0
466881,2026-04-24 16:00:00,19.5,0.05,0.1,0.0
466881,2026-04-24 17:00:00,19.1,0.05,0.2,0.0
466881,2026-04-24 18:00:00,18.7,0.5,0.8,124.0
466881,2026-04-24 19:00:00,18.2,2.5,1.1,81.0
466881,2026-04-24 20:00:00,18.0,3.5,0.6,176.0
466881,2026-04-24 21:00:00,17.9,5.0,0.9,271.0
466881,2026-04-24 22:00:00,17.7,4.0,1.3,118.0
466881,2026-04-24 23:00:00,17.5,2.0,1.8,128.0
466881,2026-04-25 00:00:00,17.6,0.5,1.8,146.0
466881,2026-04-25 01:00:00,17.6,0.5,1.7,126.0
466881,2026-04-25 02:00:00,17.5,0.5,1.1,101.0
466881,2026-04-25 03:00:00,17.7,0.5,0.3,149.0
466881,2026-04-25 04:00:00,17.6,0.05,1.3,139.0
466881,2026-04-25 05:00:00,17.8,0.05,0.4,98.0
466881,2026-04-25 06:00:00,17.8,0.5,1.1,130.0
466881,2026-04-25 07:00:00,18.1,0.0,1.8,80.0
466881,2026-04-25 08:00:00,19.3,0.0,1.2,128.0
466881,2026-04-25 09:00:00,20.5,0.0,2.9,65.0
466881,2026-04-25 10:00:00,20.7,0.0,2.1,67.0
466881,2026-04-25 11:00:00,20.6,0.05,2.4,73.0
466881,2026-04-25 12:00:00,20.3,0.05,2.2,69.0
466881,2026-04-25 13:00:00,20.9,0.05,1.8,111.0
466881,2026-04-25 14:00:00,20.4,0.0,1.8,63.0
466881,2026-04-25 15:00:00,18.7,0.5,3.0,57.0
466881,2026-04-25 16:00:00,18.5,0.05,2.3,54.0
466881,2026-04-25 17:00:00,18.5,0.5,1.0,56.0
466881,2026-04-25 18:00:00,18.5,0.05,0.8,11.0
466881,2026-04-25 19:00:00,18.4,1.5,0.2,0.0
466881,2026-04-25 20:00:00,18.2,0.5,1.0,80.0
466881,2026-04-25 21:00:00,18.2,0.0,0.9,115.0
466881,2026-04-25 22:00:00,18.3,0.05,1.0,31.0
466881,2026-04-25 23:00:00,18.3,0.5,1.7,145.0
466881,2026-04-26 00:00:00,18.2,0.0,1.5,130.0
466881,2026-04-26 01:00:00,18.2,0.0,1.0,39.0
466881,2026-04-26 02:00:00,17.9,0.0,0.3,114.0
466881,2026-04-26 03:00:00,18.0,0.0,0.0,0.0
466881,2026-04-26 04:00:00,18.1,0.0,0.2,0.0
466881,2026-04-26 05:00:00,17.7,0.0,0.5,116.0
466881,2026-04-26 06:00:00,17.9,0.0,0.6,81.0
466881,2026-04-26 07:00:00,19.2,0.0,0.6,111.0
466881,2026-04-26 08:00:00,21.6,0.0,0.8,62.0
466881,2026-04-26 09:00:00,23.3,0.0,0.8,101.0
466881,2026-04-26 10:00:00,24.8,0.0,0.9,110.0
466881,2026-04-26 11:00:00,26.2,0.0,1.3,341.0
466881,2026-04-26 12:00:00,26.9,0.0,1.4,360.0
466881,2026-04-26 13:00:00,28.0,0.0,1.7,41.0
466881,2026-04-26 14:00:00,28.8,0.0,2.1,334.0
466881,2026-04-26 15:00:00,28.5,0.0,1.9,15.0
466881,2026-04-26 16:00:00,27.7,0.0,2.7,59.0
466881,2026-04-26 17:00:00,26.3,0.0,2.5,71.0
466881,2026-04-26 18:00:00,24.5,0.0,0.5,37.0
466881,2026-04-26 19:00:00,21.3,0.0,0.2,0.0
466881,2026-04-26 20:00:00,20.1,0.0,2.1,106.0
466881,2026-04-26 21:00:00,19.9,0.0,2.3,115.0
466881,2026-04-26 22:00:00,20.8,0.0,3.0,148.0
466881,2026-04-26 23:00:00,20.9,0.0,3.0,149.0
466881,2026-04-27 00:00:00,20.8,0.0,4.0,143.0
466881,2026-04-27 01:00:00,20.7,0.0,2.7,154.0
466881,2026-04-27 02:00:00,17.9,0.0,1.5,300.0
466881,2026-04-27 03:00:00,16.5,0.0,0.8,304.0
466881,2026-04-27 04:00:00,16.0,0.0,0.6,276.0
466881,2026-04-27 05:00:00,16.7,0.0,1.4,300.0
466881,2026-04-27 06:00:00,17.1,0.0,0.6,310.0
466881,2026-04-27 07:00:00,19.2,0.0,0.6,289.0
466881,2026-04-27 08:00:00,22.6,0.0,1.7,155.0
466881,2026-04-27 09:00:00,25.5,0.0,1.0,148.0
466881,2026-04-27 10:00:00,27.4,0.0,0.9,137.0
466881,2026-04-27 11:00:00,29.2,0.0,1.7,41.0
466881,2026-04-27 12:00:00,30.0,0.0,0.8,6.0
466881,2026-04-27 13:00:00,30.6,0.0,1.8,310.0
466881,2026-04-27 14:00:00,29.8,0.0,1.4,345.0
466881,2026-04-27 15:00:00,27.7,0.0,1.5,32.0
466881,2026-04-27 16:00:00,27.2,0.0,1.3,325.0
466881,2026-04-27 17:00:00,26.8,0.0,1.4,308.0
466881,2026-04-27 18:00:00,25.9,0.0,0.9,279.0
466881,2026-04-27 19:00:00,22.7,0.0,1.0,152.0
466881,2026-04-27 20:00:00,21.9,0.0,1.1,122.0
466881,2026-04-27 21:00:00,20.9,0.0,0.5,35.0
466881,2026-04-27 22:00:00,20.3,0.0,0.0,0.0
466881,2026-04-27 23:00:00,20.1,0.0,0.4,57.0
466881,2026-04-28 00:00:00,19.8,0.0,1.6,140.0
466881,2026-04-28 01:00:00,19.6,0.0,0.5,20.0
466881,2026-04-28 02:00:00,19.0,0.0,0.2,0.0
466881,2026-04-28 03:00:00,19.8,0.0,0.5,133.0
466881,2026-04-28 04:00:00,19.5,0.0,0.4,331.0
466881,2026-04-28 05:00:00,19.5,0.0,0.5,314.0
466881,2026-04-28 06:00:00,19.7,0.0,1.1,293.0
466881,2026-04-28 07:00:00,22.4,0.0,1.4,157.0
466881,2026-04-28 08:00:00,24.0,0.0,2.3,145.0
466881,2026-04-28 09:00:00,26.2,0.0,0.1,0.0
466881,2026-04-28 10:00:00,27.8,0.0,0.7,351.0
466881,2026-04-28 11:00:00,28.8,0.0,0.4,331.0
466881,2026-04-28 12:00:00,29.6,0.0,1.5,305.0
466881,2026-04-28 13:00:00,31.2,0.0,2.1,265.0
466881,2026-04-28 14:00:00,28.4,0.0,1.8,306.0
466881,2026-04-28 15:00:00,28.9,0.0,2.3,281.0
466881,2026-04-28 16:00:00,27.3,0.0,1.8,61.0
466881,2026-04-28 17:00:00,26.4,0.05,2.0,108.0
466881,2026-04-28 18:00:00,25.6,0.0,2.6,108.0
466881,2026-04-28 19:00:00,24.8,0.0,2.2,142.0
466881,2026-04-28 20:00:00,24.7,0.0,1.7,159.0
466881,2026-04-28 21:00:00,24.0,0.0,1.9,137.0
466881,2026-04-28 22:00:00,24.0,0.0,1.8,149.0
466881,2026-04-28 23:00:00,23.8,0.0,2.0,136.0
466881,2026-04-29 00:00:00,23.4,0.0,2.1,134.0
466881,2026-04-29 01:00:00,23.6,0.0,2.3,143.0
466881,2026-04-29 02:00:00,23.8,0.0,3.6,164.0
466881,2026-04-29 03:00:00,23.3,0.0,1.9,126.0
466881,2026-04-29 04:00:00,22.4,0.0,1.6,131.0
466881,2026-04-29 05:00:00,22.1,0.0,1.9,120.0
466881,2026-04-29 06:00:00,22.5,0.0,2.3,125.0
466881,2026-04-29 07:00:00,24.0,0.0,2.4,142.0
466881,2026-04-29 08:00:00,26.2,0.0,2.7,146.0
466881,2026-04-29 09:00:00,28.5,0.0,1.2,156.0
466881,2026-04-29 10:00:00,30.1,0.0,1.3,265.0
466881,2026-04-29 11:00:00,31.1,0.0,1.6,265.0
466881,2026-04-29 12:00:00,31.1,0.0,2.5,272.0
466881,2026-04-29 13:00:00,30.9,0.0,2.1,257.0
466881,2026-04-29 14:00:00,29.4,0.0,2.0,309.0
466881,2026-04-29 15:00:00,25.7,1.0,1.9,253.0
466881,2026-04-29 16:00:00,26.8,0.05,2.3,296.0
466881,2026-04-29 17:00:00,25.8,0.0,2.3,283.0
466881,2026-04-29 18:00:00,24.9,0.5,2.5,299.0
466881,2026-04-29 19:00:00,23.1,0.5,0.9,311.0
466881,2026-04-29 20:00:00,22.3,1.5,1.3,267.0
466881,2026-04-29 21:00:00,21.8,0.5,0.6,260.0
466881,2026-04-29 22:00:00,21.6,1.0,1.0,247.0
466881,2026-04-29 23:00:00,21.0,0.05,2.7,277.0
466881,2026-04-30 00:00:00,20.4,0.05,2.4,277.0
466881,2026-04-30 01:00:00,20.4,0.0,0.7,277.0
466881,2026-04-30 02:00:00,20.1,0.0,2.1,246.0
466881,2026-04-30 03:00:00,19.5,0.5,0.7,207.0
466881,2026-04-30 04:00:00,19.2,0.05,0.4,126.0
466881,2026-04-30 05:00:00,19.4,0.05,0.2,0.0
466881,2026-04-30 06:00:00,19.3,0.0,1.0,102.0
466881,2026-04-30 07:00:00,19.6,0.0,0.9,91.0
466881,2026-04-30 08:00:00,20.0,0.0,2.0,100.0
466881,2026-04-30 09:00:00,20.0,0.05,1.6,57.0
466881,2026-04-30 10:00:00,20.0,0.05,1.4,58.0
466881,2026-04-30 11:00:00,20.6,0.5,2.4,73.0
466881,2026-04-30 12:00:00,20.2,0.0,2.0,80.0
466881,2026-04-30 13:00:00,19.7,0.05,1.9,97.0
466881,2026-04-30 14:00:00,19.7,0.5,1.4,82.0
466881,2026-04-30 15:00:00,19.5,0.05,1.2,68.0
466881,2026-04-30 16:00:00,18.9,1.0,0.7,112.0
466881,2026-04-30 17:00:00,18.8,0.05,0.8,100.0
466881,2026-04-30 18:00:00,18.7,0.5,0.6,115.0
466881,2026-04-30 19:00:00,18.2,0.5,0.9,104.0
466881,2026-04-30 20:00:00,18.3,0.05,1.3,107.0
466881,2026-04-30 21:00:00,18.2,0.05,0.7,75.0
466881,2026-04-30 22:00:00,18.2,0.05,0.5,79.0
466881,2026-04-30 23:00:00,18.1,0.5,0.5,121.0
466881,2026-05-01 00:00:00,18.1,0.05,1.2,144.0
466881,2026-05-01 01:00:00,18.2,0.0,0.7,106.0
466881,2026-05-01 02:00:00,18.2,0.0,0.9,82.0
466881,2026-05-01 03:00:00,18.0,0.05,2.6,78.0
466881,2026-05-01 04:00:00,18.1,0.0,1.6,111.0
466881,2026-05-01 05:00:00,18.1,0.0,1.6,126.0
466881,2026-05-01 06:00:00,18.3,0.0,1.5,124.0
466881,2026-05-01 07:00:00,18.8,0.0,1.9,124.0
466881,2026-05-01 08:00:00,19.9,0.0,1.4,96.0
466881,2026-05-01 09:00:00,20.3,0.0,3.3,73.0
466881,2026-05-01 10:00:00,21.0,0.0,5.2,59.0
466881,2026-05-01 11:00:00,21.3,0.0,3.8,64.0
466881,2026-05-01 12:00:00,22.2,0.0,3.7,69.0
466881,2026-05-01 13:00:00,21.7,0.0,3.2,63.0
466881,2026-05-01 14:00:00,22.0,0.0,4.3,74.0
466881,2026-05-01 15:00:00,21.5,0.0,3.7,80.0
466881,2026-05-01 16:00:00,21.1,0.05,2.7,76.0
466881,2026-05-01 17:00:00,21.6,0.05,3.8,79.0
466881,2026-05-01 18:00:00,21.4,0.0,2.9,93.0
466881,2026-05-01 19:00:00,21.1,0.0,1.5,128.0
466881,2026-05-01 20:00:00,20.6,0.0,2.3,139.0
466881,2026-05-01 21:00:00,21.2,0.0,2.2,118.0
466881,2026-05-01 22:00:00,21.7,0.0,2.7,131.0
466881,2026-05-01 23:00:00,21.7,0.0,3.9,156.0
466881,2026-05-02 00:00:00,21.8,0.0,4.0,158.0
466881,2026-05-02 01:00:00,21.8,0.0,3.1,151.0
466881,2026-05-02 02:00:00,21.8,0.0,3.0,153.0
466881,2026-05-02 03:00:00,21.5,0.0,3.6,156.0
466881,2026-05-02 04:00:00,21.5,0.0,2.2,155.0
466881,2026-05-02 05:00:00,21.2,0.0,3.2,157.0
466881,2026-05-02 06:00:00,21.1,0.0,2.3,143.0
466881,2026-05-02 07:00:00,22.4,0.0,1.3,139.0
466881,2026-05-02 08:00:00,24.4,0.0,2.1,156.0
466881,2026-05-02 09:00:00,25.7,0.0,0.9,163.0
466881,2026-05-02 10:00:00,27.4,0.0,0.8,307.0
466881,2026-05-02 11:00:00,28.6,0.0,1.5,40.0
466881,2026-05-02 12:00:00,29.4,0.0,2.0,277.0
466881,2026-05-02 13:00:00,29.2,0.0,2.5,293.0
466881,2026-05-02 14:00:00,27.8,0.0,2.6,290.0
466881,2026-05-02 15:00:00,26.9,0.0,2.0,298.0
466881,2026-05-02 16:00:00,26.4,0.0,0.5,266.0
466881,2026-05-02 17:00:00,25.8,0.0,0.8,170.0
466881,2026-05-02 18:00:00,25.4,0.0,1.6,153.0
466881,2026-05-02 19:00:00,24.7,0.0,1.8,137.0
466881,2026-05-02 20:00:00,23.5,0.0,0.9,121.0
466881,2026-05-02 21:00:00,23.5,0.0,0.9,170.0
466881,2026-05-02 22:00:00,23.2,0.0,0.9,144.0
466881,2026-05-02 23:00:00,21.7,0.0,0.3,212.0
466881,2026-05-03 00:00:00,21.0,0.0,0.0,0.0
466881,2026-05-03 01:00:00,20.7,0.0,0.2,0.0
466881,2026-05-03 02:00:00,20.4,0.0,0.1,0.0
466881,2026-05-03 03:00:00,20.4,0.0,0.3,112.0
466881,2026-05-03 04:00:00,20.0,0.0,0.3,104.0
466881,2026-05-03 05:00:00,19.8,0.0,0.2,0.0
466881,2026-05-03 06:00:00,21.1,0.0,0.6,3.0
466881,2026-05-03 07:00:00,22.5,0.0,0.3,100.0
466881,2026-05-03 08:00:00,24.1,0.0,0.9,121.0
466881,2026-05-03 09:00:00,26.2,0.0,0.2,0.0
466881,2026-05-03 10:00:00,28.3,0.0,0.7,84.0
466881,2026-05-03 11:00:00,30.2,0.0,0.8,360.0
466881,2026-05-03 12:00:00,30.0,0.0,1.5,325.0
466881,2026-05-03 13:00:00,29.8,0.0,2.7,293.0
466881,2026-05-03 14:00:00,29.2,0.0,3.2,284.0
466881,2026-05-03 15:00:00,29.3,0.0,2.8,277.0
466881,2026-05-03 16:00:00,28.9,0.05,3.4,273.0
466881,2026-05-03 17:00:00,28.7,0.0,3.2,292.0
466881,2026-05-03 18:00:00,28.3,0.0,1.2,279.0
466881,2026-05-03 19:00:00,27.8,0.0,2.5,302.0
466881,2026-05-03 20:00:00,27.0,0.0,2.5,288.0
466881,2026-05-03 21:00:00,26.0,0.05,1.9,301.0
466881,2026-05-03 22:00:00,25.5,0.0,0.8,8.0
466881,2026-05-03 23:00:00,23.7,0.05,4.2,64.0
466881,2026-05-04 00:00:00,21.6,0.05,3.8,56.0
466881,2026-05-04 01:00:00,21.5,0.05,1.6,56.0
466881,2026-05-04 02:00:00,21.5,0.0,1.2,105.0
466881,2026-05-04 03:00:00,20.3,0.05,0.7,70.0
466881,2026-05-04 04:00:00,20.5,0.05,2.6,157.0
466881,2026-05-04 05:00:00,20.6,0.0,2.0,146.0
466881,2026-05-04 06:00:00,19.4,0.5,2.7,68.0
466881,2026-05-04 07:00:00,18.9,1.5,3.1,56.0
466881,2026-05-04 08:00:00,18.7,2.0,1.9,130.0
466881,2026-05-04 09:00:00,19.4,0.05,2.9,156.0
466881,2026-05-04 10:00:00,20.0,0.5,1.6,115.0
466881,2026-05-04 11:00:00,22.6,0.0,2.5,98.0
466881,2026-05-04 12:00:00,23.8,0.0,3.1,111.0
466881,2026-05-04 13:00:00,22.7,0.0,3.1,84.0
466881,2026-05-04 14:00:00,21.8,0.0,3.9,79.0
466881,2026-05-04 15:00:00,21.5,0.0,2.4,93.0
466881,2026-05-04 16:00:00,20.4,0.05,2.4,104.0
466881,2026-05-04 17:00:00,19.6,0.05,3.1,130.0
466881,2026-05-04 18:00:00,16.9,1.0,4.2,141.0
466881,2026-05-04 19:00:00,15.8,2.0,3.1,132.0
466881,2026-05-04 20:00:00,15.7,2.0,2.8,129.0
466881,2026-05-04 21:00:00,15.9,1.0,2.6,118.0
466881,2026-05-04 22:00:00,16.3,0.5,1.9,115.0
466881,2026-05-04 23:00:00,17.1,0.05,2.9,78.0
466881,2026-05-05 00:00:00,17.8,0.05,3.2,85.0
466881,2026-05-05 01:00:00,18.1,0.05,1.7,84.0
466881,2026-05-05 02:00:00,18.6,0.05,2.0,114.0
466881,2026-05-05 03:00:00,19.8,0.05,3.0,119.0
466881,2026-05-05 04:00:00,19.9,0.05,1.9,127.0
466881,2026-05-05 05:00:00,18.9,1.5,2.7,125.0
466881,2026-05-05 06:00:00,18.4,0.5,0.2,0.0
466881,2026-05-05 07:00:00,18.5,2.0,0.5,121.0
466881,2026-05-05 08:00:00,19.4,3.5,0.5,70.0
466881,2026-05-05 09:00:00,19.4,2.0,0.8,112.0
466881,2026-05-05 10:00:00,19.3,3.0,1.1,127.0
466881,2026-05-05 11:00:00,19.9,0.5,0.8,124.0
466881,2026-05-05 12:00:00,20.3,0.5,0.4,340.0
466881,2026-05-05 13:00:00,20.6,1.5,0.3,157.0
466881,2026-05-05 14:00:00,20.3,4.0,0.5,93.0
466881,2026-05-05 15:00:00,20.3,6.0,0.8,116.0
466881,2026-05-05 16:00:00,20.0,2.5,1.0,90.0
466881,2026-05-05 17:00:00,20.1,1.0,0.1,0.0
466881,2026-05-05 18:00:00,20.1,6.0,0.2,0.0
466881,2026-05-05 19:00:00,19.7,4.5,0.8,122.0
466881,2026-05-05 20:00:00,20.0,1.0,0.5,338.0
466881,2026-05-05 21:00:00,19.9,5.0,0.6,147.0
466881,2026-05-05 22:00:00,19.8,2.0,0.2,0.0
466881,2026-05-05 23:00:00,19.7,0.05,0.0,0.0
466881,2026-05-06 00:00:00,19.6,0.05,0.5,187.0
466881,2026-05-06 01:00:00,19.5,0.5,0.7,163.0
466881,2026-05-06 02:00:00,19.6,0.5,0.5,256.0
466881,2026-05-06 03:00:00,19.6,2.5,0.7,186.0
466881,2026-05-06 04:00:00,19.5,2.0,0.1,0.0
466881,2026-05-06 05:00:00,19.6,0.5,0.0,0.0
466881,2026-05-06 06:00:00,19.6,1.0,0.4,52.0
466881,2026-05-06 07:00:00,20.4,0.05,0.1,0.0
466881,2026-05-06 08:00:00,21.4,0.0,1.0,87.0
466881,2026-05-06 09:00:00,22.8,0.0,0.9,49.0
466881,2026-05-06 10:00:00,25.6,0.0,1.7,266.0
466881,2026-05-06 11:00:00,25.6,0.0,1.6,295.0
466881,2026-05-06 12:00:00,26.7,0.0,1.2,20.0
466881,2026-05-06 13:00:00,25.8,0.0,2.8,60.0
466881,2026-05-06 14:00:00,25.6,0.0,2.6,52.0
466881,2026-05-06 15:00:00,26.9,0.0,2.3,45.0
466881,2026-05-06 16:00:00,25.8,0.0,3.2,61.0
466881,2026-05-06 17:00:00,25.1,0.0,3.7,62.0
466881,2026-05-06 18:00:00,24.2,0.0,1.9,57.0
466881,2026-05-06 19:00:00,23.0,0.0,1.7,56.0
466881,2026-05-06 20:00:00,22.1,0.0,0.1,0.0
466881,2026-05-06 21:00:00,20.6,0.0,0.2,0.0
466881,2026-05-06 22:00:00,20.3,0.0,0.1,0.0
466881,2026-05-06 23:00:00,20.2,0.0,0.2,0.0
466881,2026-05-07 00:00:00,19.9,0.0,0.2,0.0
466881,2026-05-07 01:00:00,19.5,0.0,0.1,0.0
466881,2026-05-07 02:00:00,19.8,0.0,0.6,234.0
466881,2026-05-07 03:00:00,19.6,0.0,0.4,244.0
466881,2026-05-07 04:00:00,19.1,0.0,0.8,292.0
466881,2026-05-07 05:00:00,18.9,0.0,0.5,220.0
466881,2026-05-07 06:00:00,19.7,0.0,0.9,308.0
466881,2026-05-07 07:00:00,22.4,0.0,0.2,0.0
466881,2026-05-07 08:00:00,24.4,0.0,0.5,
466881,2026-05-07 09:00:00,25.5,0.0,1.0,63.0
466881,2026-05-07 10:00:00,28.0,0.0,1.2,328.0
466881,2026-05-07 11:00:00,28.7,0.0,1.0,318.0
466881,2026-05-07 12:00:00,30.3,0.0,1.6,269.0
466881,2026-05-07 13:00:00,30.5,0.0,2.0,290.0
466881,2026-05-07 14:00:00,30.0,0.0,1.9,323.0
466881,2026-05-07 15:00:00,29.1,0.0,0.8,36.0
466881,2026-05-07 16:00:00,26.4,0.5,0.2,0.0
466881,2026-05-07 17:00:00,25.4,3.0,0.7,255.0
466881,2026-05-07 18:00:00,24.6,0.5,0.5,143.0
466881,2026-05-07 19:00:00,23.9,0.05,0.5,37.0
466881,2026-05-07 20:00:00,24.0,0.0,0.3,17.0
466881,2026-05-07 21:00:00,23.6,0.0,1.6,137.0
466881,2026-05-07 22:00:00,23.3,0.0,1.3,126.0
466881,2026-05-07 23:00:00,23.1,0.0,0.7,134.0
466881,2026-05-08 00:00:00,22.6,0.0,0.2,0.0
466881,2026-05-08 01:00:00,22.1,0.0,0.3,342.0
466881,2026-05-08 02:00:00,21.3,0.0,0.6,215.0
466881,2026-05-08 03:00:00,20.9,0.0,0.8,304.0
466881,2026-05-08 04:00:00,21.3,0.0,0.8,310.0
466881,2026-05-08 05:00:00,21.2,0.0,0.0,0.0
466881,2026-05-08 06:00:00,21.5,0.0,0.0,0.0
466881,2026-05-08 07:00:00,22.7,0.0,0.3,107.0
466881,2026-05-08 08:00:00,24.7,0.0,0.3,145.0
466881,2026-05-08 09:00:00,26.2,0.0,1.0,191.0
466881,2026-05-08 10:00:00,26.1,0.0,2.8,59.0
466881,2026-05-08 11:00:00,23.8,0.0,4.0,63.0
466881,2026-05-08 12:00:00,23.6,0.0,3.2,66.0
466881,2026-05-08 13:00:00,23.0,0.0,3.5,76.0
466881,2026-05-08 14:00:00,22.6,0.0,1.6,79.0
466881,2026-05-08 15:00:00,22.6,0.05,2.3,60.0
466881,2026-05-08 16:00:00,22.0,0.5,1.0,81.0
466881,2026-05-08 17:00:00,21.6,0.05,3.4,71.0
466881,2026-05-08 18:00:00,20.9,0.05,2.4,88.0
466881,2026-05-08 19:00:00,20.5,0.05,1.7,69.0
466881,2026-05-08 20:00:00,20.2,0.05,2.5,67.0
466881,2026-05-08 21:00:00,19.8,0.5,2.9,73.0
466881,2026-05-08 22:00:00,19.6,0.05,1.9,73.0
466881,2026-05-08 23:00:00,19.5,0.5,2.2,65.0
466881,2026-05-09 00:00:00,19.5,0.05,2.1,59.0
466881,2026-05-09 01:00:00,19.6,0.0,1.3,74.0
466881,2026-05-09 02:00:00,19.7,0.0,2.2,64.0
466881,2026-05-09 03:00:00,19.5,0.05,1.8,67.0
466881,2026-05-09 04:00:00,19.5,0.05,2.2,53.0
466881,2026-05-09 05:00:00,19.5,0.5,2.7,51.0
466881,2026-05-09 06:00:00,19.4,0.05,1.5,72.0
466881,2026-05-09 07:00:00,19.4,0.05,1.9,56.0
466881,2026-05-09 08:00:00,19.4,0.5,2.3,63.0
466881,2026-05-09 09:00:00,19.6,0.5,1.3,50.0
466881,2026-05-09 10:00:00,19.1,0.05,2.9,62.0
466881,2026-05-09 11:00:00,20.3,0.0,3.3,73.0
466881,2026-05-09 12:00:00,20.6,0.05,3.4,56.0
466881,2026-05-09 13:00:00,20.7,0.05,3.7,57.0
466881,2026-05-09 14:00:00,20.7,0.05,3.1,75.0
466881,2026-05-09 15:00:00,20.8,0.0,3.8,81.0
466881,2026-05-09 16:00:00,20.8,0.0,3.4,94.0
466881,2026-05-09 17:00:00,20.5,0.0,2.2,113.0
466881,2026-05-09 18:00:00,20.0,0.05,2.3,105.0
466881,2026-05-09 19:00:00,20.4,0.0,3.3,93.0
466881,2026-05-09 20:00:00,20.6,0.0,3.7,84.0
466881,2026-05-09 21:00:00,21.1,0.05,2.9,87.0
466881,2026-05-09 22:00:00,20.6,0.5,3.9,83.0
466881,2026-05-09 23:00:00,21.4,0.0,4.0,78.0
466881,2026-05-10 00:00:00,21.7,0.0,1.7,68.0
466881,2026-05-10 01:00:00,21.1,0.0,2.8,65.0
466881,2026-05-10 02:00:00,21.5,0.0,1.6,116.0
466881,2026-05-10 03:00:00,21.3,0.0,1.0,35.0
466881,2026-05-10 04:00:00,21.0,0.05,0.2,0.0
466881,2026-05-10 05:00:00,20.7,0.05,0.4,203.0
466881,2026-05-10 06:00:00,20.6,0.05,1.5,102.0
466881,2026-05-10 07:00:00,22.0,0.0,1.2,57.0
466881,2026-05-10 08:00:00,23.2,0.0,0.6,320.0
466881,2026-05-10 09:00:00,24.0,0.0,1.0,312.0
466881,2026-05-10 10:00:00,25.1,0.0,0.7,56.0
466881,2026-05-10 11:00:00,26.3,0.0,0.9,342.0
466881,2026-05-10 12:00:00,27.3,0.0,1.6,23.0
466881,2026-05-10 13:00:00,27.7,0.0,0.6,
466881,2026-05-10 14:00:00,26.3,0.0,1.3,31.0
466881,2026-05-10 15:00:00,25.2,0.05,0.7,5.0
466881,2026-05-10 16:00:00,24.2,0.05,1.1,15.0
466881,2026-05-10 17:00:00,23.6,0.05,0.6,48.0
466881,2026-05-10 18:00:00,23.8,0.05,1.0,275.0
466881,2026-05-10 19:00:00,23.2,0.05,0.2,0.0
466881,2026-05-10 20:00:00,23.0,0.05,0.0,0.0
466881,2026-05-10 21:00:00,23.0,0.0,0.3,236.0
466881,2026-05-10 22:00:00,23.0,0.0,0.0,0.0
466881,2026-05-10 23:00:00,22.9,0.0,0.7,199.0
466881,2026-05-11 00:00:00,22.8,0.05,0.2,0.0
466881,2026-05-11 01:00:00,22.7,0.05,0.0,0.0
466881,2026-05-11 02:00:00,22.6,0.05,0.0,0.0
466881,2026-05-11 03:00:00,22.6,0.05,0.1,0.0
466881,2026-05-11 04:00:00,22.6,0.05,0.2,0.0
466881,2026-05-11 05:00:00,22.6,0.5,0.6,293.0
466881,2026-05-11 06:00:00,22.7,0.05,1.5,247.0
466881,2026-05-11 07:00:00,22.8,0.05,0.4,286.0
466881,2026-05-11 08:00:00,23.0,0.05,0.1,0.0
466881,2026-05-11 09:00:00,23.2,0.05,0.9,252.0
466881,2026-05-11 10:00:00,24.6,0.0,1.2,279.0
466881,2026-05-11 11:00:00,25.9,0.0,2.3,305.0
466881,2026-05-11 12:00:00,25.1,0.0,1.0,334.0
466881,2026-05-11 13:00:00,25.3,0.0,1.0,337.0
466881,2026-05-11 14:00:00,25.0,0.0,0.5,14.0
466881,2026-05-11 15:00:00,24.7,0.0,1.3,160.0
466881,2026-05-11 16:00:00,25.0,0.0,1.0,167.0
466881,2026-05-11 17:00:00,25.5,0.0,0.6,207.0
466881,2026-05-11 18:00:00,24.4,0.0,0.3,113.0
466881,2026-05-11 19:00:00,23.7,0.0,0.8,148.0
466881,2026-05-11 20:00:00,23.4,0.0,1.1,141.0
466881,2026-05-11 21:00:00,23.3,0.0,0.2,0.0
466881,2026-05-11 22:00:00,22.1,0.0,1.4,103.0
466881,2026-05-11 23:00:00,21.9,0.0,1.1,94.0
466881,2026-05-12 00:00:00,21.5,0.0,1.1,209.0
466881,2026-05-12 01:00:00,21.1,0.0,0.4,343.0
466881,2026-05-12 02:00:00,20.9,0.0,0.4,227.0
466881,2026-05-12 03:00:00,20.4,0.0,0.3,119.0
466881,2026-05-12 04:00:00,20.6,0.0,0.1,0.0
466881,2026-05-12 05:00:00,20.6,0.0,0.0,0.0
466881,2026-05-12 06:00:00,20.9,0.0,0.2,0.0
466881,2026-05-12 07:00:00,22.2,0.0,0.2,0.0
466881,2026-05-12 08:00:00,23.9,0.0,0.4,114.0
466881,2026-05-12 09:00:00,25.2,0.0,0.7,82.0
466881,2026-05-12 10:00:00,26.2,0.0,1.5,318.0
466881,2026-05-12 11:00:00,27.7,0.0,1.3,360.0
466881,2026-05-12 12:00:00,29.0,0.0,1.3,301.0
466881,2026-05-12 13:00:00,29.8,0.0,1.3,5.0
466881,2026-05-12 14:00:00,29.5,0.0,1.1,336.0
466881,2026-05-12 15:00:00,29.8,0.0,0.9,293.0
466881,2026-05-12 16:00:00,29.3,0.0,0.8,357.0
466881,2026-05-12 17:00:00,27.6,0.0,2.3,25.0
466881,2026-05-12 18:00:00,25.9,0.0,1.4,38.0
466881,2026-05-12 19:00:00,24.7,0.0,0.8,27.0
466881,2026-05-12 20:00:00,23.9,0.0,1.0,82.0
466881,2026-05-12 21:00:00,22.9,0.05,0.4,57.0
466881,2026-05-12 22:00:00,22.2,0.05,0.3,125.0
466881,2026-05-12 23:00:00,22.4,0.05,0.4,87.0
466881,2026-05-13 00:00:00,22.6,0.0,0.7,247.0
466881,2026-05-13 01:00:00,22.9,0.5,0.9,138.0
466881,2026-05-13 02:00:00,22.1,0.0,0.8,34.0
466881,2026-05-13 03:00:00,22.0,0.0,0.1,0.0
466881,2026-05-13 04:00:00,21.7,0.0,0.1,0.0
466881,2026-05-13 05:00:00,21.7,0.0,0.7,206.0
466881,2026-05-13 06:00:00,21.7,0.05,0.2,0.0
466881,2026-05-13 07:00:00,23.2,0.0,0.9,133.0
466881,2026-05-13 08:00:00,24.4,0.0,0.6,76.0
466881,2026-05-13 09:00:00,26.5,0.0,0.9,75.0
466881,2026-05-13 10:00:00,27.5,0.0,0.8,193.0
466881,2026-05-13 11:00:00,28.4,0.0,0.6,310.0
466881,2026-05-13 12:00:00,28.4,0.0,2.4,255.0
466881,2026-05-13 13:00:00,26.8,0.05,2.4,257.0
466881,2026-05-13 14:00:00,24.3,0.05,0.8,188.0
466881,2026-05-13 15:00:00,23.1,0.5,1.2,116.0
466881,2026-05-13 16:00:00,22.2,2.5,0.6,114.0
466881,2026-05-13 17:00:00,21.9,7.0,0.2,0.0
466881,2026-05-13 18:00:00,21.6,9.0,1.4,121.0
466881,2026-05-13 19:00:00,21.5,4.5,1.6,54.0
466881,2026-05-13 20:00:00,21.6,5.0,0.2,0.0
466881,2026-05-13 21:00:00,21.5,4.0,0.5,41.0
466881,2026-05-13 22:00:00,21.6,3.5,1.0,320.0
466881,2026-05-13 23:00:00,21.3,9.5,0.9,136.0
466881,2026-05-14 00:00:00,21.5,4.0,0.8,86.0
466881,2026-05-14 01:00:00,21.5,0.5,0.5,27.0
466881,2026-05-14 02:00:00,21.5,0.05,1.1,83.0
466881,2026-05-14 03:00:00,21.5,18.0,1.2,75.0
466881,2026-05-14 04:00:00,21.3,6.0,0.8,112.0
466881,2026-05-14 05:00:00,21.4,1.0,0.5,105.0
466881,2026-05-14 06:00:00,21.4,9.0,0.1,0.0
466881,2026-05-14 07:00:00,21.5,4.0,2.7,151.0
466881,2026-05-14 08:00:00,22.8,0.0,1.0,103.0
466881,2026-05-14 09:00:00,23.6,0.05,0.1,0.0
466881,2026-05-14 10:00:00,23.5,0.5,0.2,0.0
466881,2026-05-14 11:00:00,23.8,0.5,0.4,275.0
466881,2026-05-14 12:00:00,23.8,1.5,0.7,94.0
466881,2026-05-14 13:00:00,24.3,0.5,0.5,115.0
466881,2026-05-14 14:00:00,24.7,0.5,1.2,75.0
466881,2026-05-14 15:00:00,24.9,0.05,0.4,79.0
466881,2026-05-14 16:00:00,25.0,0.0,0.8,291.0
466881,2026-05-14 17:00:00,24.5,0.0,1.7,58.0
466881,2026-05-14 18:00:00,23.5,0.0,0.3,131.0
466881,2026-05-14 19:00:00,23.1,0.0,0.0,0.0
466881,2026-05-14 20:00:00,22.7,0.0,0.5,138.0
466881,2026-05-14 21:00:00,22.5,0.0,0.2,0.0
466881,2026-05-14 22:00:00,22.2,0.0,0.0,0.0
466881,2026-05-14 23:00:00,22.0,0.0,0.3,109.0
466881,2026-05-15 00:00:00,21.8,0.0,0.6,97.0
466881,2026-05-15 01:00:00,21.5,0.0,0.8,85.0
466881,2026-05-15 02:00:00,21.6,0.0,0.2,0.0
466881,2026-05-15 03:00:00,21.5,0.0,1.7,132.0
466881,2026-05-15 04:00:00,21.6,0.0,1.0,131.0
466881,2026-05-15 05:00:00,21.7,0.0,1.2,132.0
466881,2026-05-15 06:00:00,21.7,0.0,1.3,128.0
466881,2026-05-15 07:00:00,22.8,0.0,1.5,130.0
466881,2026-05-15 08:00:00,25.0,0.0,0.6,135.0
466881,2026-05-15 09:00:00,26.1,0.0,1.4,122.0
466881,2026-05-15 10:00:00,27.0,0.0,1.3,75.0
466881,2026-05-15 11:00:00,27.4,0.0,1.2,96.0
466881,2026-05-15 12:00:00,27.0,0.0,2.2,179.0
466881,2026-05-15 13:00:00,26.6,0.0,2.7,80.0
466881,2026-05-15 14:00:00,26.4,0.0,2.4,87.0
466881,2026-05-15 15:00:00,26.3,0.0,2.8,91.0
466881,2026-05-15 16:00:00,25.5,0.0,3.6,119.0
466881,2026-05-15 17:00:00,25.8,0.0,3.8,88.0
466881,2026-05-15 18:00:00,24.5,0.0,2.3,109.0
466881,2026-05-15 19:00:00,23.3,0.0,3.2,68.0
466881,2026-05-15 20:00:00,23.0,0.0,3.5,73.0
466881,2026-05-15 21:00:00,23.2,0.0,3.1,64.0
466881,2026-05-15 22:00:00,23.3,0.0,3.6,82.0
466881,2026-05-15 23:00:00,23.5,0.0,4.5,74.0
466881,2026-05-16 00:00:00,23.2,0.0,4.0,75.0
466881,2026-05-16 01:00:00,23.1,0.0,4.3,73.0
466881,2026-05-16 02:00:00,23.3,0.0,3.9,88.0
466881,2026-05-16 03:00:00,22.9,0.0,3.4,79.0
466881,2026-05-16 04:00:00,22.3,0.0,4.1,86.0
466881,2026-05-16 05:00:00,22.5,0.0,2.6,106.0
466881,2026-05-16 06:00:00,22.8,0.0,2.4,107.0
466881,2026-05-16 07:00:00,24.0,0.0,2.8,102.0
466881,2026-05-16 08:00:00,26.3,0.0,3.4,116.0
466881,2026-05-16 09:00:00,27.1,0.0,3.7,110.0
466881,2026-05-16 10:00:00,27.4,0.0,5.4,117.0
466881,2026-05-16 11:00:00,28.5,0.0,3.6,126.0
466881,2026-05-16 12:00:00,28.0,0.0,3.8,106.0
466881,2026-05-16 13:00:00,28.3,0.0,4.4,118.0
466881,2026-05-16 14:00:00,28.1,0.0,3.4,110.0
466881,2026-05-16 15:00:00,28.2,0.0,4.4,116.0
466881,2026-05-16 16:00:00,27.4,0.0,3.2,116.0
466881,2026-05-16 17:00:00,25.6,0.0,4.0,113.0
466881,2026-05-16 18:00:00,25.4,0.0,3.8,95.0
466881,2026-05-16 19:00:00,23.8,0.0,3.6,93.0
466881,2026-05-16 20:00:00,24.1,0.0,3.7,67.0
466881,2026-05-16 21:00:00,23.6,0.0,3.4,77.0
466881,2026-05-16 22:00:00,23.3,0.0,2.7,66.0
466881,2026-05-16 23:00:00,23.7,0.0,2.8,64.0
466881,2026-05-17 00:00:00,23.6,0.0,3.6,94.0
466881,2026-05-17 01:00:00,23.7,0.0,1.9,77.0
466881,2026-05-17 02:00:00,23.1,0.0,3.6,73.0
466881,2026-05-17 03:00:00,23.2,0.0,2.7,72.0
466881,2026-05-17 04:00:00,22.9,0.0,2.6,78.0
466881,2026-05-17 05:00:00,23.0,0.0,2.7,72.0
466881,2026-05-17 06:00:00,24.1,0.0,2.7,72.0
466881,2026-05-17 07:00:00,25.3,0.0,2.5,94.0
466881,2026-05-17 08:00:00,25.8,0.0,3.6,113.0
466881,2026-05-17 09:00:00,27.0,0.0,4.3,113.0
466881,2026-05-17 10:00:00,28.0,0.0,5.1,120.0
466881,2026-05-17 11:00:00,29.0,0.0,4.4,115.0
466881,2026-05-17 12:00:00,29.4,0.0,4.4,114.0
466881,2026-05-17 13:00:00,29.0,0.0,4.4,107.0
466881,2026-05-17 14:00:00,29.1,0.0,4.1,106.0
466881,2026-05-17 15:00:00,29.1,0.0,4.5,83.0
466881,2026-05-17 16:00:00,28.4,0.0,3.8,119.0
466881,2026-05-17 17:00:00,27.1,0.0,4.6,94.0
466881,2026-05-17 18:00:00,25.5,0.0,4.5,86.0
466881,2026-05-17 19:00:00,24.5,0.0,3.2,106.0
466881,2026-05-17 20:00:00,24.2,0.0,3.9,90.0
466881,2026-05-17 21:00:00,24.0,0.0,3.1,97.0
466881,2026-05-17 22:00:00,23.7,0.0,2.6,93.0
466881,2026-05-17 23:00:00,23.6,0.0,3.2,92.0
466881,2026-05-18 00:00:00,23.6,0.0,2.6,99.0
466881,2026-05-18 01:00:00,23.5,0.0,2.2,109.0
466881,2026-05-18 02:00:00,23.0,0.0,1.8,115.0
466881,2026-05-18 03:00:00,22.3,0.0,1.4,122.0
466881,2026-05-18 04:00:00,21.8,0.0,1.4,115.0
466881,2026-05-18 05:00:00,22.2,0.0,2.6,146.0
466881,2026-05-18 06:00:00,23.1,0.0,1.8,138.0
466881,2026-05-18 07:00:00,25.0,0.0,2.4,115.0
466881,2026-05-18 08:00:00,27.1,0.0,2.4,117.0
466881,2026-05-18 09:00:00,28.4,0.0,2.4,108.0
466881,2026-05-18 10:00:00,29.4,0.0,3.7,82.0
466881,2026-05-18 11:00:00,30.3,0.0,2.2,95.0
466881,2026-05-18 12:00:00,31.1,0.0,2.0,121.0
466881,2026-05-18 13:00:00,31.4,0.0,1.6,120.0
466881,2026-05-18 14:00:00,31.5,0.0,2.2,119.0
466881,2026-05-18 15:00:00,30.0,0.0,1.5,126.0
466881,2026-05-18 16:00:00,29.2,0.0,1.6,61.0
466881,2026-05-18 17:00:00,28.2,0.0,2.2,68.0
466881,2026-05-18 18:00:00,26.1,0.0,2.4,102.0
466881,2026-05-18 19:00:00,25.0,0.0,2.1,109.0
466881,2026-05-18 20:00:00,24.7,0.0,1.5,116.0
466881,2026-05-18 21:00:00,24.4,0.0,1.8,133.0
466881,2026-05-18 22:00:00,24.3,0.0,1.6,141.0
466881,2026-05-18 23:00:00,24.5,0.0,2.5,150.0
466881,2026-05-19 00:00:00,24.4,0.0,1.9,137.0
466881,2026-05-19 01:00:00,24.0,0.0,2.0,126.0
466881,2026-05-19 02:00:00,23.9,0.0,1.6,159.0
466881,2026-05-19 03:00:00,22.9,0.0,0.7,216.0
466881,2026-05-19 04:00:00,21.7,0.0,1.3,266.0
466881,2026-05-19 05:00:00,21.5,0.0,0.3,52.0
466881,2026-05-19 06:00:00,21.7,0.0,0.1,0.0
466881,2026-05-19 07:00:00,24.0,0.0,0.8,152.0
466881,2026-05-19 08:00:00,26.5,0.0,1.0,140.0
466881,2026-05-19 09:00:00,28.1,0.0,0.7,131.0
466881,2026-05-19 10:00:00,28.8,0.0,2.7,291.0
466881,2026-05-19 11:00:00,29.3,0.0,3.3,294.0
466881,2026-05-19 12:00:00,30.0,0.0,2.9,269.0
466881,2026-05-19 13:00:00,29.9,0.0,2.1,289.0
466881,2026-05-19 14:00:00,29.9,0.0,3.0,278.0
466881,2026-05-19 15:00:00,29.3,0.0,2.8,273.0
466881,2026-05-19 16:00:00,29.4,0.0,2.5,285.0
466881,2026-05-19 17:00:00,28.5,0.0,1.6,293.0
466881,2026-05-19 18:00:00,28.4,0.0,1.5,249.0
466881,2026-05-19 19:00:00,27.4,0.0,0.8,286.0
466881,2026-05-19 20:00:00,25.4,0.0,0.3,165.0
466881,2026-05-19 21:00:00,24.5,0.0,0.6,131.0
466881,2026-05-19 22:00:00,23.6,0.0,0.4,156.0
466881,2026-05-19 23:00:00,23.9,0.0,0.9,145.0
466881,2026-05-20 00:00:00,23.3,0.0,1.4,119.0
466881,2026-05-20 01:00:00,23.4,0.0,1.5,144.0
466881,2026-05-20 02:00:00,23.0,0.0,0.2,0.0
466881,2026-05-20 03:00:00,23.0,0.0,0.5,327.0
466881,2026-05-20 04:00:00,22.4,0.0,0.0,0.0
466881,2026-05-20 05:00:00,21.6,0.0,0.0,0.0
466881,2026-05-20 06:00:00,22.8,0.0,0.3,356.0
466881,2026-05-20 07:00:00,23.5,0.0,0.3,54.0
466881,2026-05-20 08:00:00,25.7,0.0,0.3,116.0
466881,2026-05-20 09:00:00,28.0,0.0,0.8,135.0
466881,2026-05-20 10:00:00,29.1,0.0,2.2,250.0
466881,2026-05-20 11:00:00,30.1,0.0,1.3,279.0
466881,2026-05-20 12:00:00,31.7,0.0,1.1,264.0
466881,2026-05-20 13:00:00,33.1,0.0,2.4,275.0
466881,2026-05-20 14:00:00,32.7,0.0,2.3,274.0
466881,2026-05-20 15:00:00,29.4,0.05,2.4,78.0
466881,2026-05-20 16:00:00,28.6,0.0,2.1,67.0
466881,2026-05-20 17:00:00,27.2,0.0,2.1,144.0
466881,2026-05-20 18:00:00,26.6,0.05,1.6,128.0
466881,2026-05-20 19:00:00,26.7,0.0,1.0,180.0
466881,2026-05-20 20:00:00,26.2,0.0,0.3,157.0
466881,2026-05-20 21:00:00,26.0,0.0,1.0,127.0
466881,2026-05-20 22:00:00,25.4,0.0,0.3,351.0
466881,2026-05-20 23:00:00,24.6,0.0,0.1,0.0
466881,2026-05-21 00:00:00,24.1,0.0,0.1,0.0
466881,2026-05-21 01:00:00,24.1,0.0,0.3,53.0
466881,2026-05-21 02:00:00,24.3,0.0,0.5,342.0
466881,2026-05-21 03:00:00,23.8,0.0,0.2,0.0
466881,2026-05-21 04:00:00,23.4,0.0,0.0,0.0
466881,2026-05-21 05:00:00,24.0,0.0,0.4,145.0
466881,2026-05-21 06:00:00,24.1,0.0,0.1,0.0
466881,2026-05-21 07:00:00,24.8,0.0,1.7,145.0
466881,2026-05-21 08:00:00,27.3,0.0,0.7,186.0
466881,2026-05-21 09:00:00,29.1,0.0,0.3,75.0
466881,2026-05-21 10:00:00,32.8,0.0,2.7,292.0
466881,2026-05-21 11:00:00,33.4,0.0,3.6,240.0
466881,2026-05-21 12:00:00,34.2,0.0,4.9,286.0
466881,2026-05-21 13:00:00,33.7,0.0,3.0,273.0
466881,2026-05-21 14:00:00,32.6,0.0,1.9,322.0
466881,2026-05-21 15:00:00,32.2,0.0,3.6,286.0
466881,2026-05-21 16:00:00,31.5,0.0,1.8,297.0
466881,2026-05-21 17:00:00,28.0,0.0,2.3,147.0
466881,2026-05-21 18:00:00,27.2,0.05,1.9,137.0
466881,2026-05-21 19:00:00,26.4,0.05,1.6,147.0
466881,2026-05-21 20:00:00,26.3,0.0,1.8,159.0
466881,2026-05-21 21:00:00,25.9,0.05,1.7,168.0
466881,2026-05-21 22:00:00,26.0,0.0,0.4,230.0
466881,2026-05-21 23:00:00,25.7,0.0,0.3,156.0
466881,2026-05-22 00:00:00,25.6,0.0,0.4,197.0
466881,2026-05-22 01:00:00,25.6,0.0,1.9,158.0
466881,2026-05-22 02:00:00,25.4,0.0,0.4,208.0
466881,2026-05-22 03:00:00,25.5,0.0,0.6,346.0
466881,2026-05-22 04:00:00,25.1,0.0,0.1,0.0
466881,2026-05-22 05:00:00,25.1,0.0,0.7,152.0
466881,2026-05-22 06:00:00,25.5,0.0,0.4,154.0
466881,2026-05-22 07:00:00,26.3,0.0,0.4,41.0
466881,2026-05-22 08:00:00,27.6,0.0,1.2,146.0
466881,2026-05-22 09:00:00,29.7,0.0,1.3,160.0
466881,2026-05-22 10:00:00,31.7,0.0,1.1,125.0
466881,2026-05-22 11:00:00,32.6,0.0,2.6,236.0
466881,2026-05-22 12:00:00,32.6,0.0,2.0,303.0
466881,2026-05-22 13:00:00,33.5,0.0,3.0,293.0
466881,2026-05-22 14:00:00,33.1,0.0,2.5,285.0
466881,2026-05-22 15:00:00,33.3,0.0,3.9,286.0
466881,2026-05-22 16:00:00,32.9,0.0,3.8,285.0
466881,2026-05-22 17:00:00,31.5,0.0,2.5,282.0
466881,2026-05-22 18:00:00,30.4,0.0,2.1,285.0
466881,2026-05-22 19:00:00,29.2,0.0,1.3,262.0
466881,2026-05-22 20:00:00,29.1,0.0,1.6,255.0
466881,2026-05-22 21:00:00,27.0,0.0,0.3,146.0
466881,2026-05-22 22:00:00,26.4,0.0,1.0,129.0
466881,2026-05-22 23:00:00,26.0,0.0,1.4,153.0
466881,2026-05-23 00:00:00,25.3,0.0,1.4,126.0
466881,2026-05-23 01:00:00,25.6,0.0,1.3,145.0
466881,2026-05-23 02:00:00,25.5,0.0,0.6,166.0
466881,2026-05-23 03:00:00,24.6,0.0,0.5,7.0
466881,2026-05-23 04:00:00,24.9,0.0,0.9,330.0
466881,2026-05-23 05:00:00,24.8,0.0,0.4,360.0
466881,2026-05-23 06:00:00,25.0,0.0,0.5,85.0
466881,2026-05-23 07:00:00,26.3,0.0,2.1,153.0
466881,2026-05-23 08:00:00,27.4,0.0,1.2,89.0
466881,2026-05-23 09:00:00,29.6,0.0,0.7,107.0
466881,2026-05-23 10:00:00,31.6,0.0,0.9,304.0
466881,2026-05-23 11:00:00,34.9,0.0,3.1,294.0
466881,2026-05-23 12:00:00,35.1,0.0,1.6,272.0
466881,2026-05-23 13:00:00,35.2,0.0,3.7,271.0
466881,2026-05-23 14:00:00,34.7,0.0,5.0,256.0
466881,2026-05-23 15:00:00,34.7,0.0,4.9,259.0
466881,2026-05-23 16:00:00,34.5,0.0,5.2,295.0
466881,2026-05-23 17:00:00,34.0,0.0,4.6,291.0
466881,2026-05-23 18:00:00,32.1,0.0,3.2,270.0
466881,2026-05-23 19:00:00,30.8,0.0,1.4,251.0
466881,2026-05-23 20:00:00,27.8,0.0,0.6,133.0
466881,2026-05-23 21:00:00,27.3,0.0,0.3,55.0
466881,2026-05-23 22:00:00,26.9,0.0,0.5,200.0
466881,2026-05-23 23:00:00,26.1,0.0,0.2,0.0
466881,2026-05-24 00:00:00,26.0,0.0,0.3,107.0
466881,2026-05-24 01:00:00,25.8,0.0,0.6,67.0
466881,2026-05-24 02:00:00,25.4,0.0,0.9,131.0
466881,2026-05-24 03:00:00,24.9,0.0,0.6,289.0
466881,2026-05-24 04:00:00,25.3,0.0,1.0,159.0
466881,2026-05-24 05:00:00,24.5,0.0,0.7,217.0
466881,2026-05-24 06:00:00,25.0,0.0,0.3,47.0
466881,2026-05-24 07:00:00,26.7,0.0,1.2,142.0
466881,2026-05-24 08:00:00,28.8,0.0,0.6,94.0
466881,2026-05-24 09:00:00,30.8,0.0,1.5,102.0
466881,2026-05-24 10:00:00,31.5,0.0,1.9,295.0
466881,2026-05-24 11:00:00,32.7,0.0,1.0,142.0
466881,2026-05-24 12:00:00,33.4,0.0,2.9,286.0
466881,2026-05-24 13:00:00,33.6,0.0,2.6,287.0
466881,2026-05-24 14:00:00,34.5,0.0,3.4,296.0
466881,2026-05-24 15:00:00,34.4,0.0,3.6,264.0
466881,2026-05-24 16:00:00,33.2,0.0,3.4,274.0
466881,2026-05-24 17:00:00,32.4,0.0,2.9,282.0
466881,2026-05-24 18:00:00,31.4,0.0,1.6,316.0
466881,2026-05-24 19:00:00,29.8,0.0,0.8,296.0
466881,2026-05-24 20:00:00,27.9,0.0,0.9,183.0
466881,2026-05-24 21:00:00,27.1,0.0,0.7,129.0
466881,2026-05-24 22:00:00,26.1,0.0,0.7,141.0
466881,2026-05-24 23:00:00,26.4,0.0,2.0,151.0
466881,2026-05-25 00:00:00,26.0,0.0,0.2,0.0
466881,2026-05-25 01:00:00,26.2,0.0,0.5,301.0
466881,2026-05-25 02:00:00,26.1,0.0,2.2,184.0
466881,2026-05-25 03:00:00,23.9,0.0,0.2,0.0
466881,2026-05-25 04:00:00,24.2,0.0,0.6,139.0
466881,2026-05-25 05:00:00,23.7,0.0,0.4,327.0
466881,2026-05-25 06:00:00,24.2,0.0,0.3,74.0
466881,2026-05-25 07:00:00,25.2,0.0,0.4,41.0
466881,2026-05-25 08:00:00,26.9,0.0,0.4,153.0
466881,2026-05-25 09:00:00,29.1,0.0,1.2,128.0
466881,2026-05-25 10:00:00,32.0,0.0,5.0,275.0
466881,2026-05-25 11:00:00,34.1,0.0,4.4,258.0
466881,2026-05-25 12:00:00,34.8,0.0,4.7,263.0
466881,2026-05-25 13:00:00,35.5,0.0,3.9,289.0
466881,2026-05-25 14:00:00,34.7,0.0,4.6,292.0
466881,2026-05-25 15:00:00,34.4,0.0,4.4,282.0
466881,2026-05-25 16:00:00,34.0,0.0,4.0,296.0
466881,2026-05-25 17:00:00,33.2,0.0,2.9,284.0
466881,2026-05-25 18:00:00,32.4,0.0,2.5,281.0
466881,2026-05-25 19:00:00,31.0,0.0,1.7,263.0
466881,2026-05-25 20:00:00,28.4,0.0,0.2,0.0
466881,2026-05-25 21:00:00,27.6,0.0,0.1,0.0
466881,2026-05-25 22:00:00,27.2,0.0,0.7,77.0
466881,2026-05-25 23:00:00,26.1,0.0,0.2,0.0
466881,2026-05-26 00:00:00,25.1,0.0,0.0,0.0
466881,2026-05-26 01:00:00,24.9,0.0,0.2,0.0
466881,2026-05-26 02:00:00,24.2,0.0,0.2,0.0
466881,2026-05-26 03:00:00,23.7,0.0,0.0,0.0
466881,2026-05-26 04:00:00,23.7,0.0,0.3,235.0
466881,2026-05-26 05:00:00,23.4,0.0,0.2,0.0
466881,2026-05-26 06:00:00,24.3,0.0,1.3,166.0
466881,2026-05-26 07:00:00,27.0,0.0,0.8,117.0
466881,2026-05-26 08:00:00,29.1,0.0,0.9,212.0
466881,2026-05-26 09:00:00,31.1,0.0,3.3,250.0
466881,2026-05-26 10:00:00,32.6,0.0,4.3,261.0
466881,2026-05-26 11:00:00,33.4,0.0,3.5,274.0
466881,2026-05-26 12:00:00,34.9,0.0,2.4,271.0
466881,2026-05-26 13:00:00,34.6,0.0,3.6,258.0
466881,2026-05-26 14:00:00,36.4,0.0,2.1,251.0
466881,2026-05-26 15:00:00,36.7,0.0,3.1,256.0
466881,2026-05-26 16:00:00,36.9,0.0,2.3,269.0
466881,2026-05-26 17:00:00,36.3,0.0,1.3,290.0
466881,2026-05-26 18:00:00,35.1,0.0,3.0,284.0
466881,2026-05-26 19:00:00,32.1,0.0,3.2,282.0
466881,2026-05-26 20:00:00,30.7,0.0,3.0,267.0
466881,2026-05-26 21:00:00,28.6,0.0,0.9,116.0
466881,2026-05-26 22:00:00,28.0,0.0,1.4,141.0
466881,2026-05-26 23:00:00,27.4,0.0,1.5,143.0
466881,2026-05-27 00:00:00,26.3,0.0,1.3,106.0
466881,2026-05-27 01:00:00,26.5,0.0,1.4,149.0
466881,2026-05-27 02:00:00,25.7,0.0,0.2,0.0
466881,2026-05-27 03:00:00,25.6,0.0,0.4,123.0
466881,2026-05-27 04:00:00,24.8,0.0,0.4,225.0
466881,2026-05-27 05:00:00,24.6,0.0,0.4,7.0
466881,2026-05-27 06:00:00,24.8,0.0,0.1,0.0
466881,2026-05-27 07:00:00,26.3,0.0,0.9,132.0
466881,2026-05-27 08:00:00,29.2,0.0,1.2,140.0
466881,2026-05-27 09:00:00,32.1,0.0,1.7,301.0
466881,2026-05-27 10:00:00,34.2,0.0,2.5,276.0
466881,2026-05-27 11:00:00,35.4,0.0,3.7,255.0
466881,2026-05-27 12:00:00,36.2,0.0,4.1,257.0
466881,2026-05-27 13:00:00,36.5,0.0,5.4,292.0
466881,2026-05-27 14:00:00,37.6,0.0,3.8,256.0
466881,2026-05-27 15:00:00,37.2,0.0,4.9,261.0
466881,2026-05-27 16:00:00,36.7,0.0,3.5,282.0
466881,2026-05-27 17:00:00,36.1,0.0,2.7,282.0
466881,2026-05-27 18:00:00,35.2,0.0,2.1,273.0
466881,2026-05-27 19:00:00,33.2,0.0,2.1,281.0
466881,2026-05-27 20:00:00,31.6,0.0,1.3,228.0
466881,2026-05-27 21:00:00,28.4,0.0,0.0,0.0
466881,2026-05-27 22:00:00,29.9,0.0,1.1,15.0
466881,2026-05-27 23:00:00,29.6,0.0,2.3,274.0
466881,2026-05-28 00:00:00,27.7,0.0,0.9,122.0
466881,2026-05-28 01:00:00,28.1,0.0,1.0,246.0
466881,2026-05-28 02:00:00,29.1,0.0,2.2,264.0
466881,2026-05-28 03:00:00,28.2,0.0,1.1,252.0
466881,2026-05-28 04:00:00,28.2,0.0,1.9,276.0
466881,2026-05-28 05:00:00,26.5,0.0,1.3,147.0
466881,2026-05-28 06:00:00,27.1,0.0,0.6,243.0
466881,2026-05-28 07:00:00,27.8,0.0,0.8,142.0
466881,2026-05-28 08:00:00,29.6,0.0,0.5,160.0
466881,2026-05-28 09:00:00,31.0,0.0,0.7,225.0
466881,2026-05-28 10:00:00,31.6,0.0,0.7,249.0
466881,2026-05-28 11:00:00,33.4,0.0,1.0,256.0
466881,2026-05-28 12:00:00,35.2,0.0,2.8,289.0
466881,2026-05-28 13:00:00,36.4,0.0,3.8,273.0
466881,2026-05-28 14:00:00,36.3,0.0,1.4,23.0
466881,2026-05-28 15:00:00,36.8,0.0,1.8,24.0
466881,2026-05-28 16:00:00,37.3,0.0,1.6,317.0
466881,2026-05-28 17:00:00,34.9,0.0,1.3,351.0
466881,2026-05-28 18:00:00,33.3,0.0,1.5,51.0
466881,2026-05-28 19:00:00,31.3,0.0,1.5,61.0
466881,2026-05-28 20:00:00,30.1,0.0,1.2,48.0
466881,2026-05-28 21:00:00,29.5,0.0,1.5,50.0
466881,2026-05-28 22:00:00,28.8,0.0,1.2,101.0
466881,2026-05-28 23:00:00,28.8,0.0,1.2,65.0
466881,2026-05-29 00:00:00,28.1,0.0,0.7,136.0
466881,2026-05-29 01:00:00,28.3,0.0,0.8,146.0
466881,2026-05-29 02:00:00,27.9,0.0,1.0,170.0
466881,2026-05-29 03:00:00,27.6,0.0,0.2,0.0
466881,2026-05-29 04:00:00,27.2,0.0,0.0,0.0
466881,2026-05-29 05:00:00,26.9,0.05,0.1,0.0
466881,2026-05-29 06:00:00,27.8,0.5,1.4,267.0
466881,2026-05-29 07:00:00,26.9,6.5,1.8,348.0
466881,2026-05-29 08:00:00,26.2,7.5,0.5,193.0
466881,2026-05-29 09:00:00,26.0,1.5,0.2,0.0
466881,2026-05-29 10:00:00,26.1,0.5,1.1,67.0
466881,2026-05-29 11:00:00,25.8,1.5,1.6,52.0
466881,2026-05-29 12:00:00,26.2,0.05,1.7,100.0
466881,2026-05-29 13:00:00,26.1,0.0,3.0,69.0
466881,2026-05-29 14:00:00,26.6,0.0,1.8,49.0
466881,2026-05-29 15:00:00,26.7,0.0,2.9,80.0
466881,2026-05-29 16:00:00,26.4,0.0,2.4,93.0
466881,2026-05-29 17:00:00,26.0,0.0,1.7,108.0
466881,2026-05-29 18:00:00,25.7,0.0,1.5,93.0
466881,2026-05-29 19:00:00,25.0,0.0,0.8,120.0
466881,2026-05-29 20:00:00,24.6,0.0,2.2,85.0
466881,2026-05-29 21:00:00,24.3,0.0,1.2,127.0
466881,2026-05-29 22:00:00,23.6,0.0,0.9,121.0
466881,2026-05-29 23:00:00,23.6,0.0,1.2,93.0
466881,2026-05-30 00:00:00,24.4,0.0,2.5,71.0
466881,2026-05-30 01:00:00,24.2,0.0,1.7,116.0
466881,2026-05-30 02:00:00,23.7,0.0,1.6,151.0
466881,2026-05-30 03:00:00,22.8,0.0,1.5,105.0
466881,2026-05-30 04:00:00,22.2,0.0,1.0,133.0
466881,2026-05-30 05:00:00,22.8,0.0,1.2,117.0
466881,2026-05-30 06:00:00,24.5,0.0,3.9,70.0
466881,2026-05-30 07:00:00,26.0,0.0,3.3,75.0
466881,2026-05-30 08:00:00,27.2,0.0,3.6,108.0
466881,2026-05-30 09:00:00,28.2,0.0,2.4,93.0
466881,2026-05-30 10:00:00,29.9,0.0,3.3,78.0
466881,2026-05-30 11:00:00,30.5,0.0,3.2,82.0
466881,2026-05-30 12:00:00,30.4,0.0,5.3,57.0
466881,2026-05-30 13:00:00,30.2,0.0,5.0,54.0
466881,2026-05-30 14:00:00,30.0,0.0,4.0,45.0
466881,2026-05-30 15:00:00,29.2,0.0,4.6,56.0
466881,2026-05-30 16:00:00,28.6,0.0,4.2,50.0
466881,2026-05-30 17:00:00,27.7,0.0,2.9,49.0
466881,2026-05-30 18:00:00,26.1,0.0,3.1,68.0
466881,2026-05-30 19:00:00,24.7,0.0,1.8,96.0
466881,2026-05-30 20:00:00,24.2,0.0,2.6,93.0
466881,2026-05-30 21:00:00,23.2,0.0,1.0,111.0
466881,2026-05-30 22:00:00,23.7,0.0,2.1,65.0
466881,2026-05-30 23:00:00,22.9,0.0,0.8,122.0
466881,2026-05-31 00:00:00,21.8,0.0,0.5,150.0
466881,2026-05-31 01:00:00,21.4,0.0,1.3,148.0
466881,2026-05-31 02:00:00,21.4,0.0,1.4,123.0
466881,2026-05-31 03:00:00,21.9,0.0,1.9,150.0
466881,2026-05-31 04:00:00,21.6,0.0,1.9,160.0
466881,2026-05-31 05:00:00,21.6,0.0,2.8,154.0
466881,2026-05-31 06:00:00,21.7,0.0,1.7,140.0
466881,2026-05-31 07:00:00,23.6,0.0,1.4,142.0
466881,2026-05-31 08:00:00,25.9,0.0,1.1,137.0
466881,2026-05-31 09:00:00,26.7,0.0,1.6,97.0
466881,2026-05-31 10:00:00,28.7,0.0,2.5,57.0
466881,2026-05-31 11:00:00,28.9,0.0,2.9,35.0
466881,2026-05-31 12:00:00,29.3,0.0,3.6,48.0
466881,2026-05-31 13:00:00,29.5,0.0,3.8,63.0
466881,2026-05-31 14:00:00,29.9,0.0,3.4,59.0
466881,2026-05-31 15:00:00,28.8,0.0,4.3,60.0
466881,2026-05-31 16:00:00,28.4,0.0,3.1,57.0
466881,2026-05-31 17:00:00,27.5,0.0,3.6,57.0
466881,2026-05-31 18:00:00,25.9,0.0,3.3,60.0
466881,2026-05-31 19:00:00,24.7,0.0,2.3,88.0
466881,2026-05-31 20:00:00,24.3,0.0,2.0,98.0
466881,2026-05-31 21:00:00,23.5,0.0,1.3,133.0
466881,2026-05-31 22:00:00,22.6,0.0,1.4,142.0
466881,2026-05-31 23:00:00,22.8,0.0,1.1,157.0
466881,2026-06-01 00:00:00,22.2,0.0,1.8,153.0
466881,2026-06-01 01:00:00,21.8,0.0,1.6,119.0
466881,2026-06-01 02:00:00,22.1,0.0,1.0,141.0
466881,2026-06-01 03:00:00,22.8,0.0,2.1,172.0
466881,2026-06-01 04:00:00,22.9,0.0,2.4,166.0
466881,2026-06-01 05:00:00,22.4,0.0,1.4,141.0
466881,2026-06-01 06:00:00,22.9,0.0,0.0,0.0
466881,2026-06-01 07:00:00,23.6,0.0,0.5,102.0
466881,2026-06-01 08:00:00,25.3,0.0,2.3,254.0
466881,2026-06-01 09:00:00,25.7,0.0,2.3,261.0
466881,2026-06-01 10:00:00,25.6,0.0,2.1,297.0
466881,2026-06-01 11:00:00,26.9,0.0,1.3,311.0
466881,2026-06-01 12:00:00,28.5,0.0,1.7,344.0
466881,2026-06-01 13:00:00,28.3,0.0,2.0,333.0
466881,2026-06-01 14:00:00,27.4,0.0,1.2,335.0
466881,2026-06-01 15:00:00,28.6,0.0,1.2,312.0
466881,2026-06-01 16:00:00,29.3,0.0,2.5,281.0
466881,2026-06-01 17:00:00,28.7,0.0,2.2,272.0
466881,2026-06-01 18:00:00,28.5,0.0,1.9,283.0
466881,2026-06-01 19:00:00,25.9,0.0,0.3,237.0
466881,2026-06-01 20:00:00,24.6,0.0,0.2,0.0
466881,2026-06-01 21:00:00,24.6,0.0,0.4,38.0
466881,2026-06-01 22:00:00,24.2,0.0,0.9,134.0
466881,2026-06-01 23:00:00,23.5,0.0,0.7,208.0
466881,2026-06-02 00:00:00,23.4,0.0,0.6,153.0
466881,2026-06-02 01:00:00,23.1,0.0,0.2,0.0
466881,2026-06-02 02:00:00,22.4,0.0,0.3,
466881,2026-06-02 03:00:00,22.6,0.0,0.3,
466881,2026-06-02 04:00:00,22.3,0.0,0.3,318.0
466881,2026-06-02 05:00:00,21.8,0.0,0.2,0.0
466881,2026-06-02 06:00:00,22.7,0.0,0.3,115.0
466881,2026-06-02 07:00:00,25.0,0.0,0.8,154.0
466881,2026-06-02 08:00:00,26.6,0.0,0.7,85.0
466881,2026-06-02 09:00:00,29.0,0.0,0.6,360.0
466881,2026-06-02 10:00:00,30.5,0.0,0.9,29.0
466881,2026-06-02 11:00:00,32.3,0.0,0.9,142.0
466881,2026-06-02 12:00:00,33.8,0.0,2.3,305.0
466881,2026-06-02 13:00:00,34.8,0.0,1.8,12.0
466881,2026-06-02 14:00:00,33.4,0.0,1.4,328.0
466881,2026-06-02 15:00:00,32.8,0.0,1.2,9.0
466881,2026-06-02 16:00:00,32.4,0.0,1.9,48.0
466881,2026-06-02 17:00:00,31.8,0.0,0.5,22.0
466881,2026-06-02 18:00:00,30.9,0.0,1.2,31.0
466881,2026-06-02 19:00:00,28.4,0.0,0.1,0.0
466881,2026-06-02 20:00:00,27.4,0.0,1.2,151.0
466881,2026-06-02 21:00:00,27.0,0.0,0.3,260.0
466881,2026-06-02 22:00:00,25.9,0.0,0.7,223.0
466881,2026-06-02 23:00:00,25.1,0.0,0.1,0.0
466881,2026-06-03 00:00:00,25.1,0.0,0.2,0.0
466881,2026-06-03 01:00:00,24.6,0.0,0.1,0.0
466881,2026-06-03 02:00:00,25.1,0.0,0.5,344.0
466881,2026-06-03 03:00:00,24.4,0.0,0.0,0.0
466881,2026-06-03 04:00:00,24.2,0.0,0.1,0.0
466881,2026-06-03 05:00:00,23.8,0.0,0.2,0.0
466881,2026-06-03 06:00:00,24.2,0.0,0.2,0.0
466881,2026-06-03 07:00:00,26.2,0.0,0.9,142.0
466881,2026-06-03 08:00:00,28.3,0.0,0.8,77.0
466881,2026-06-03 09:00:00,30.4,0.0,0.4,153.0
466881,2026-06-03 10:00:00,31.5,0.0,0.6,131.0
466881,2026-06-03 11:00:00,33.3,0.0,1.0,115.0
466881,2026-06-03 12:00:00,34.2,0.0,1.1,6.0
466881,2026-06-03 13:00:00,34.7,0.0,1.7,339.0
466881,2026-06-03 14:00:00,34.5,0.0,1.5,21.0
466881,2026-06-03 15:00:00,32.0,0.0,1.8,56.0
466881,2026-06-03 16:00:00,31.5,0.0,1.7,68.0
466881,2026-06-03 17:00:00,31.3,0.0,1.0,22.0
466881,2026-06-03 18:00:00,30.3,0.0,1.6,68.0
466881,2026-06-03 19:00:00,29.4,0.05,1.4,60.0
466881,2026-06-03 20:00:00,27.4,0.0,0.3,118.0
466881,2026-06-03 21:00:00,26.8,0.0,0.8,135.0
466881,2026-06-03 22:00:00,26.3,0.0,0.3,132.0
466881,2026-06-03 23:00:00,26.0,0.0,0.2,0.0
466881,2026-06-04 00:00:00,25.6,0.0,0.4,61.0
466881,2026-06-04 01:00:00,26.2,0.0,0.7,170.0
466881,2026-06-04 02:00:00,25.6,0.0,0.3,355.0
466881,2026-06-04 03:00:00,26.5,0.0,1.3,252.0
466881,2026-06-04 04:00:00,25.0,0.0,0.5,111.0
466881,2026-06-04 05:00:00,24.6,0.0,0.1,0.0
466881,2026-06-04 06:00:00,25.0,0.0,0.5,81.0
466881,2026-06-04 07:00:00,26.7,0.0,0.4,99.0
466881,2026-06-04 08:00:00,28.4,0.0,1.0,160.0
466881,2026-06-04 09:00:00,29.6,0.0,1.2,69.0
466881,2026-06-04 10:00:00,30.7,0.0,1.0,116.0
466881,2026-06-04 11:00:00,32.8,0.0,1.6,271.0
466881,2026-06-04 12:00:00,32.9,0.0,1.6,155.0
466881,2026-06-04 13:00:00,32.6,0.0,1.0,151.0
466881,2026-06-04 14:00:00,34.4,0.0,1.1,113.0
466881,2026-06-04 15:00:00,32.2,0.0,2.5,51.0
466881,2026-06-04 16:00:00,30.6,0.0,1.7,348.0
466881,2026-06-04 17:00:00,27.9,7.5,1.4,278.0
466881,2026-06-04 18:00:00,24.9,26.5,4.0,178.0
466881,2026-06-04 19:00:00,25.2,4.5,1.5,228.0
466881,2026-06-04 20:00:00,24.6,3.0,0.7,140.0
466881,2026-06-04 21:00:00,24.4,2.0,0.9,131.0
466881,2026-06-04 22:00:00,24.4,0.0,0.4,204.0
466881,2026-06-04 23:00:00,24.7,0.0,0.8,150.0
466881,2026-06-05 00:00:00,24.7,0.0,0.4,110.0
466881,2026-06-05 01:00:00,24.8,0.0,1.5,167.0
466881,2026-06-05 02:00:00,25.0,0.0,2.6,150.0
466881,2026-06-05 03:00:00,24.4,0.05,0.6,138.0
466881,2026-06-05 04:00:00,24.8,0.05,1.0,238.0
466881,2026-06-05 05:00:00,24.4,0.0,0.2,0.0
466881,2026-06-05 06:00:00,24.6,0.05,0.1,0.0
466881,2026-06-05 07:00:00,24.5,1.5,0.7,240.0
466881,2026-06-05 08:00:00,24.8,2.0,0.3,136.0
466881,2026-06-05 09:00:00,25.1,2.0,0.0,0.0
466881,2026-06-05 10:00:00,25.6,0.05,0.2,0.0
466881,2026-06-05 11:00:00,25.8,3.0,1.0,225.0
466881,2026-06-05 12:00:00,25.2,13.0,3.3,235.0
466881,2026-06-05 13:00:00,25.3,42.0,0.4,99.0
466881,2026-06-05 14:00:00,25.9,1.5,0.1,0.0
466881,2026-06-05 15:00:00,25.9,7.0,0.5,240.0
466881,2026-06-05 16:00:00,25.6,4.5,0.6,160.0
466881,2026-06-05 17:00:00,25.7,2.0,0.5,243.0
466881,2026-06-05 18:00:00,25.5,6.0,0.4,261.0
466881,2026-06-05 19:00:00,25.3,7.5,1.2,311.0
466881,2026-06-05 20:00:00,25.1,17.0,1.7,305.0
466881,2026-06-05 21:00:00,25.0,6.5,0.2,0.0
466881,2026-06-05 22:00:00,25.0,3.5,0.1,0.0
466881,2026-06-05 23:00:00,25.0,5.0,2.2,269.0
466881,2026-06-06 00:00:00,25.3,0.5,2.0,257.0
466881,2026-06-06 01:00:00,25.7,0.05,1.7,281.0
466881,2026-06-06 02:00:00,25.6,0.05,2.5,286.0
466881,2026-06-06 03:00:00,25.5,0.5,2.0,287.0
466881,2026-06-06 04:00:00,25.2,0.5,1.9,291.0
466881,2026-06-06 05:00:00,25.5,0.05,3.5,283.0
466881,2026-06-06 06:00:00,25.6,0.0,2.7,294.0
466881,2026-06-06 07:00:00,25.7,0.0,3.3,278.0
466881,2026-06-06 08:00:00,25.4,0.05,3.2,281.0
466881,2026-06-06 09:00:00,25.6,0.05,2.9,285.0
466881,2026-06-06 10:00:00,25.6,0.5,2.3,280.0
466881,2026-06-06 11:00:00,25.5,0.05,2.8,288.0
466881,2026-06-06 12:00:00,25.3,1.5,2.5,291.0
466881,2026-06-06 13:00:00,25.3,0.05,1.3,239.0
466881,2026-06-06 14:00:00,25.8,0.05,0.4,235.0
466881,2026-06-06 15:00:00,27.4,0.0,2.6,290.0
466881,2026-06-06 16:00:00,28.0,0.0,2.6,303.0
466881,2026-06-06 17:00:00,27.5,0.0,0.2,0.0
466881,2026-06-06 18:00:00,27.0,0.0,0.5,3.0
466881,2026-06-06 19:00:00,26.2,0.0,0.1,0.0
466881,2026-06-06 20:00:00,25.6,0.0,0.4,178.0
466881,2026-06-06 21:00:00,25.1,0.0,0.6,145.0
466881,2026-06-06 22:00:00,24.7,0.0,0.5,219.0
466881,2026-06-06 23:00:00,24.3,0.0,0.2,0.0
466881,2026-06-07 00:00:00,24.2,0.0,0.2,0.0
466881,2026-06-07 01:00:00,24.4,0.5,0.1,0.0
466881,2026-06-07 02:00:00,24.4,0.0,0.5,79.0
466881,2026-06-07 03:00:00,24.5,0.0,0.1,0.0
466881,2026-06-07 04:00:00,24.1,0.0,0.3,157.0
466881,2026-06-07 05:00:00,24.0,0.0,0.8,44.0
466881,2026-06-07 06:00:00,24.7,0.0,0.3,44.0
466881,2026-06-07 07:00:00,26.7,0.0,1.2,128.0
466881,2026-06-07 08:00:00,28.9,0.0,0.7,122.0
466881,2026-06-07 09:00:00,30.6,0.0,0.9,67.0
466881,2026-06-07 10:00:00,31.4,0.0,1.8,261.0
466881,2026-06-07 11:00:00,31.2,0.0,1.5,285.0
466881,2026-06-07 12:00:00,32.4,0.0,1.3,147.0
466881,2026-06-07 13:00:00,32.5,0.0,1.5,338.0
466881,2026-06-07 14:00:00,28.3,5.0,2.5,149.0
466881,2026-06-07 15:00:00,26.4,26.0,1.2,307.0
466881,2026-06-07 16:00:00,26.7,4.5,1.2,198.0
466881,2026-06-07 17:00:00,27.4,0.05,1.1,75.0
466881,2026-06-07 18:00:00,27.1,0.05,0.4,209.0
466881,2026-06-07 19:00:00,26.5,0.0,0.4,191.0
466881,2026-06-07 20:00:00,25.9,0.05,1.0,171.0
466881,2026-06-07 21:00:00,25.1,0.5,0.4,9.0
466881,2026-06-07 22:00:00,24.8,0.0,2.0,150.0
466881,2026-06-07 23:00:00,25.0,0.0,0.6,289.0
466881,2026-06-08 00:00:00,24.4,0.0,0.5,78.0
466881,2026-06-08 01:00:00,24.2,0.0,0.2,0.0
466881,2026-06-08 02:00:00,24.3,0.0,0.0,0.0
466881,2026-06-08 03:00:00,24.3,0.0,0.0,0.0
466881,2026-06-08 04:00:00,24.3,0.0,0.3,155.0
466881,2026-06-08 05:00:00,24.2,0.0,0.2,0.0
466881,2026-06-08 06:00:00,25.1,0.0,0.3,318.0
466881,2026-06-08 07:00:00,25.8,0.0,0.4,287.0
466881,2026-06-08 08:00:00,27.2,0.0,0.5,289.0
466881,2026-06-08 09:00:00,28.7,0.0,0.3,233.0
466881,2026-06-08 10:00:00,30.2,0.0,1.0,45.0
466881,2026-06-08 11:00:00,30.9,0.0,1.0,202.0
466881,2026-06-08 12:00:00,32.0,0.0,1.2,308.0
466881,2026-06-08 13:00:00,27.4,7.5,0.9,23.0
466881,2026-06-08 14:00:00,26.2,14.5,2.7,291.0
466881,2026-06-08 15:00:00,25.4,54.5,0.5,145.0
466881,2026-06-08 16:00:00,25.3,7.0,1.1,86.0
466881,2026-06-08 17:00:00,25.4,1.0,0.3,233.0
466881,2026-06-08 18:00:00,25.4,2.0,0.2,0.0
466881,2026-06-08 19:00:00,25.2,0.05,0.2,0.0
466881,2026-06-08 20:00:00,25.2,0.0,0.1,0.0
466881,2026-06-08 21:00:00,25.2,0.0,0.6,130.0
466881,2026-06-08 22:00:00,25.1,0.05,0.0,0.0
466881,2026-06-08 23:00:00,25.2,0.0,0.1,0.0
466881,2026-06-09 00:00:00,25.2,0.0,0.5,172.0
466881,2026-06-09 01:00:00,25.1,0.0,0.1,0.0
466881,2026-06-09 02:00:00,25.1,0.0,0.0,0.0
466881,2026-06-09 03:00:00,25.0,0.5,0.0,0.0
466881,2026-06-09 04:00:00,24.9,3.0,0.7,224.0
466881,2026-06-09 05:00:00,24.9,2.0,0.3,171.0
466881,2026-06-09 06:00:00,25.0,5.5,1.2,304.0
466881,2026-06-09 07:00:00,25.4,0.5,0.8,128.0
466881,2026-06-09 08:00:00,25.3,2.0,1.7,72.0
466881,2026-06-09 09:00:00,25.4,0.05,1.8,75.0
466881,2026-06-09 10:00:00,25.2,4.0,0.9,163.0
466881,2026-06-09 11:00:00,25.2,1.5,1.0,79.0
466881,2026-06-09 12:00:00,25.2,0.05,1.0,69.0
466881,2026-06-09 13:00:00,24.9,1.5,2.2,79.0
466881,2026-06-09 14:00:00,24.7,0.5,2.3,77.0
466881,2026-06-09 15:00:00,24.3,0.5,1.3,66.0
466881,2026-06-09 16:00:00,24.2,0.5,1.7,38.0
466881,2026-06-09 17:00:00,24.0,0.5,1.3,68.0
466881,2026-06-09 18:00:00,23.8,1.0,1.3,31.0
466881,2026-06-09 19:00:00,23.3,3.0,1.7,46.0
466881,2026-06-09 20:00:00,23.2,4.0,0.9,68.0
466881,2026-06-09 21:00:00,23.1,6.0,0.3,344.0
466881,2026-06-09 22:00:00,23.1,3.5,1.0,360.0
466881,2026-06-09 23:00:00,23.0,0.05,0.1,0.0
466881,2026-06-10 00:00:00,22.9,1.0,0.2,0.0
466881,2026-06-10 01:00:00,22.9,1.0,0.0,0.0
466881,2026-06-10 02:00:00,22.8,1.5,0.3,42.0
466881,2026-06-10 03:00:00,22.8,2.0,0.3,110.0
466881,2026-06-10 04:00:00,22.9,0.5,0.5,99.0
466881,2026-06-10 05:00:00,22.9,0.5,0.0,0.0
466881,2026-06-10 06:00:00,23.1,1.5,0.0,0.0
466881,2026-06-10 07:00:00,23.2,4.5,0.1,0.0
466881,2026-06-10 08:00:00,23.4,1.0,0.5,231.0
466881,2026-06-10 09:00:00,23.5,6.5,0.2,0.0
466881,2026-06-10 10:00:00,23.6,5.0,0.5,341.0
466881,2026-06-10 11:00:00,23.5,4.5,0.7,271.0
466881,2026-06-10 12:00:00,23.8,1.5,1.9,102.0
466881,2026-06-10 13:00:00,24.5,0.5,1.4,103.0
466881,2026-06-10 14:00:00,24.1,0.05,1.6,85.0
466881,2026-06-10 15:00:00,24.1,0.05,1.0,98.0
466881,2026-06-10 16:00:00,23.8,0.0,1.4,85.0
466881,2026-06-10 17:00:00,23.2,0.05,1.6,71.0
466881,2026-06-10 18:00:00,23.3,0.0,0.9,94.0
466881,2026-06-10 19:00:00,22.8,0.0,1.1,134.0
466881,2026-06-10 20:00:00,22.8,0.0,1.1,103.0
466881,2026-06-10 21:00:00,22.5,0.0,1.0,143.0
466881,2026-06-10 22:00:00,22.5,0.0,1.5,172.0
466881,2026-06-10 23:00:00,22.4,0.0,1.9,155.0
466881,2026-06-11 00:00:00,22.3,0.0,1.8,135.0
466881,2026-06-11 01:00:00,22.0,0.05,1.2,96.0
466881,2026-06-11 02:00:00,22.0,0.05,0.0,0.0
466881,2026-06-11 03:00:00,21.8,0.5,0.2,0.0
466881,2026-06-11 04:00:00,20.9,0.5,1.5,88.0
466881,2026-06-11 05:00:00,21.1,0.05,1.0,139.0
466881,2026-06-11 06:00:00,21.2,0.0,1.2,74.0
466881,2026-06-11 07:00:00,22.0,0.05,0.6,76.0
466881,2026-06-11 08:00:00,22.8,0.05,0.1,0.0
466881,2026-06-11 09:00:00,22.9,1.0,1.4,29.0
466881,2026-06-11 10:00:00,22.7,5.5,0.2,0.0
466881,2026-06-11 11:00:00,22.9,5.5,1.3,38.0
466881,2026-06-11 12:00:00,22.8,4.5,0.4,43.0
466881,2026-06-11 13:00:00,23.4,1.0,1.3,66.0
466881,2026-06-11 14:00:00,22.3,1.0,3.4,54.0
466881,2026-06-11 15:00:00,22.5,0.5,1.7,36.0
466881,2026-06-11 16:00:00,22.8,0.0,0.5,40.0
466881,2026-06-11 17:00:00,22.3,0.5,1.0,13.0
466881,2026-06-11 18:00:00,22.1,2.0,0.5,57.0
466881,2026-06-11 19:00:00,21.9,0.5,0.3,91.0
466881,2026-06-11 20:00:00,22.1,0.05,0.6,62.0
466881,2026-06-11 21:00:00,21.8,0.0,1.1,51.0
466881,2026-06-11 22:00:00,22.2,0.0,0.7,116.0
466881,2026-06-11 23:00:00,21.9,0.0,1.0,86.0
466881,2026-06-12 00:00:00,22.2,0.0,0.2,0.0
466881,2026-06-12 01:00:00,22.1,0.0,1.7,75.0
466881,2026-06-12 02:00:00,22.3,0.0,0.4,93.0
466881,2026-06-12 03:00:00,22.4,0.0,0.1,0.0
466881,2026-06-12 04:00:00,22.3,0.0,0.1,0.0
466881,2026-06-12 05:00:00,22.3,0.0,1.1,92.0
466881,2026-06-12 06:00:00,22.7,0.0,0.5,259.0
466881,2026-06-12 07:00:00,23.3,0.0,0.1,0.0
466881,2026-06-12 08:00:00,24.3,0.0,0.0,0.0
466881,2026-06-12 09:00:00,25.5,0.0,0.1,0.0
466881,2026-06-12 10:00:00,26.5,0.0,0.6,11.0
466881,2026-06-12 11:00:00,26.7,0.0,1.3,342.0
466881,2026-06-12 12:00:00,26.5,0.0,1.9,34.0
466881,2026-06-12 13:00:00,24.9,0.5,2.2,40.0
466881,2026-06-12 14:00:00,24.0,4.0,1.2,10.0
466881,2026-06-12 15:00:00,23.7,6.0,0.7,349.0
466881,2026-06-12 16:00:00,23.5,19.5,1.4,49.0
466881,2026-06-12 17:00:00,23.0,4.5,2.1,62.0
466881,2026-06-12 18:00:00,22.5,1.0,2.2,54.0
466881,2026-06-12 19:00:00,22.1,5.0,1.4,62.0
466881,2026-06-12 20:00:00,21.8,3.0,2.5,73.0
466881,2026-06-12 21:00:00,21.7,1.0,1.1,111.0
466881,2026-06-12 22:00:00,21.7,1.5,0.9,129.0
466881,2026-06-12 23:00:00,21.8,1.0,0.1,0.0
466881,2026-06-13 00:00:00,21.8,0.05,0.8,78.0
466881,2026-06-13 01:00:00,21.8,1.5,0.9,75.0
466881,2026-06-13 02:00:00,21.9,0.5,0.7,127.0
466881,2026-06-13 03:00:00,22.1,1.0,1.8,134.0
466881,2026-06-13 04:00:00,22.1,1.5,0.6,103.0
466881,2026-06-13 05:00:00,22.2,1.0,1.8,126.0
466881,2026-06-13 06:00:00,22.5,0.0,0.6,46.0
466881,2026-06-13 07:00:00,22.9,1.0,0.6,243.0
466881,2026-06-13 08:00:00,23.4,0.05,1.2,140.0
466881,2026-06-13 09:00:00,24.1,0.05,0.2,0.0
466881,2026-06-13 10:00:00,24.2,0.05,0.2,0.0
466881,2026-06-13 11:00:00,26.3,0.0,0.3,54.0
466881,2026-06-13 12:00:00,27.1,0.0,1.1,2.0
466881,2026-06-13 13:00:00,27.3,0.0,1.2,309.0
466881,2026-06-13 14:00:00,26.1,0.05,0.1,0.0
466881,2026-06-13 15:00:00,26.7,0.05,0.3,245.0
466881,2026-06-13 16:00:00,26.5,0.0,0.5,142.0
466881,2026-06-13 17:00:00,26.4,0.0,0.2,0.0
466881,2026-06-13 18:00:00,26.2,0.0,0.5,179.0
466881,2026-06-13 19:00:00,25.3,0.0,0.2,0.0
466881,2026-06-13 20:00:00,24.9,0.0,0.0,0.0
466881,2026-06-13 21:00:00,24.7,0.0,0.1,0.0
466881,2026-06-13 22:00:00,24.2,0.0,1.6,145.0
466881,2026-06-13 23:00:00,23.8,0.0,1.6,115.0
466881,2026-06-14 00:00:00,23.7,0.0,0.6,274.0
466881,2026-06-14 01:00:00,23.3,0.0,0.0,0.0
466881,2026-06-14 02:00:00,23.3,0.0,0.2,0.0
466881,2026-06-14 03:00:00,23.3,0.0,0.0,0.0
466881,2026-06-14 04:00:00,23.1,0.0,0.4,59.0
466881,2026-06-14 05:00:00,23.2,0.0,1.2,134.0
466881,2026-06-14 06:00:00,23.9,0.0,1.2,145.0
466881,2026-06-14 07:00:00,25.1,0.0,1.4,132.0
466881,2026-06-14 08:00:00,25.1,0.05,0.4,202.0
466881,2026-06-14 09:00:00,24.9,0.05,0.3,69.0
466881,2026-06-14 10:00:00,25.6,0.5,0.5,146.0
466881,2026-06-14 11:00:00,25.3,1.0,0.3,105.0
466881,2026-06-14 12:00:00,25.4,1.5,0.2,0.0
466881,2026-06-14 13:00:00,25.8,0.5,0.6,87.0
466881,2026-06-14 14:00:00,27.1,0.05,0.4,78.0
466881,2026-06-14 15:00:00,27.5,0.05,0.4,27.0
466881,2026-06-14 16:00:00,27.3,0.05,0.3,349.0
466881,2026-06-14 17:00:00,26.0,0.5,0.0,0.0
466881,2026-06-14 18:00:00,25.4,0.5,0.6,128.0
466881,2026-06-14 19:00:00,25.1,0.5,0.0,0.0
466881,2026-06-14 20:00:00,24.8,0.5,0.5,68.0
466881,2026-06-14 21:00:00,24.4,0.0,1.4,87.0
466881,2026-06-14 22:00:00,24.1,0.0,0.9,84.0
466881,2026-06-14 23:00:00,24.1,0.0,1.9,145.0
466881,2026-06-15 00:00:00,24.2,0.0,1.5,124.0
466881,2026-06-15 01:00:00,24.3,0.0,1.8,139.0
466881,2026-06-15 02:00:00,24.1,0.0,1.6,115.0
466881,2026-06-15 03:00:00,24.2,0.0,0.7,279.0
466881,2026-06-15 04:00:00,24.2,0.0,0.6,320.0
466881,2026-06-15 05:00:00,23.7,0.0,0.2,0.0
466881,2026-06-15 06:00:00,24.3,0.0,1.6,156.0
466881,2026-06-15 07:00:00,25.4,0.0,1.2,132.0
466881,2026-06-15 08:00:00,26.2,0.0,0.4,146.0
466881,2026-06-15 09:00:00,27.0,0.0,0.8,144.0
466881,2026-06-15 10:00:00,27.6,0.05,0.7,227.0
466881,2026-06-15 11:00:00,27.9,0.05,0.9,282.0
466881,2026-06-15 12:00:00,27.6,0.05,1.7,279.0
466881,2026-06-15 13:00:00,28.1,0.05,0.8,160.0
466881,2026-06-15 14:00:00,28.3,0.05,0.5,129.0
466881,2026-06-15 15:00:00,28.3,0.05,0.2,0.0
466881,2026-06-15 16:00:00,27.8,0.05,1.2,275.0
466881,2026-06-15 17:00:00,27.1,0.05,0.1,0.0
466881,2026-06-15 18:00:00,26.4,0.5,1.0,131.0
466881,2026-06-15 19:00:00,25.7,0.05,1.1,123.0
466881,2026-06-15 20:00:00,25.4,0.05,2.9,157.0
466881,2026-06-15 21:00:00,25.3,0.0,1.8,134.0
466881,2026-06-15 22:00:00,25.0,0.0,1.8,249.0
466881,2026-06-15 23:00:00,24.5,0.0,0.4,327.0
466881,2026-06-16 00:00:00,24.2,0.0,1.1,132.0
466881,2026-06-16 01:00:00,23.9,0.0,0.5,162.0
466881,2026-06-16 02:00:00,24.0,0.0,2.0,138.0
466881,2026-06-16 03:00:00,24.3,0.0,2.4,141.0
466881,2026-06-16 04:00:00,24.7,0.0,1.1,209.0
466881,2026-06-16 05:00:00,24.1,0.0,0.8,282.0
466881,2026-06-16 06:00:00,24.1,0.0,1.0,160.0
466881,2026-06-16 07:00:00,25.6,0.0,0.5,
466881,2026-06-16 08:00:00,26.4,0.0,2.2,147.0
466881,2026-06-16 09:00:00,27.4,0.0,0.9,146.0
466881,2026-06-16 10:00:00,28.6,0.0,0.3,61.0
466881,2026-06-16 11:00:00,29.4,0.0,0.6,188.0
466881,2026-06-16 12:00:00,31.0,0.0,0.7,31.0
466881,2026-06-16 13:00:00,31.4,0.0,0.6,139.0
466881,2026-06-16 14:00:00,31.2,0.05,0.2,0.0
466881,2026-06-16 15:00:00,27.6,0.05,1.2,55.0
466881,2026-06-16 16:00:00,25.8,2.0,2.8,162.0
466881,2026-06-16 17:00:00,25.2,3.0,1.0,150.0
466881,2026-06-16 18:00:00,25.3,0.5,0.3,140.0
466881,2026-06-16 19:00:00,24.9,0.0,0.1,0.0
466881,2026-06-16 20:00:00,24.7,0.0,0.8,58.0
466881,2026-06-16 21:00:00,24.4,0.0,0.2,0.0
466881,2026-06-16 22:00:00,24.1,0.0,0.7,102.0
466881,2026-06-16 23:00:00,24.0,0.0,0.8,105.0
466881,2026-06-17 00:00:00,24.4,0.0,1.4,278.0
466881,2026-06-17 01:00:00,23.9,0.0,1.1,131.0
466881,2026-06-17 02:00:00,23.8,0.0,0.3,96.0
466881,2026-06-17 03:00:00,23.7,0.0,0.4,170.0
466881,2026-06-17 04:00:00,23.5,0.0,0.0,0.0
466881,2026-06-17 05:00:00,23.5,0.05,0.3,78.0
466881,2026-06-17 06:00:00,23.6,0.05,0.1,0.0
466881,2026-06-17 07:00:00,24.5,0.0,0.8,2.0
466881,2026-06-17 08:00:00,25.6,0.0,1.4,143.0
466881,2026-06-17 09:00:00,27.6,0.0,0.8,360.0
466881,2026-06-17 10:00:00,29.5,0.0,0.5,115.0
466881,2026-06-17 11:00:00,30.9,0.0,0.8,341.0
466881,2026-06-17 12:00:00,32.2,0.0,1.1,311.0
466881,2026-06-17 13:00:00,33.4,0.0,0.3,360.0
466881,2026-06-17 14:00:00,32.1,0.0,1.7,324.0
466881,2026-06-17 15:00:00,25.0,48.5,2.4,298.0
466881,2026-06-17 16:00:00,25.1,4.5,0.2,0.0
466881,2026-06-17 17:00:00,24.8,18.0,1.7,154.0
466881,2026-06-17 18:00:00,25.1,2.5,2.3,155.0
466881,2026-06-17 19:00:00,25.1,0.0,0.3,195.0
466881,2026-06-17 20:00:00,25.2,0.0,1.6,134.0
466881,2026-06-17 21:00:00,25.1,0.0,1.7,145.0
466881,2026-06-17 22:00:00,24.5,0.0,0.9,84.0
466881,2026-06-17 23:00:00,24.2,0.0,0.2,0.0
466881,2026-06-18 00:00:00,24.1,0.0,0.4,217.0
466881,2026-06-18 01:00:00,24.2,0.0,0.5,333.0
466881,2026-06-18 02:00:00,23.7,0.0,0.2,0.0
466881,2026-06-18 03:00:00,24.0,0.0,1.5,133.0
466881,2026-06-18 04:00:00,24.0,0.0,0.8,251.0
466881,2026-06-18 05:00:00,23.5,0.0,0.5,
466881,2026-06-18 06:00:00,24.1,0.0,0.4,170.0
466881,2026-06-18 07:00:00,25.4,0.0,2.1,135.0
466881,2026-06-18 08:00:00,27.7,0.0,1.2,126.0
466881,2026-06-18 09:00:00,29.5,0.0,0.7,31.0
466881,2026-06-18 10:00:00,31.5,0.0,0.8,333.0
466881,2026-06-18 11:00:00,32.4,0.0,1.0,3.0
466881,2026-06-18 12:00:00,31.8,0.0,1.3,348.0
466881,2026-06-18 13:00:00,31.6,0.0,2.4,284.0
466881,2026-06-18 14:00:00,27.5,10.5,3.0,349.0
466881,2026-06-18 15:00:00,25.3,15.0,2.3,62.0
466881,2026-06-18 16:00:00,24.8,13.5,1.4,16.0
466881,2026-06-18 17:00:00,25.3,15.0,2.3,154.0
466881,2026-06-18 18:00:00,25.5,2.5,2.5,148.0
466881,2026-06-18 19:00:00,25.1,0.05,0.9,114.0
466881,2026-06-18 20:00:00,24.8,0.0,0.3,96.0
466881,2026-06-18 21:00:00,24.7,0.0,0.3,299.0
466881,2026-06-18 22:00:00,24.7,0.0,0.4,7.0
466881,2026-06-18 23:00:00,24.7,0.0,0.2,0.0
466881,2026-06-19 00:00:00,24.2,0.0,0.3,309.0
466881,2026-06-19 01:00:00,23.9,0.0,0.3,119.0
466881,2026-06-19 02:00:00,24.5,0.0,1.1,129.0
466881,2026-06-19 03:00:00,24.1,0.0,1.3,131.0
466881,2026-06-19 04:00:00,23.8,0.0,0.3,231.0
466881,2026-06-19 05:00:00,23.2,0.0,0.4,342.0
466881,2026-06-19 06:00:00,24.1,0.0,0.5,308.0
466881,2026-06-19 07:00:00,25.9,0.0,1.0,133.0
466881,2026-06-19 08:00:00,28.1,0.0,0.7,129.0
466881,2026-06-19 09:00:00,30.1,0.0,0.9,113.0
466881,2026-06-19 10:00:00,31.8,0.0,1.3,25.0
466881,2026-06-19 11:00:00,33.0,0.0,1.3,338.0
466881,2026-06-19 12:00:00,33.3,0.0,2.1,8.0
466881,2026-06-19 13:00:00,32.0,0.0,1.7,50.0
466881,2026-06-19 14:00:00,32.9,0.0,1.4,23.0
466881,2026-06-19 15:00:00,33.0,0.0,1.3,40.0
466881,2026-06-19 16:00:00,31.2,0.0,0.6,37.0
466881,2026-06-19 17:00:00,30.1,0.0,1.4,108.0
466881,2026-06-19 18:00:00,28.8,0.0,1.3,83.0
466881,2026-06-19 19:00:00,27.7,0.0,0.2,0.0
466881,2026-06-19 20:00:00,27.3,0.0,0.4,154.0
466881,2026-06-19 21:00:00,26.1,0.0,0.1,0.0
466881,2026-06-19 22:00:00,25.2,0.0,1.0,56.0
466881,2026-06-19 23:00:00,25.1,0.0,0.5,44.0
466881,2026-06-20 00:00:00,25.0,0.0,0.7,222.0
466881,2026-06-20 01:00:00,24.3,0.0,0.4,353.0
466881,2026-06-20 02:00:00,25.1,0.0,0.9,221.0
466881,2026-06-20 03:00:00,24.4,0.0,0.4,10.0
466881,2026-06-20 04:00:00,23.8,0.0,0.3,149.0
466881,2026-06-20 05:00:00,24.1,0.0,0.5,346.0
466881,2026-06-20 06:00:00,24.9,0.0,1.9,144.0
466881,2026-06-20 07:00:00,26.3,0.0,1.9,140.0
466881,2026-06-20 08:00:00,28.7,0.0,0.6,158.0
466881,2026-06-20 09:00:00,30.6,0.0,0.9,8.0
466881,2026-06-20 10:00:00,32.1,0.0,2.5,235.0
466881,2026-06-20 11:00:00,33.0,0.0,1.3,261.0
466881,2026-06-20 12:00:00,33.9,0.0,1.5,233.0
466881,2026-06-20 13:00:00,34.7,0.0,2.4,284.0
466881,2026-06-20 14:00:00,34.0,0.0,3.3,292.0
466881,2026-06-20 15:00:00,34.1,0.0,3.1,296.0
466881,2026-06-20 16:00:00,32.9,0.0,2.3,293.0
466881,2026-06-20 17:00:00,33.0,0.0,2.2,275.0
466881,2026-06-20 18:00:00,31.6,0.0,1.4,265.0
466881,2026-06-20 19:00:00,28.3,0.0,0.5,196.0
466881,2026-06-20 20:00:00,27.9,0.0,0.4,177.0
466881,2026-06-20 21:00:00,26.9,0.0,0.4,60.0
466881,2026-06-20 22:00:00,26.4,0.0,1.2,139.0
466881,2026-06-20 23:00:00,26.1,0.0,0.7,141.0
466881,2026-06-21 00:00:00,25.6,0.0,0.7,223.0
466881,2026-06-21 01:00:00,25.3,0.0,1.3,294.0
466881,2026-06-21 02:00:00,24.4,0.0,0.0,0.0
466881,2026-06-21 03:00:00,24.1,0.0,0.1,0.0
466881,2026-06-21 04:00:00,23.5,0.0,0.2,0.0
466881,2026-06-21 05:00:00,23.4,0.0,0.1,0.0
466881,2026-06-21 06:00:00,24.5,0.0,0.3,83.0
466881,2026-06-21 07:00:00,26.1,0.0,1.4,147.0
466881,2026-06-21 08:00:00,28.1,0.0,0.7,126.0
466881,2026-06-21 09:00:00,29.9,0.0,0.4,284.0
466881,2026-06-21 10:00:00,32.2,0.0,1.4,360.0
466881,2026-06-21 11:00:00,34.0,0.0,1.8,291.0
466881,2026-06-21 12:00:00,35.1,0.0,1.3,341.0
466881,2026-06-21 13:00:00,36.0,0.0,1.9,343.0
466881,2026-06-21 14:00:00,36.4,0.0,1.7,307.0
466881,2026-06-21 15:00:00,35.5,0.0,1.6,312.0
466881,2026-06-21 16:00:00,34.8,0.0,2.0,352.0
466881,2026-06-21 17:00:00,33.2,0.0,2.0,34.0
466881,2026-06-21 18:00:00,31.5,0.0,2.0,72.0
466881,2026-06-21 19:00:00,29.6,0.0,0.5,120.0
466881,2026-06-21 20:00:00,28.4,0.0,0.5,129.0
466881,2026-06-21 21:00:00,27.7,0.0,0.5,181.0
466881,2026-06-21 22:00:00,26.6,0.0,1.1,114.0
466881,2026-06-21 23:00:00,25.7,0.0,1.2,118.0
466881,2026-06-22 00:00:00,26.1,0.0,0.9,208.0
466881,2026-06-22 01:00:00,24.5,0.0,0.1,0.0
466881,2026-06-22 02:00:00,24.3,0.0,0.4,70.0
466881,2026-06-22 03:00:00,23.9,0.0,0.1,0.0
466881,2026-06-22 04:00:00,23.7,0.0,0.4,176.0
466881,2026-06-22 05:00:00,24.8,0.0,1.1,189.0
466881,2026-06-22 06:00:00,24.9,0.0,1.4,170.0
466881,2026-06-22 07:00:00,26.3,0.0,1.0,137.0
466881,2026-06-22 08:00:00,28.4,0.0,0.4,63.0
466881,2026-06-22 09:00:00,30.3,0.0,0.6,323.0
466881,2026-06-22 10:00:00,31.4,0.0,0.8,121.0
466881,2026-06-22 11:00:00,33.5,0.0,0.9,53.0
466881,2026-06-22 12:00:00,34.9,0.0,1.1,38.0
466881,2026-06-22 13:00:00,35.1,0.0,1.8,349.0
466881,2026-06-22 14:00:00,35.2,0.0,1.7,350.0
466881,2026-06-22 15:00:00,33.9,0.0,1.4,5.0
466881,2026-06-22 16:00:00,33.0,0.0,1.7,342.0
466881,2026-06-22 17:00:00,31.9,0.0,1.5,15.0
466881,2026-06-22 18:00:00,31.3,0.0,0.8,80.0
466881,2026-06-22 19:00:00,29.7,0.0,0.7,114.0
466881,2026-06-22 20:00:00,28.2,0.0,0.5,108.0
466881,2026-06-22 21:00:00,27.3,0.0,1.0,172.0
466881,2026-06-22 22:00:00,26.9,0.0,0.4,122.0
466881,2026-06-22 23:00:00,26.7,0.0,0.2,60.0
466881,2026-06-23 00:00:00,26.4,0.0,0.9,123.0
466881,2026-06-23 01:00:00,25.9,0.0,1.9,130.0
466881,2026-06-23 02:00:00,25.2,0.0,1.3,85.0
466881,2026-06-23 03:00:00,25.4,0.0,0.4,220.0
466881,2026-06-23 04:00:00,25.5,0.0,0.7,191.0
466881,2026-06-23 05:00:00,25.5,0.0,1.3,160.0
466881,2026-06-23 06:00:00,25.6,0.0,0.4,4.0
466881,2026-06-23 07:00:00,26.9,0.0,0.5,117.0
466881,2026-06-23 08:00:00,28.2,0.0,0.5,152.0
466881,2026-06-23 09:00:00,29.9,0.0,0.7,117.0
466881,2026-06-23 10:00:00,31.6,0.0,0.7,60.0
466881,2026-06-23 11:00:00,33.1,0.0,1.1,4.0
466881,2026-06-23 12:00:00,34.5,0.0,0.3,177.0
466881,2026-06-23 13:00:00,34.5,0.0,2.0,328.0
466881,2026-06-23 14:00:00,34.2,0.0,1.7,1.0
466881,2026-06-23 15:00:00,32.8,0.0,1.5,342.0
466881,2026-06-23 16:00:00,32.7,0.0,1.3,25.0
466881,2026-06-23 17:00:00,32.2,0.0,0.6,25.0
466881,2026-06-23 18:00:00,31.2,0.0,0.6,27.0
466881,2026-06-23 19:00:00,29.5,0.0,0.9,126.0
466881,2026-06-23 20:00:00,27.7,0.0,0.9,118.0
466881,2026-06-23 21:00:00,27.5,0.0,1.2,130.0
466881,2026-06-23 22:00:00,26.9,0.0,1.4,122.0
466881,2026-06-23 23:00:00,26.0,0.0,0.8,131.0
466881,2026-06-24 00:00:00,25.3,0.0,0.3,212.0
466881,2026-06-24 01:00:00,24.9,0.0,0.4,54.0
466881,2026-06-24 02:00:00,25.0,0.0,0.5,143.0
466881,2026-06-24 03:00:00,24.5,0.0,0.4,31.0
466881,2026-06-24 04:00:00,24.1,0.0,1.1,128.0
466881,2026-06-24 05:00:00,24.1,0.0,0.6,95.0
466881,2026-06-24 06:00:00,24.4,0.0,1.3,174.0
466881,2026-06-24 07:00:00,26.0,0.0,0.5,146.0
466881,2026-06-24 08:00:00,27.5,0.0,0.7,106.0
466881,2026-06-24 09:00:00,29.6,0.0,0.7,306.0
466881,2026-06-24 10:00:00,32.1,0.0,2.4,292.0
466881,2026-06-24 11:00:00,33.6,0.0,2.9,288.0
466881,2026-06-24 12:00:00,34.0,0.0,2.3,267.0
466881,2026-06-24 13:00:00,34.4,0.0,3.0,283.0
466881,2026-06-24 14:00:00,34.7,0.0,1.3,333.0
466881,2026-06-24 15:00:00,34.2,0.0,1.6,299.0
466881,2026-06-24 16:00:00,33.4,0.0,1.6,346.0
466881,2026-06-24 17:00:00,33.3,0.0,1.5,344.0
466881,2026-06-24 18:00:00,30.5,0.0,2.2,62.0
466881,2026-06-24 19:00:00,29.4,0.0,1.5,63.0
466881,2026-06-24 20:00:00,28.5,0.0,1.5,76.0
466881,2026-06-24 21:00:00,28.4,0.0,0.8,73.0
466881,2026-06-24 22:00:00,28.0,0.0,0.7,89.0
466881,2026-06-24 23:00:00,27.0,0.0,0.7,135.0
466881,2026-06-25 00:00:00,27.7,0.0,0.3,208.0
466881,2026-06-25 01:00:00,26.9,0.0,0.4,239.0
466881,2026-06-25 02:00:00,27.0,0.0,0.1,0.0
466881,2026-06-25 03:00:00,26.4,0.0,0.4,70.0
466881,2026-06-25 04:00:00,26.5,0.0,1.0,239.0
466881,2026-06-25 05:00:00,26.3,0.0,0.3,175.0
466881,2026-06-25 06:00:00,26.6,0.0,0.1,0.0
466881,2026-06-25 07:00:00,27.4,0.0,0.6,330.0
466881,2026-06-25 08:00:00,28.0,0.0,0.5,13.0
466881,2026-06-25 09:00:00,27.7,0.05,0.9,63.0
466881,2026-06-25 10:00:00,27.3,2.0,0.6,23.0
466881,2026-06-25 11:00:00,27.5,2.5,1.3,329.0
466881,2026-06-25 12:00:00,28.2,1.0,1.6,303.0
466881,2026-06-25 13:00:00,29.3,0.05,2.5,298.0
466881,2026-06-25 14:00:00,29.8,0.0,3.1,304.0
466881,2026-06-25 15:00:00,30.0,0.0,2.5,294.0
466881,2026-06-25 16:00:00,27.7,8.0,2.8,247.0
466881,2026-06-25 17:00:00,26.1,9.5,2.4,273.0
466881,2026-06-25 18:00:00,26.1,2.5,0.9,209.0
466881,2026-06-25 19:00:00,26.3,0.05,1.8,249.0
466881,2026-06-25 20:00:00,26.0,10.5,0.9,238.0
466881,2026-06-25 21:00:00,25.6,9.0,1.5,350.0
466881,2026-06-25 22:00:00,25.3,7.5,0.7,39.0
466881,2026-06-25 23:00:00,25.2,4.0,0.7,46.0
466881,2026-06-26 00:00:00,25.4,1.0,0.6,242.0
466881,2026-06-26 01:00:00,25.2,5.5,0.5,209.0
466881,2026-06-26 02:00:00,25.2,1.5,0.0,0.0
466881,2026-06-26 03:00:00,25.1,1.0,0.0,0.0
466881,2026-06-26 04:00:00,25.1,6.0,0.4,131.0
466881,2026-06-26 05:00:00,25.1,42.0,1.3,360.0
466881,2026-06-26 06:00:00,25.1,32.0,0.3,360.0
466881,2026-06-26 07:00:00,24.8,26.0,0.4,92.0
466881,2026-06-26 08:00:00,25.0,5.5,0.2,0.0
466881,2026-06-26 09:00:00,25.1,2.0,0.2,0.0
466881,2026-06-26 10:00:00,25.1,1.5,0.1,0.0
466881,2026-06-26 11:00:00,25.5,0.05,0.3,300.0
466881,2026-06-26 12:00:00,26.3,0.05,1.3,58.0
466881,2026-06-26 13:00:00,26.5,0.0,0.7,60.0
466881,2026-06-26 14:00:00,26.1,0.0,1.1,56.0
466881,2026-06-26 15:00:00,26.3,0.05,0.1,0.0
466881,2026-06-26 16:00:00,25.6,1.5,1.2,56.0
466881,2026-06-26 17:00:00,25.2,1.0,0.7,211.0
466881,2026-06-26 18:00:00,25.2,1.0,0.3,149.0
466881,2026-06-26 19:00:00,24.9,2.0,0.4,102.0
466881,2026-06-26 20:00:00,24.7,0.05,0.5,89.0
466881,2026-06-26 21:00:00,24.7,3.5,0.0,0.0
466881,2026-06-26 22:00:00,24.5,7.5,0.0,0.0
466881,2026-06-26 23:00:00,24.5,2.5,0.0,0.0
466881,2026-06-27 00:00:00,24.4,4.0,0.2,0.0
466881,2026-06-27 01:00:00,24.3,1.0,0.3,107.0
466881,2026-06-27 02:00:00,24.4,0.05,1.0,87.0
466881,2026-06-27 03:00:00,24.3,0.0,0.5,68.0
466881,2026-06-27 04:00:00,24.3,0.0,0.7,59.0
466881,2026-06-27 05:00:00,24.4,0.0,0.9,99.0
466881,2026-06-27 06:00:00,24.6,0.0,0.3,147.0
466881,2026-06-27 07:00:00,24.9,0.05,0.2,49.0
466881,2026-06-27 08:00:00,25.3,1.5,0.3,109.0
466881,2026-06-27 09:00:00,26.1,0.5,0.5,94.0
466881,2026-06-27 10:00:00,26.9,0.0,0.7,283.0
466881,2026-06-27 11:00:00,27.5,0.0,1.1,277.0
466881,2026-06-27 12:00:00,27.2,0.0,1.7,60.0
466881,2026-06-27 13:00:00,28.5,0.0,1.5,38.0
466881,2026-06-27 14:00:00,27.9,0.0,0.7,351.0
466881,2026-06-27 15:00:00,28.3,0.05,1.4,312.0
466881,2026-06-27 16:00:00,26.9,1.0,0.3,0.0
466881,2026-06-27 17:00:00,25.6,15.5,2.1,60.0
466881,2026-06-27 18:00:00,25.6,5.5,0.6,212.0
466881,2026-06-27 19:00:00,25.3,0.0,0.3,118.0
466881,2026-06-27 20:00:00,25.3,0.0,0.2,0.0
466881,2026-06-27 21:00:00,25.1,0.05,0.4,116.0
466881,2026-06-27 22:00:00,25.1,0.05,0.2,0.0
466881,2026-06-27 23:00:00,25.0,0.05,1.3,111.0
466881,2026-06-28 00:00:00,24.8,0.5,1.0,79.0
466881,2026-06-28 01:00:00,24.8,0.0,0.5,222.0
466881,2026-06-28 02:00:00,24.8,0.0,0.4,259.0
466881,2026-06-28 03:00:00,24.6,0.0,0.6,93.0
466881,2026-06-28 04:00:00,24.6,0.0,1.3,173.0
466881,2026-06-28 05:00:00,24.4,0.0,0.2,0.0
466881,2026-06-28 06:00:00,24.7,0.0,0.0,0.0
466881,2026-06-28 07:00:00,26.0,0.0,0.3,103.0
466881,2026-06-28 08:00:00,27.2,0.0,0.3,95.0
466881,2026-06-28 09:00:00,28.3,0.0,0.4,331.0
466881,2026-06-28 10:00:00,29.6,0.0,0.7,41.0
466881,2026-06-28 11:00:00,31.4,0.0,2.2,250.0
466881,2026-06-28 12:00:00,31.4,0.0,1.6,333.0
466881,2026-06-28 13:00:00,31.6,0.0,2.4,293.0
466881,2026-06-28 14:00:00,31.5,0.0,2.0,261.0
466881,2026-06-28 15:00:00,29.4,0.0,2.1,72.0
466881,2026-06-28 16:00:00,28.6,0.0,0.4,75.0
466881,2026-06-28 17:00:00,25.9,6.0,1.4,59.0
466881,2026-06-28 18:00:00,26.2,4.0,0.2,0.0
466881,2026-06-28 19:00:00,25.7,0.05,0.1,0.0
466881,2026-06-28 20:00:00,25.6,0.5,0.2,0.0
466881,2026-06-28 21:00:00,25.5,0.5,0.8,216.0
466881,2026-06-28 22:00:00,25.5,0.05,0.2,0.0
466881,2026-06-28 23:00:00,25.3,0.0,0.4,123.0
466881,2026-06-29 00:00:00,25.1,0.0,0.0,0.0
466881,2026-06-29 01:00:00,25.1,0.0,0.4,251.0
466881,2026-06-29 02:00:00,24.7,0.0,0.6,324.0
466881,2026-06-29 03:00:00,24.6,0.0,0.0,0.0
466881,2026-06-29 04:00:00,24.3,0.0,0.1,0.0
466881,2026-06-29 05:00:00,24.2,0.0,0.1,0.0
466881,2026-06-29 06:00:00,24.6,0.0,1.0,294.0
466881,2026-06-29 07:00:00,25.2,0.0,0.3,0.0
466881,2026-06-29 08:00:00,26.9,0.0,0.6,83.0
466881,2026-06-29 09:00:00,29.9,0.0,0.5,114.0
466881,2026-06-29 10:00:00,31.8,0.0,1.1,74.0
466881,2026-06-29 11:00:00,33.1,0.0,0.8,360.0
466881,2026-06-29 12:00:00,33.9,0.0,1.0,39.0
466881,2026-06-29 13:00:00,32.7,0.0,1.3,3.0
466881,2026-06-29 14:00:00,34.2,0.0,1.6,358.0
466881,2026-06-29 15:00:00,33.4,0.0,0.5,68.0
466881,2026-06-29 16:00:00,31.9,0.0,2.5,54.0
466881,2026-06-29 17:00:00,30.1,0.05,3.6,255.0
466881,2026-06-29 18:00:00,27.7,0.05,2.3,247.0
466881,2026-06-29 19:00:00,27.6,0.0,2.8,246.0
466881,2026-06-29 20:00:00,27.3,0.0,1.7,262.0
466881,2026-06-29 21:00:00,27.6,0.0,1.3,238.0
466881,2026-06-29 22:00:00,27.2,0.0,0.3,165.0
466881,2026-06-29 23:00:00,26.9,0.0,1.2,221.0
466881,2026-06-30 00:00:00,26.0,0.0,0.2,0.0
466881,2026-06-30 01:00:00,25.5,0.0,0.6,288.0
466881,2026-06-30 02:00:00,24.7,0.0,0.1,0.0
466881,2026-06-30 03:00:00,25.4,0.0,1.4,149.0
466881,2026-06-30 04:00:00,25.3,0.0,1.8,132.0
466881,2026-06-30 05:00:00,25.7,0.0,2.4,143.0
466881,2026-06-30 06:00:00,25.9,0.0,2.5,137.0
466881,2026-06-30 07:00:00,27.8,0.0,1.8,140.0
466881,2026-06-30 08:00:00,30.3,0.0,0.8,167.0
466881,2026-06-30 09:00:00,31.5,0.0,0.6,78.0
466881,2026-06-30 10:00:00,32.7,0.0,2.2,253.0
466881,2026-06-30 11:00:00,33.6,0.0,1.6,228.0
466881,2026-06-30 12:00:00,34.1,0.0,2.0,279.0
466881,2026-06-30 13:00:00,33.7,0.0,2.1,302.0
466881,2026-06-30 14:00:00,33.8,0.0,2.2,333.0
466881,2026-06-30 15:00:00,33.0,0.0,1.0,320.0
466881,2026-06-30 16:00:00,31.8,0.0,2.5,271.0
466881,2026-06-30 17:00:00,30.3,0.0,0.6,317.0
466881,2026-06-30 18:00:00,28.0,0.05,0.3,259.0
466881,2026-06-30 19:00:00,28.0,0.0,0.8,203.0
466881,2026-06-30 20:00:00,27.3,0.0,0.6,179.0
466881,2026-06-30 21:00:00,27.2,0.0,1.2,146.0
466881,2026-06-30 22:00:00,27.0,0.0,0.2,0.0
466881,2026-06-30 23:00:00,27.1,0.0,0.5,169.0
466881,2026-07-01 00:00:00,26.6,0.0,0.5,129.0
466900,2026-01-01 01:00:00,15.3,1.5,2.9,8.0
466900,2026-01-01 02:00:00,15.1,2.0,3.1,19.0
466900,2026-01-01 03:00:00,14.7,2.0,2.3,13.0
466900,2026-01-01 04:00:00,14.5,1.0,2.2,7.0
466900,2026-01-01 05:00:00,14.7,0.5,2.7,12.0
466900,2026-01-01 06:00:00,14.7,0.5,2.0,22.0
466900,2026-01-01 07:00:00,14.7,0.05,2.1,20.0
466900,2026-01-01 08:00:00,14.7,0.5,1.7,19.0
466900,2026-01-01 09:00:00,15.1,0.05,1.0,29.0
466900,2026-01-01 10:00:00,14.9,0.05,2.8,15.0
466900,2026-01-01 11:00:00,15.1,0.5,2.0,7.0
466900,2026-01-01 12:00:00,15.2,0.05,1.9,25.0
466900,2026-01-01 13:00:00,15.1,0.5,2.9,17.0
466900,2026-01-01 14:00:00,15.0,0.05,1.9,14.0
466900,2026-01-01 15:00:00,14.9,0.05,3.3,24.0
466900,2026-01-01 16:00:00,14.6,0.05,2.5,10.0
466900,2026-01-01 17:00:00,14.1,1.0,3.3,11.0
466900,2026-01-01 18:00:00,13.9,0.5,2.7,9.0
466900,2026-01-01 19:00:00,13.8,1.0,2.8,14.0
466900,2026-01-01 20:00:00,13.8,0.5,1.4,8.0
466900,2026-01-01 21:00:00,13.7,0.5,2.4,12.0
466900,2026-01-01 22:00:00,13.5,1.0,2.2,18.0
466900,2026-01-01 23:00:00,13.5,0.5,2.0,16.0
466900,2026-01-02 00:00:00,13.3,0.05,0.7,2.0
466900,2026-01-02 01:00:00,13.4,1.0,2.2,22.0
466900,2026-01-02 02:00:00,13.1,1.0,2.7,13.0
466900,2026-01-02 03:00:00,12.6,1.5,2.3,9.0
466900,2026-01-02 04:00:00,12.2,1.0,3.4,17.0
466900,2026-01-02 05:00:00,11.8,1.5,3.6,11.0
466900,2026-01-02 06:00:00,11.5,1.5,3.6,17.0
466900,2026-01-02 07:00:00,11.0,2.0,3.7,15.0
466900,2026-01-02 08:00:00,10.8,1.0,2.5,19.0
466900,2026-01-02 09:00:00,10.5,1.0,3.9,15.0
466900,2026-01-02 10:00:00,10.4,0.5,3.2,13.0
466900,2026-01-02 11:00:00,10.5,0.05,1.9,15.0
466900,2026-01-02 12:00:00,10.3,0.5,2.9,23.0
466900,2026-01-02 13:00:00,10.4,0.5,2.0,22.0
466900,2026-01-02 14:00:00,9.9,0.05,3.1,15.0
466900,2026-01-02 15:00:00,9.6,0.5,3.2,18.0
466900,2026-01-02 16:00:00,9.5,0.05,2.9,22.0
466900,2026-01-02 17:00:00,9.9,0.05,3.3,24.0
466900,2026-01-02 18:00:00,10.2,0.05,2.9,22.0
466900,2026-01-02 19:00:00,10.6,0.0,2.3,23.0
466900,2026-01-02 20:00:00,11.1,0.0,0.7,130.0
466900,2026-01-02 21:00:00,11.2,0.0,0.8,89.0
466900,2026-01-02 22:00:00,11.1,0.0,0.4,87.0
466900,2026-01-02 23:00:00,10.8,0.05,0.3,126.0
466900,2026-01-03 00:00:00,11.1,0.0,0.8,50.0
466900,2026-01-03 01:00:00,10.5,0.0,0.3,98.0
466900,2026-01-03 02:00:00,10.5,0.05,0.3,56.0
466900,2026-01-03 03:00:00,11.2,0.05,0.5,30.0
466900,2026-01-03 04:00:00,11.7,0.05,0.9,109.0
466900,2026-01-03 05:00:00,11.6,0.05,0.9,40.0
466900,2026-01-03 06:00:00,12.1,0.05,0.6,90.0
466900,2026-01-03 07:00:00,11.9,0.0,0.9,52.0
466900,2026-01-03 08:00:00,13.1,0.05,0.9,64.0
466900,2026-01-03 09:00:00,14.5,0.0,2.1,49.0
466900,2026-01-03 10:00:00,14.9,0.0,2.1,74.0
466900,2026-01-03 11:00:00,15.6,0.0,1.8,50.0
466900,2026-01-03 12:00:00,16.2,0.0,2.7,54.0
466900,2026-01-03 13:00:00,16.1,0.0,3.1,43.0
466900,2026-01-03 14:00:00,15.9,0.0,2.2,55.0
466900,2026-01-03 15:00:00,16.0,0.0,2.4,65.0
466900,2026-01-03 16:00:00,15.6,0.0,1.1,81.0
466900,2026-01-03 17:00:00,14.8,0.0,1.1,61.0
466900,2026-01-03 18:00:00,13.3,0.0,1.5,282.0
466900,2026-01-03 19:00:00,13.7,0.0,0.9,317.0
466900,2026-01-03 20:00:00,14.2,0.0,1.3,281.0
466900,2026-01-03 21:00:00,12.9,0.05,0.6,67.0
466900,2026-01-03 22:00:00,13.8,0.05,1.8,143.0
466900,2026-01-03 23:00:00,13.7,0.05,2.3,137.0
466900,2026-01-04 00:00:00,14.1,0.05,2.9,139.0
466900,2026-01-04 01:00:00,13.5,0.05,2.2,129.0
466900,2026-01-04 02:00:00,14.9,0.05,2.1,141.0
466900,2026-01-04 03:00:00,15.5,0.0,3.4,140.0
466900,2026-01-04 04:00:00,15.9,0.0,4.3,139.0
466900,2026-01-04 05:00:00,16.0,0.0,3.5,137.0
466900,2026-01-04 06:00:00,15.6,0.0,2.7,142.0
466900,2026-01-04 07:00:00,16.6,0.0,4.0,135.0
466900,2026-01-04 08:00:00,17.2,0.0,3.7,139.0
466900,2026-01-04 09:00:00,18.6,0.0,4.4,146.0
466900,2026-01-04 10:00:00,19.6,0.0,5.5,154.0
466900,2026-01-04 11:00:00,20.4,0.0,4.8,158.0
466900,2026-01-04 12:00:00,21.2,0.0,3.5,153.0
466900,2026-01-04 13:00:00,20.8,0.0,2.5,307.0
466900,2026-01-04 14:00:00,20.3,0.0,1.0,297.0
466900,2026-01-04 15:00:00,19.8,0.0,1.0,290.0
466900,2026-01-04 16:00:00,18.9,0.0,1.7,308.0
466900,2026-01-04 17:00:00,17.2,0.0,0.5,298.0
466900,2026-01-04 18:00:00,15.6,0.0,0.9,75.0
466900,2026-01-04 19:00:00,15.1,0.0,1.8,150.0
466900,2026-01-04 20:00:00,16.0,0.0,2.0,132.0
466900,2026-01-04 21:00:00,15.8,0.0,1.7,136.0
466900,2026-01-04 22:00:00,15.8,0.0,2.4,140.0
466900,2026-01-04 23:00:00,15.5,0.05,2.5,151.0
466900,2026-01-05 00:00:00,15.3,0.0,2.6,153.0
466900,2026-01-05 01:00:00,14.0,0.0,2.3,139.0
466900,2026-01-05 02:00:00,13.6,0.05,2.3,143.0
466900,2026-01-05 03:00:00,13.2,0.05,1.8,141.0
466900,2026-01-05 04:00:00,12.5,0.05,1.6,151.0
466900,2026-01-05 05:00:00,12.9,0.05,1.6,129.0
466900,2026-01-05 06:00:00,13.2,0.05,2.4,138.0
466900,2026-01-05 07:00:00,13.5,0.05,3.5,155.0
466900,2026-01-05 08:00:00,14.3,0.05,2.2,155.0
466900,2026-01-05 09:00:00,15.4,0.0,2.7,164.0
466900,2026-01-05 10:00:00,16.5,0.0,2.0,159.0
466900,2026-01-05 11:00:00,18.0,0.0,3.0,332.0
466900,2026-01-05 12:00:00,18.4,0.0,2.9,331.0
466900,2026-01-05 13:00:00,19.0,0.0,3.2,1.0
466900,2026-01-05 14:00:00,18.6,0.0,2.6,9.0
466900,2026-01-05 15:00:00,18.1,0.05,3.4,14.0
466900,2026-01-05 16:00:00,17.0,0.05,3.2,22.0
466900,2026-01-05 17:00:00,15.8,0.05,3.1,22.0
466900,2026-01-05 18:00:00,15.3,0.05,3.9,19.0
466900,2026-01-05 19:00:00,14.7,0.5,3.7,22.0
466900,2026-01-05 20:00:00,14.1,0.05,4.1,21.0
466900,2026-01-05 21:00:00,13.8,0.05,3.5,17.0
466900,2026-01-05 22:00:00,13.7,0.05,4.1,21.0
466900,2026-01-05 23:00:00,13.5,0.05,2.4,14.0
466900,2026-01-06 00:00:00,13.2,0.05,3.4,17.0
466900,2026-01-06 01:00:00,12.7,0.05,3.0,13.0
466900,2026-01-06 02:00:00,12.6,0.05,2.3,23.0
466900,2026-01-06 03:00:00,12.5,0.05,2.9,3.0
466900,2026-01-06 04:00:00,11.8,0.05,2.9,21.0
466900,2026-01-06 05:00:00,11.9,0.05,2.6,24.0
466900,2026-01-06 06:00:00,12.0,0.05,3.1,23.0
466900,2026-01-06 07:00:00,11.9,0.05,2.3,29.0
466900,2026-01-06 08:00:00,12.3,0.05,1.6,26.0
466900,2026-01-06 09:00:00,12.5,0.05,0.7,15.0
466900,2026-01-06 10:00:00,12.9,0.05,0.9,22.0
466900,2026-01-06 11:00:00,13.3,0.05,0.2,0.0
466900,2026-01-06 12:00:00,13.2,0.05,1.8,20.0
466900,2026-01-06 13:00:00,12.6,0.05,2.1,15.0
466900,2026-01-06 14:00:00,12.2,0.5,1.8,7.0
466900,2026-01-06 15:00:00,12.2,0.05,1.8,18.0
466900,2026-01-06 16:00:00,12.0,0.05,2.1,17.0
466900,2026-01-06 17:00:00,11.8,0.05,1.7,23.0
466900,2026-01-06 18:00:00,11.9,0.05,2.3,359.0
466900,2026-01-06 19:00:00,11.4,0.05,2.6,6.0
466900,2026-01-06 20:00:00,11.0,0.05,1.9,22.0
466900,2026-01-06 21:00:00,11.1,0.05,1.6,35.0
466900,2026-01-06 22:00:00,11.2,0.0,1.6,21.0
466900,2026-01-06 23:00:00,11.7,0.0,1.8,15.0
466900,2026-01-07 00:00:00,12.0,0.0,2.4,18.0
466900,2026-01-07 01:00:00,11.8,0.0,2.3,7.0
466900,2026-01-07 02:00:00,11.8,0.0,2.5,18.0
466900,2026-01-07 03:00:00,11.7,0.0,2.1,7.0
466900,2026-01-07 04:00:00,11.7,0.0,2.0,16.0
466900,2026-01-07 05:00:00,11.6,0.0,2.5,20.0
466900,2026-01-07 06:00:00,11.2,0.0,2.2,19.0
466900,2026-01-07 07:00:00,11.2,0.0,2.4,9.0
466900,2026-01-07 08:00:00,11.1,0.0,2.5,18.0
466900,2026-01-07 09:00:00,11.9,0.0,2.2,21.0
466900,2026-01-07 10:00:00,12.3,0.0,3.0,25.0
466900,2026-01-07 11:00:00,12.5,0.0,3.2,37.0
466900,2026-01-07 12:00:00,12.8,0.0,2.0,50.0
466900,2026-01-07 13:00:00,12.4,0.0,2.9,25.0
466900,2026-01-07 14:00:00,12.7,0.0,3.6,28.0
466900,2026-01-07 15:00:00,12.5,0.0,2.5,23.0
466900,2026-01-07 16:00:00,12.4,0.0,2.7,21.0
466900,2026-01-07 17:00:00,12.3,0.0,1.8,36.0
466900,2026-01-07 18:00:00,12.1,0.0,1.4,28.0
466900,2026-01-07 19:00:00,12.5,0.0,0.8,27.0
466900,2026-01-07 20:00:00,12.6,0.0,1.2,49.0
466900,2026-01-07 21:00:00,12.7,0.0,0.5,21.0
466900,2026-01-07 22:00:00,12.4,0.0,0.5,28.0
466900,2026-01-07 23:00:00,12.3,0.0,1.0,28.0
466900,2026-01-08 00:00:00,13.1,0.0,0.8,49.0
466900,2026-01-08 01:00:00,13.5,0.0,1.2,40.0
466900,2026-01-08 02:00:00,13.8,0.0,1.0,59.0
466900,2026-01-08 03:00:00,13.5,0.0,0.8,22.0
466900,2026-01-08 04:00:00,13.4,0.0,0.5,62.0
466900,2026-01-08 05:00:00,13.7,0.0,1.7,19.0
466900,2026-01-08 06:00:00,13.6,0.0,1.5,22.0
466900,2026-01-08 07:00:00,13.4,0.0,1.8,23.0
466900,2026-01-08 08:00:00,13.5,0.0,2.4,24.0
466900,2026-01-08 09:00:00,13.4,0.0,3.1,22.0
466900,2026-01-08 10:00:00,13.4,0.0,3.4,9.0
466900,2026-01-08 11:00:00,13.8,0.0,2.9,21.0
466900,2026-01-08 12:00:00,14.4,0.0,3.8,13.0
466900,2026-01-08 13:00:00,14.0,0.0,4.2,20.0
466900,2026-01-08 14:00:00,13.9,0.0,3.9,21.0
466900,2026-01-08 15:00:00,14.2,0.0,4.1,18.0
466900,2026-01-08 16:00:00,13.5,0.0,3.1,36.0
466900,2026-01-08 17:00:00,12.4,0.0,2.1,22.0
466900,2026-01-08 18:00:00,9.9,0.0,0.3,116.0
466900,2026-01-08 19:00:00,9.3,0.0,0.8,107.0
466900,2026-01-08 20:00:00,8.7,0.0,0.5,92.0
466900,2026-01-08 21:00:00,8.5,0.0,0.7,84.0
466900,2026-01-08 22:00:00,8.9,0.0,0.6,66.0
466900,2026-01-08 23:00:00,8.6,0.0,0.5,95.0
466900,2026-01-09 00:00:00,8.8,0.0,0.7,98.0
466900,2026-01-09 01:00:00,8.3,0.0,0.5,92.0
466900,2026-01-09 02:00:00,8.3,0.0,0.8,81.0
466900,2026-01-09 03:00:00,8.1,0.0,0.9,88.0
466900,2026-01-09 04:00:00,7.3,0.0,0.9,123.0
466900,2026-01-09 05:00:00,7.6,0.0,1.0,128.0
466900,2026-01-09 06:00:00,8.0,0.0,1.3,131.0
466900,2026-01-09 07:00:00,8.0,0.0,0.8,111.0
466900,2026-01-09 08:00:00,10.4,0.0,1.8,142.0
466900,2026-01-09 09:00:00,12.1,0.0,2.2,164.0
466900,2026-01-09 10:00:00,14.1,0.0,1.4,66.0
466900,2026-01-09 11:00:00,14.9,0.0,1.1,51.0
466900,2026-01-09 12:00:00,16.7,0.0,1.6,82.0
466900,2026-01-09 13:00:00,17.2,0.0,1.2,163.0
466900,2026-01-09 14:00:00,18.4,0.0,1.1,160.0
466900,2026-01-09 15:00:00,16.9,0.0,3.5,163.0
466900,2026-01-09 16:00:00,16.6,0.0,2.5,168.0
466900,2026-01-09 17:00:00,14.9,0.0,0.8,351.0
466900,2026-01-09 18:00:00,13.4,0.0,0.8,40.0
466900,2026-01-09 19:00:00,11.8,0.0,0.3,108.0
466900,2026-01-09 20:00:00,11.2,0.0,0.6,78.0
466900,2026-01-09 21:00:00,10.8,0.0,0.7,89.0
466900,2026-01-09 22:00:00,10.8,0.0,0.7,84.0
466900,2026-01-09 23:00:00,10.5,0.0,1.0,89.0
466900,2026-01-10 00:00:00,10.1,0.0,1.4,129.0
466900,2026-01-10 01:00:00,10.9,0.0,1.3,81.0
466900,2026-01-10 02:00:00,9.5,0.0,0.5,101.0
466900,2026-01-10 03:00:00,10.1,0.0,1.9,141.0
466900,2026-01-10 04:00:00,10.1,0.0,1.6,125.0
466900,2026-01-10 05:00:00,9.8,0.0,0.8,121.0
466900,2026-01-10 06:00:00,9.9,0.0,2.2,139.0
466900,2026-01-10 07:00:00,9.6,0.0,1.7,130.0
466900,2026-01-10 08:00:00,11.2,0.0,2.7,142.0
466900,2026-01-10 09:00:00,13.2,0.0,3.1,165.0
466900,2026-01-10 10:00:00,15.7,0.0,2.3,158.0
466900,2026-01-10 11:00:00,18.3,0.0,0.6,241.0
466900,2026-01-10 12:00:00,19.9,0.0,2.0,137.0
466900,2026-01-10 13:00:00,19.3,0.0,2.3,162.0
466900,2026-01-10 14:00:00,18.9,0.0,1.4,343.0
466900,2026-01-10 15:00:00,18.4,0.0,2.7,13.0
466900,2026-01-10 16:00:00,17.6,0.0,0.9,308.0
466900,2026-01-10 17:00:00,17.1,0.0,1.7,15.0
466900,2026-01-10 18:00:00,16.5,0.0,1.2,32.0
466900,2026-01-10 19:00:00,16.5,0.0,1.6,30.0
466900,2026-01-10 20:00:00,16.4,0.0,1.6,35.0
466900,2026-01-10 21:00:00,16.1,0.0,1.4,31.0
466900,2026-01-10 22:00:00,16.1,0.0,2.0,21.0
466900,2026-01-10 23:00:00,15.8,0.0,1.6,26.0
466900,2026-01-11 00:00:00,15.8,0.0,1.3,36.0
466900,2026-01-11 01:00:00,16.0,0.0,0.8,100.0
466900,2026-01-11 02:00:00,15.0,0.0,1.6,18.0
466900,2026-01-11 03:00:00,13.9,0.0,0.8,21.0
466900,2026-01-11 04:00:00,11.9,0.0,0.7,98.0
466900,2026-01-11 05:00:00,11.6,0.0,0.3,78.0
466900,2026-01-11 06:00:00,11.8,0.0,0.8,95.0
466900,2026-01-11 07:00:00,11.9,0.0,0.3,41.0
466900,2026-01-11 08:00:00,15.1,0.0,1.4,31.0
466900,2026-01-11 09:00:00,15.8,0.0,1.0,41.0
466900,2026-01-11 10:00:00,16.2,0.0,2.0,50.0
466900,2026-01-11 11:00:00,15.7,0.0,2.5,34.0
466900,2026-01-11 12:00:00,16.2,0.0,2.3,38.0
466900,2026-01-11 13:00:00,15.8,0.0,2.5,63.0
466900,2026-01-11 14:00:00,15.6,0.0,4.1,26.0
466900,2026-01-11 15:00:00,15.3,0.0,2.9,48.0
466900,2026-01-11 16:00:00,14.4,0.0,2.1,43.0
466900,2026-01-11 17:00:00,13.9,0.0,1.4,74.0
466900,2026-01-11 18:00:00,12.8,0.0,0.9,132.0
466900,2026-01-11 19:00:00,12.6,0.0,1.0,57.0
466900,2026-01-11 20:00:00,13.3,0.0,2.0,96.0
466900,2026-01-11 21:00:00,13.8,0.0,1.9,86.0
466900,2026-01-11 22:00:00,13.5,0.0,2.0,134.0
466900,2026-01-11 23:00:00,14.0,0.0,1.9,124.0
466900,2026-01-12 00:00:00,14.4,0.0,1.8,144.0
466900,2026-01-12 01:00:00,14.0,0.0,3.1,151.0
466900,2026-01-12 02:00:00,14.3,0.0,2.5,146.0
466900,2026-01-12 03:00:00,14.3,0.0,3.6,145.0
466900,2026-01-12 04:00:00,14.9,0.0,5.8,139.0
466900,2026-01-12 05:00:00,15.3,0.0,6.5,140.0
466900,2026-01-12 06:00:00,15.4,0.0,6.3,137.0
466900,2026-01-12 07:00:00,15.8,0.0,4.4,140.0
466900,2026-01-12 08:00:00,16.4,0.0,5.9,141.0
466900,2026-01-12 09:00:00,16.5,0.05,6.4,156.0
466900,2026-01-12 10:00:00,16.9,0.05,5.2,164.0
466900,2026-01-12 11:00:00,17.7,0.0,4.3,164.0
466900,2026-01-12 12:00:00,17.9,0.05,3.0,158.0
466900,2026-01-12 13:00:00,17.7,0.05,1.6,153.0
466900,2026-01-12 14:00:00,17.2,0.0,0.1,0.0
466900,2026-01-12 15:00:00,16.5,0.05,0.4,289.0
466900,2026-01-12 16:00:00,16.7,0.0,1.2,154.0
466900,2026-01-12 17:00:00,16.1,0.0,2.4,144.0
466900,2026-01-12 18:00:00,15.8,0.0,2.2,145.0
466900,2026-01-12 19:00:00,15.7,0.0,2.0,141.0
466900,2026-01-12 20:00:00,15.0,0.0,1.5,143.0
466900,2026-01-12 21:00:00,14.6,0.0,1.3,134.0
466900,2026-01-12 22:00:00,14.3,0.0,1.5,136.0
466900,2026-01-12 23:00:00,14.2,0.0,1.6,147.0
466900,2026-01-13 00:00:00,13.9,0.0,0.8,98.0
466900,2026-01-13 01:00:00,14.0,0.0,2.7,144.0
466900,2026-01-13 02:00:00,13.3,0.0,1.0,127.0
466900,2026-01-13 03:00:00,12.1,0.0,0.6,94.0
466900,2026-01-13 04:00:00,11.8,0.0,1.8,128.0
466900,2026-01-13 05:00:00,11.0,0.0,1.1,105.0
466900,2026-01-13 06:00:00,10.1,0.0,0.2,0.0
466900,2026-01-13 07:00:00,11.0,0.0,1.2,121.0
466900,2026-01-13 08:00:00,12.7,0.0,2.3,142.0
466900,2026-01-13 09:00:00,14.7,0.0,2.5,163.0
466900,2026-01-13 10:00:00,16.0,0.0,0.5,251.0
466900,2026-01-13 11:00:00,18.4,0.0,3.0,327.0
466900,2026-01-13 12:00:00,19.3,0.0,2.7,323.0
466900,2026-01-13 13:00:00,19.5,0.0,2.6,318.0
466900,2026-01-13 14:00:00,19.4,0.0,3.1,356.0
466900,2026-01-13 15:00:00,19.3,0.0,2.7,11.0
466900,2026-01-13 16:00:00,18.5,0.0,3.4,20.0
466900,2026-01-13 17:00:00,17.5,0.0,1.6,34.0
466900,2026-01-13 18:00:00,14.9,0.0,0.3,111.0
466900,2026-01-13 19:00:00,13.9,0.0,0.7,80.0
466900,2026-01-13 20:00:00,13.6,0.0,0.6,86.0
466900,2026-01-13 21:00:00,13.6,0.0,0.8,72.0
466900,2026-01-13 22:00:00,13.0,0.0,0.4,63.0
466900,2026-01-13 23:00:00,13.7,0.0,0.7,63.0
466900,2026-01-14 00:00:00,12.9,0.0,1.2,5.0
466900,2026-01-14 01:00:00,13.4,0.0,0.9,312.0
466900,2026-01-14 02:00:00,15.3,0.0,1.4,117.0
466900,2026-01-14 03:00:00,15.1,0.0,0.9,360.0
466900,2026-01-14 04:00:00,17.7,0.0,4.0,138.0
466900,2026-01-14 05:00:00,17.9,0.0,4.3,137.0
466900,2026-01-14 06:00:00,18.0,0.0,5.1,131.0
466900,2026-01-14 07:00:00,18.2,0.0,6.3,134.0
466900,2026-01-14 08:00:00,18.5,0.0,4.6,131.0
466900,2026-01-14 09:00:00,19.8,0.0,4.4,134.0
466900,2026-01-14 10:00:00,21.1,0.0,4.1,138.0
466900,2026-01-14 11:00:00,22.3,0.0,4.5,137.0
466900,2026-01-14 12:00:00,23.2,0.0,3.9,138.0
466900,2026-01-14 13:00:00,23.2,0.0,5.6,141.0
466900,2026-01-14 14:00:00,23.1,0.0,5.8,140.0
466900,2026-01-14 15:00:00,22.6,0.0,4.4,149.0
466900,2026-01-14 16:00:00,21.4,0.0,6.2,153.0
466900,2026-01-14 17:00:00,20.5,0.0,6.8,154.0
466900,2026-01-14 18:00:00,19.6,0.0,4.3,139.0
466900,2026-01-14 19:00:00,19.6,0.0,4.5,148.0
466900,2026-01-14 20:00:00,19.5,0.0,4.6,149.0
466900,2026-01-14 21:00:00,19.5,0.0,5.4,153.0
466900,2026-01-14 22:00:00,19.5,0.0,5.3,154.0
466900,2026-01-14 23:00:00,19.3,0.0,5.2,157.0
466900,2026-01-15 00:00:00,19.3,0.0,5.0,158.0
466900,2026-01-15 01:00:00,19.1,0.0,4.1,155.0
466900,2026-01-15 02:00:00,19.1,0.0,4.1,162.0
466900,2026-01-15 03:00:00,17.7,0.0,2.8,159.0
466900,2026-01-15 04:00:00,16.1,0.0,2.2,145.0
466900,2026-01-15 05:00:00,15.3,0.0,2.0,144.0
466900,2026-01-15 06:00:00,14.4,0.0,1.3,145.0
466900,2026-01-15 07:00:00,14.8,0.0,1.7,146.0
466900,2026-01-15 08:00:00,15.5,0.0,1.6,151.0
466900,2026-01-15 09:00:00,18.2,0.0,3.6,162.0
466900,2026-01-15 10:00:00,19.3,0.0,2.8,169.0
466900,2026-01-15 11:00:00,19.6,0.0,1.6,300.0
466900,2026-01-15 12:00:00,19.8,0.0,1.3,290.0
466900,2026-01-15 13:00:00,20.8,0.0,0.8,316.0
466900,2026-01-15 14:00:00,19.8,0.0,1.0,279.0
466900,2026-01-15 15:00:00,20.7,0.0,2.0,303.0
466900,2026-01-15 16:00:00,20.0,0.0,2.0,321.0
466900,2026-01-15 17:00:00,18.6,0.0,1.7,313.0
466900,2026-01-15 18:00:00,17.5,0.0,1.3,327.0
466900,2026-01-15 19:00:00,16.4,0.0,1.3,8.0
466900,2026-01-15 20:00:00,16.4,0.0,0.4,98.0
466900,2026-01-15 21:00:00,16.6,0.0,0.4,78.0
466900,2026-01-15 22:00:00,16.7,0.0,0.3,88.0
466900,2026-01-15 23:00:00,16.6,0.0,0.3,95.0
466900,2026-01-16 00:00:00,16.4,0.0,0.4,44.0
466900,2026-01-16 01:00:00,16.1,0.0,0.0,0.0
466900,2026-01-16 02:00:00,16.3,0.0,0.1,0.0
466900,2026-01-16 03:00:00,16.3,0.0,0.3,93.0
466900,2026-01-16 04:00:00,16.3,0.0,0.5,64.0
466900,2026-01-16 05:00:00,16.1,0.05,0.2,0.0
466900,2026-01-16 06:00:00,16.2,0.0,0.2,0.0
466900,2026-01-16 07:00:00,16.4,0.0,0.9,136.0
466900,2026-01-16 08:00:00,18.1,0.0,1.3,6.0
466900,2026-01-16 09:00:00,18.6,0.05,1.4,9.0
466900,2026-01-16 10:00:00,18.8,0.0,0.0,0.0
466900,2026-01-16 11:00:00,19.8,0.05,0.5,359.0
466900,2026-01-16 12:00:00,19.7,0.05,0.9,199.0
466900,2026-01-16 13:00:00,20.4,0.05,1.0,204.0
466900,2026-01-16 14:00:00,20.7,0.0,0.9,22.0
466900,2026-01-16 15:00:00,20.7,0.0,1.0,14.0
466900,2026-01-16 16:00:00,19.6,0.0,1.2,13.0
466900,2026-01-16 17:00:00,18.9,0.0,2.1,18.0
466900,2026-01-16 18:00:00,18.5,0.0,1.6,353.0
466900,2026-01-16 19:00:00,18.4,0.0,2.8,24.0
466900,2026-01-16 20:00:00,18.3,0.0,1.2,30.0
466900,2026-01-16 21:00:00,18.0,0.05,0.3,14.0
466900,2026-01-16 22:00:00,17.8,0.0,0.0,0.0
466900,2026-01-16 23:00:00,17.7,0.05,0.2,0.0
466900,2026-01-17 00:00:00,17.5,0.0,0.5,338.0
466900,2026-01-17 01:00:00,17.1,0.0,0.0,0.0
466900,2026-01-17 02:00:00,16.8,0.0,0.1,0.0
466900,2026-01-17 03:00:00,16.5,0.0,0.4,125.0
466900,2026-01-17 04:00:00,16.4,0.0,0.5,10.0
466900,2026-01-17 05:00:00,16.2,0.0,0.7,95.0
466900,2026-01-17 06:00:00,16.2,0.0,0.8,97.0
466900,2026-01-17 07:00:00,15.9,0.0,0.9,86.0
466900,2026-01-17 08:00:00,17.0,0.0,0.3,69.0
466900,2026-01-17 09:00:00,18.8,0.0,0.8,31.0
466900,2026-01-17 10:00:00,20.5,0.0,0.8,359.0
466900,2026-01-17 11:00:00,21.8,0.0,0.6,218.0
466900,2026-01-17 12:00:00,22.6,0.0,2.8,18.0
466900,2026-01-17 13:00:00,22.3,0.0,3.3,13.0
466900,2026-01-17 14:00:00,21.3,0.0,3.7,19.0
466900,2026-01-17 15:00:00,20.5,0.0,3.6,24.0
466900,2026-01-17 16:00:00,19.1,0.0,3.4,22.0
466900,2026-01-17 17:00:00,17.9,0.0,3.0,19.0
466900,2026-01-17 18:00:00,17.2,0.0,2.7,25.0
466900,2026-01-17 19:00:00,17.0,0.0,2.6,26.0
466900,2026-01-17 20:00:00,16.6,0.0,1.5,29.0
466900,2026-01-17 21:00:00,15.9,0.0,0.9,46.0
466900,2026-01-17 22:00:00,15.6,0.0,0.8,88.0
466900,2026-01-17 23:00:00,14.8,0.0,0.5,94.0
466900,2026-01-18 00:00:00,14.7,0.0,0.1,0.0
466900,2026-01-18 01:00:00,16.4,0.0,1.0,32.0
466900,2026-01-18 02:00:00,17.2,0.0,2.4,6.0
466900,2026-01-18 03:00:00,16.9,0.0,0.6,64.0
466900,2026-01-18 04:00:00,17.1,0.0,1.6,2.0
466900,2026-01-18 05:00:00,17.0,0.0,1.6,14.0
466900,2026-01-18 06:00:00,17.1,0.0,1.3,1.0
466900,2026-01-18 07:00:00,17.1,0.0,1.1,23.0
466900,2026-01-18 08:00:00,17.5,0.0,0.2,0.0
466900,2026-01-18 09:00:00,18.5,0.0,1.7,164.0
466900,2026-01-18 10:00:00,19.6,0.0,0.9,144.0
466900,2026-01-18 11:00:00,20.6,0.0,3.4,1.0
466900,2026-01-18 12:00:00,20.9,0.0,2.2,16.0
466900,2026-01-18 13:00:00,20.4,0.0,2.7,15.0
466900,2026-01-18 14:00:00,20.5,0.0,3.6,16.0
466900,2026-01-18 15:00:00,19.4,0.0,2.8,20.0
466900,2026-01-18 16:00:00,19.1,0.0,3.9,17.0
466900,2026-01-18 17:00:00,18.2,0.0,2.9,18.0
466900,2026-01-18 18:00:00,17.8,0.0,2.5,27.0
466900,2026-01-18 19:00:00,17.5,0.0,2.2,19.0
466900,2026-01-18 20:00:00,17.4,0.0,2.4,18.0
466900,2026-01-18 21:00:00,17.4,0.0,2.3,23.0
466900,2026-01-18 22:00:00,16.9,0.0,1.5,22.0
466900,2026-01-18 23:00:00,16.9,0.0,1.7,16.0
466900,2026-01-19 00:00:00,17.3,0.0,2.0,12.0
466900,2026-01-19 01:00:00,17.5,0.05,2.7,23.0
466900,2026-01-19 02:00:00,17.5,0.05,1.8,16.0
466900,2026-01-19 03:00:00,17.5,0.05,1.2,359.0
466900,2026-01-19 04:00:00,17.5,0.05,2.0,360.0
466900,2026-01-19 05:00:00,17.5,0.05,2.0,14.0
466900,2026-01-19 06:00:00,17.5,0.0,2.3,22.0
466900,2026-01-19 07:00:00,17.5,0.0,1.4,20.0
466900,2026-01-19 08:00:00,17.9,0.0,2.2,14.0
466900,2026-01-19 09:00:00,18.8,0.05,1.8,17.0
466900,2026-01-19 10:00:00,19.2,0.0,2.0,15.0
466900,2026-01-19 11:00:00,20.1,0.05,2.6,20.0
466900,2026-01-19 12:00:00,18.8,0.05,3.9,25.0
466900,2026-01-19 13:00:00,18.9,0.05,2.8,20.0
466900,2026-01-19 14:00:00,18.0,0.05,3.3,10.0
466900,2026-01-19 15:00:00,17.6,0.05,4.2,4.0
466900,2026-01-19 16:00:00,16.8,1.0,5.1,21.0
466900,2026-01-19 17:00:00,16.3,1.5,4.1,21.0
466900,2026-01-19 18:00:00,15.9,0.5,3.4,22.0
466900,2026-01-19 19:00:00,16.2,0.5,2.2,16.0
466900,2026-01-19 20:00:00,16.4,0.5,2.8,19.0
466900,2026-01-19 21:00:00,16.5,0.5,3.6,23.0
466900,2026-01-19 22:00:00,16.2,0.05,3.4,22.0
466900,2026-01-19 23:00:00,16.1,0.5,3.1,40.0
466900,2026-01-20 00:00:00,15.9,0.05,1.9,38.0
466900,2026-01-20 01:00:00,15.9,0.5,2.6,30.0
466900,2026-01-20 02:00:00,15.9,0.05,2.5,33.0
466900,2026-01-20 03:00:00,15.2,1.0,3.6,19.0
466900,2026-01-20 04:00:00,14.4,1.5,5.2,14.0
466900,2026-01-20 05:00:00,13.4,2.0,4.8,14.0
466900,2026-01-20 06:00:00,13.0,1.5,4.7,15.0
466900,2026-01-20 07:00:00,12.9,1.0,2.7,20.0
466900,2026-01-20 08:00:00,13.7,0.05,2.5,23.0
466900,2026-01-20 09:00:00,14.1,0.05,2.8,17.0
466900,2026-01-20 10:00:00,13.7,0.5,3.7,18.0
466900,2026-01-20 11:00:00,13.8,0.5,3.3,23.0
466900,2026-01-20 12:00:00,13.8,0.05,4.0,21.0
466900,2026-01-20 13:00:00,14.3,0.05,3.9,20.0
466900,2026-01-20 14:00:00,13.9,0.05,4.2,19.0
466900,2026-01-20 15:00:00,13.8,0.5,3.4,26.0
466900,2026-01-20 16:00:00,13.3,0.05,3.0,27.0
466900,2026-01-20 17:00:00,12.9,0.05,1.9,20.0
466900,2026-01-20 18:00:00,12.9,0.05,3.4,24.0
466900,2026-01-20 19:00:00,12.7,0.05,3.4,21.0
466900,2026-01-20 20:00:00,12.1,0.5,3.7,19.0
466900,2026-01-20 21:00:00,11.7,1.0,2.7,23.0
466900,2026-01-20 22:00:00,11.6,1.0,4.2,23.0
466900,2026-01-20 23:00:00,11.5,0.5,2.5,24.0
466900,2026-01-21 00:00:00,11.6,1.0,1.3,31.0
466900,2026-01-21 01:00:00,11.4,0.5,2.3,37.0
466900,2026-01-21 02:00:00,11.3,1.0,3.2,22.0
466900,2026-01-21 03:00:00,11.1,0.5,2.8,22.0
466900,2026-01-21 04:00:00,10.9,1.0,3.3,20.0
466900,2026-01-21 05:00:00,10.8,1.0,1.6,22.0
466900,2026-01-21 06:00:00,10.6,1.0,3.6,18.0
466900,2026-01-21 07:00:00,10.4,0.5,3.4,14.0
466900,2026-01-21 08:00:00,10.4,1.5,3.4,16.0
466900,2026-01-21 09:00:00,10.4,0.5,3.3,20.0
466900,2026-01-21 10:00:00,10.5,0.5,3.5,21.0
466900,2026-01-21 11:00:00,10.9,0.5,2.8,22.0
466900,2026-01-21 12:00:00,11.0,0.05,3.7,16.0
466900,2026-01-21 13:00:00,11.1,0.05,3.2,20.0
466900,2026-01-21 14:00:00,11.0,0.5,2.8,23.0
466900,2026-01-21 15:00:00,11.1,0.05,2.9,18.0
466900,2026-01-21 16:00:00,10.8,0.5,2.9,19.0
466900,2026-01-21 17:00:00,10.5,0.05,3.5,23.0
466900,2026-01-21 18:00:00,10.4,1.0,4.2,15.0
466900,2026-01-21 19:00:00,10.5,1.5,3.0,17.0
466900,2026-01-21 20:00:00,10.2,1.0,1.9,37.0
466900,2026-01-21 21:00:00,10.1,0.5,3.4,17.0
466900,2026-01-21 22:00:00,10.1,0.5,3.4,22.0
466900,2026-01-21 23:00:00,10.1,0.5,2.5,12.0
466900,2026-01-22 00:00:00,10.2,0.5,3.3,22.0
466900,2026-01-22 01:00:00,10.2,0.5,3.5,20.0
466900,2026-01-22 02:00:00,10.1,0.5,2.4,14.0
466900,2026-01-22 03:00:00,10.0,0.5,3.0,18.0
466900,2026-01-22 04:00:00,9.9,0.5,1.9,24.0
466900,2026-01-22 05:00:00,10.0,0.5,2.2,22.0
466900,2026-01-22 06:00:00,10.2,0.05,2.7,21.0
466900,2026-01-22 07:00:00,10.2,0.5,2.3,22.0
466900,2026-01-22 08:00:00,10.5,0.05,1.5,19.0
466900,2026-01-22 09:00:00,11.0,0.05,2.6,14.0
466900,2026-01-22 10:00:00,11.1,0.05,1.6,16.0
466900,2026-01-22 11:00:00,11.2,0.5,1.2,32.0
466900,2026-01-22 12:00:00,11.8,0.05,1.5,19.0
466900,2026-01-22 13:00:00,12.0,0.05,1.5,11.0
466900,2026-01-22 14:00:00,11.8,0.05,2.0,23.0
466900,2026-01-22 15:00:00,11.6,0.5,2.1,18.0
466900,2026-01-22 16:00:00,11.5,0.05,1.9,30.0
466900,2026-01-22 17:00:00,11.6,0.5,1.4,24.0
466900,2026-01-22 18:00:00,11.4,0.5,1.3,51.0
466900,2026-01-22 19:00:00,11.2,0.5,1.9,25.0
466900,2026-01-22 20:00:00,11.3,1.0,1.0,24.0
466900,2026-01-22 21:00:00,11.3,1.0,0.2,0.0
466900,2026-01-22 22:00:00,11.3,1.0,0.5,89.0
466900,2026-01-22 23:00:00,11.3,0.05,0.4,43.0
466900,2026-01-23 00:00:00,11.4,0.05,0.5,28.0
466900,2026-01-23 01:00:00,11.4,0.05,0.7,155.0
466900,2026-01-23 02:00:00,11.5,0.0,0.8,48.0
466900,2026-01-23 03:00:00,11.5,0.05,0.9,33.0
466900,2026-01-23 04:00:00,11.7,0.05,1.2,31.0
466900,2026-01-23 05:00:00,11.8,0.0,1.0,71.0
466900,2026-01-23 06:00:00,11.8,0.0,0.5,44.0
466900,2026-01-23 07:00:00,12.0,0.0,0.5,94.0
466900,2026-01-23 08:00:00,12.5,0.0,0.3,101.0
466900,2026-01-23 09:00:00,14.2,0.0,2.9,165.0
466900,2026-01-23 10:00:00,14.9,0.0,0.7,212.0
466900,2026-01-23 11:00:00,16.6,0.0,1.7,42.0
466900,2026-01-23 12:00:00,17.9,0.0,1.8,22.0
466900,2026-01-23 13:00:00,17.9,0.0,2.0,29.0
466900,2026-01-23 14:00:00,19.6,0.0,1.8,125.0
466900,2026-01-23 15:00:00,17.9,0.0,2.2,324.0
466900,2026-01-23 16:00:00,16.5,0.0,3.0,29.0
466900,2026-01-23 17:00:00,16.4,0.0,2.0,30.0
466900,2026-01-23 18:00:00,15.0,0.0,0.3,182.0
466900,2026-01-23 19:00:00,14.7,0.0,0.2,0.0
466900,2026-01-23 20:00:00,14.0,0.0,0.4,124.0
466900,2026-01-23 21:00:00,14.6,0.0,0.5,100.0
466900,2026-01-23 22:00:00,14.6,0.0,0.2,0.0
466900,2026-01-23 23:00:00,14.1,0.0,0.5,87.0
466900,2026-01-24 00:00:00,13.9,0.0,0.6,62.0
466900,2026-01-24 01:00:00,14.1,0.0,0.1,0.0
466900,2026-01-24 02:00:00,14.4,0.0,0.0,0.0
466900,2026-01-24 03:00:00,14.6,0.0,0.1,0.0
466900,2026-01-24 04:00:00,14.7,0.0,0.0,0.0
466900,2026-01-24 05:00:00,15.1,0.05,1.2,12.0
466900,2026-01-24 06:00:00,14.9,0.05,3.2,26.0
466900,2026-01-24 07:00:00,14.8,0.05,3.1,25.0
466900,2026-01-24 08:00:00,15.3,0.05,1.7,24.0
466900,2026-01-24 09:00:00,15.6,0.0,1.6,29.0
466900,2026-01-24 10:00:00,16.5,0.0,2.3,25.0
466900,2026-01-24 11:00:00,17.5,0.0,0.1,0.0
466900,2026-01-24 12:00:00,18.5,0.0,0.9,277.0
466900,2026-01-24 13:00:00,18.4,0.0,1.6,317.0
466900,2026-01-24 14:00:00,18.8,0.0,1.8,348.0
466900,2026-01-24 15:00:00,18.7,0.0,1.7,340.0
466900,2026-01-24 16:00:00,18.1,0.0,1.2,337.0
466900,2026-01-24 17:00:00,17.1,0.0,1.4,309.0
466900,2026-01-24 18:00:00,16.4,0.0,0.5,278.0
466900,2026-01-24 19:00:00,16.1,0.0,0.8,62.0
466900,2026-01-24 20:00:00,15.0,0.0,0.8,270.0
466900,2026-01-24 21:00:00,14.8,0.0,0.9,35.0
466900,2026-01-24 22:00:00,15.4,0.0,0.6,227.0
466900,2026-01-24 23:00:00,15.3,0.0,0.7,58.0
466900,2026-01-25 00:00:00,16.0,0.0,0.6,55.0
466900,2026-01-25 01:00:00,16.7,0.0,1.0,56.0
466900,2026-01-25 02:00:00,19.1,0.0,4.4,151.0
466900,2026-01-25 03:00:00,19.0,0.0,3.9,149.0
466900,2026-01-25 04:00:00,19.1,0.0,3.7,156.0
466900,2026-01-25 05:00:00,19.1,0.0,3.7,161.0
466900,2026-01-25 06:00:00,18.1,0.0,0.7,194.0
466900,2026-01-25 07:00:00,16.9,0.0,0.4,52.0
466900,2026-01-25 08:00:00,17.5,0.0,0.2,0.0
466900,2026-01-25 09:00:00,18.1,0.0,1.1,305.0
466900,2026-01-25 10:00:00,19.2,0.0,1.2,271.0
466900,2026-01-25 11:00:00,22.9,0.0,4.2,132.0
466900,2026-01-25 12:00:00,23.6,0.0,3.1,137.0
466900,2026-01-25 13:00:00,23.4,0.0,5.0,141.0
466900,2026-01-25 14:00:00,23.0,0.0,4.9,147.0
466900,2026-01-25 15:00:00,22.3,0.0,7.3,155.0
466900,2026-01-25 16:00:00,22.0,0.0,6.8,154.0
466900,2026-01-25 17:00:00,21.5,0.0,6.3,157.0
466900,2026-01-25 18:00:00,20.6,0.0,4.2,143.0
466900,2026-01-25 19:00:00,20.4,0.0,3.9,147.0
466900,2026-01-25 20:00:00,20.6,0.0,3.9,154.0
466900,2026-01-25 21:00:00,20.6,0.0,2.8,155.0
466900,2026-01-25 22:00:00,20.3,0.0,3.0,159.0
466900,2026-01-25 23:00:00,20.3,0.0,2.8,152.0
466900,2026-01-26 00:00:00,20.1,0.0,2.8,152.0
466900,2026-01-26 01:00:00,19.5,0.0,2.5,151.0
466900,2026-01-26 02:00:00,20.0,0.0,2.2,149.0
466900,2026-01-26 03:00:00,18.4,0.0,1.1,341.0
466900,2026-01-26 04:00:00,18.0,0.0,1.1,322.0
466900,2026-01-26 05:00:00,18.0,0.0,0.8,329.0
466900,2026-01-26 06:00:00,17.6,0.0,0.2,0.0
466900,2026-01-26 07:00:00,17.4,0.0,0.7,299.0
466900,2026-01-26 08:00:00,18.0,0.0,0.7,318.0
466900,2026-01-26 09:00:00,19.0,0.0,0.4,312.0
466900,2026-01-26 10:00:00,18.4,0.0,1.5,307.0
466900,2026-01-26 11:00:00,18.5,0.05,0.7,315.0
466900,2026-01-26 12:00:00,19.0,0.0,2.4,168.0
466900,2026-01-26 13:00:00,19.1,0.0,1.5,292.0
466900,2026-01-26 14:00:00,19.9,0.0,2.2,308.0
466900,2026-01-26 15:00:00,19.6,0.0,1.9,311.0
466900,2026-01-26 16:00:00,18.7,0.0,0.8,302.0
466900,2026-01-26 17:00:00,18.0,0.0,1.5,316.0
466900,2026-01-26 18:00:00,17.6,0.0,0.5,346.0
466900,2026-01-26 19:00:00,17.7,0.05,3.2,149.0
466900,2026-01-26 20:00:00,18.0,0.0,1.2,145.0
466900,2026-01-26 21:00:00,17.0,0.0,2.4,11.0
466900,2026-01-26 22:00:00,17.0,0.05,2.0,354.0
466900,2026-01-26 23:00:00,17.0,0.0,0.5,117.0
466900,2026-01-27 00:00:00,17.4,0.0,2.7,153.0
466900,2026-01-27 01:00:00,17.4,0.0,1.9,139.0
466900,2026-01-27 02:00:00,17.2,0.0,1.0,33.0
466900,2026-01-27 03:00:00,17.2,0.0,1.7,6.0
466900,2026-01-27 04:00:00,17.1,0.0,0.5,8.0
466900,2026-01-27 05:00:00,17.0,0.0,1.0,15.0
466900,2026-01-27 06:00:00,17.5,0.05,2.9,23.0
466900,2026-01-27 07:00:00,16.9,0.0,3.7,21.0
466900,2026-01-27 08:00:00,16.8,0.0,4.0,22.0
466900,2026-01-27 09:00:00,17.0,0.05,4.5,21.0
466900,2026-01-27 10:00:00,17.1,0.05,4.3,20.0
466900,2026-01-27 11:00:00,16.8,0.05,3.7,25.0
466900,2026-01-27 12:00:00,16.6,0.05,3.5,21.0
466900,2026-01-27 13:00:00,16.1,0.05,4.4,19.0
466900,2026-01-27 14:00:00,15.9,0.05,4.4,22.0
466900,2026-01-27 15:00:00,15.7,0.05,4.3,16.0
466900,2026-01-27 16:00:00,15.3,0.05,3.1,7.0
466900,2026-01-27 17:00:00,15.1,0.05,3.6,15.0
466900,2026-01-27 18:00:00,14.9,0.5,3.4,9.0
466900,2026-01-27 19:00:00,14.6,1.0,2.5,18.0
466900,2026-01-27 20:00:00,14.5,1.5,2.1,32.0
466900,2026-01-27 21:00:00,14.6,0.5,1.2,27.0
466900,2026-01-27 22:00:00,14.5,0.5,3.4,21.0
466900,2026-01-27 23:00:00,14.0,0.05,3.8,17.0
466900,2026-01-28 00:00:00,14.1,0.05,3.4,16.0
466900,2026-01-28 01:00:00,14.0,0.05,2.3,12.0
466900,2026-01-28 02:00:00,13.9,0.05,3.4,16.0
466900,2026-01-28 03:00:00,13.9,0.5,3.4,18.0
466900,2026-01-28 04:00:00,13.8,0.05,2.7,20.0
466900,2026-01-28 05:00:00,14.0,0.05,3.0,18.0
466900,2026-01-28 06:00:00,14.0,0.05,2.7,20.0
466900,2026-01-28 07:00:00,13.9,0.05,3.1,15.0
466900,2026-01-28 08:00:00,13.9,0.05,3.5,18.0
466900,2026-01-28 09:00:00,14.4,0.05,3.2,24.0
466900,2026-01-28 10:00:00,15.1,0.05,3.1,14.0
466900,2026-01-28 11:00:00,16.1,0.0,2.8,21.0
466900,2026-01-28 12:00:00,15.9,0.0,3.1,22.0
466900,2026-01-28 13:00:00,15.7,0.05,3.7,16.0
466900,2026-01-28 14:00:00,15.4,0.05,3.5,16.0
466900,2026-01-28 15:00:00,14.1,0.05,3.4,15.0
466900,2026-01-28 16:00:00,14.2,0.5,1.8,21.0
466900,2026-01-28 17:00:00,14.6,0.0,2.0,29.0
466900,2026-01-28 18:00:00,14.7,0.0,1.8,25.0
466900,2026-01-28 19:00:00,14.1,0.0,0.5,114.0
466900,2026-01-28 20:00:00,14.5,0.0,0.6,70.0
466900,2026-01-28 21:00:00,15.5,0.0,1.4,24.0
466900,2026-01-28 22:00:00,15.7,0.0,2.2,27.0
466900,2026-01-28 23:00:00,15.2,0.0,0.9,360.0
466900,2026-01-29 00:00:00,14.5,0.0,1.3,353.0
466900,2026-01-29 01:00:00,14.4,0.0,0.6,282.0
466900,2026-01-29 02:00:00,15.5,0.0,0.7,298.0
466900,2026-01-29 03:00:00,15.2,0.0,1.4,197.0
466900,2026-01-29 04:00:00,14.9,0.0,1.7,312.0
466900,2026-01-29 05:00:00,15.3,0.0,1.3,236.0
466900,2026-01-29 06:00:00,14.3,0.0,0.4,216.0
466900,2026-01-29 07:00:00,14.1,0.0,0.3,94.0
466900,2026-01-29 08:00:00,16.0,0.0,0.4,163.0
466900,2026-01-29 09:00:00,18.1,0.0,1.3,281.0
466900,2026-01-29 10:00:00,20.0,0.0,3.4,149.0
466900,2026-01-29 11:00:00,21.2,0.0,3.0,139.0
466900,2026-01-29 12:00:00,20.5,0.0,6.1,159.0
466900,2026-01-29 13:00:00,21.3,0.0,4.9,144.0
466900,2026-01-29 14:00:00,20.9,0.0,5.4,145.0
466900,2026-01-29 15:00:00,21.0,0.0,3.8,138.0
466900,2026-01-29 16:00:00,20.7,0.0,2.5,139.0
466900,2026-01-29 17:00:00,19.6,0.0,4.1,137.0
466900,2026-01-29 18:00:00,19.0,0.0,4.0,145.0
466900,2026-01-29 19:00:00,19.1,0.0,4.3,137.0
466900,2026-01-29 20:00:00,19.4,0.0,4.1,143.0
466900,2026-01-29 21:00:00,19.6,0.0,3.6,140.0
466900,2026-01-29 22:00:00,19.7,0.0,4.8,138.0
466900,2026-01-29 23:00:00,19.9,0.0,5.0,133.0
466900,2026-01-30 00:00:00,19.4,0.0,5.1,140.0
466900,2026-01-30 01:00:00,20.2,0.0,6.2,134.0
466900,2026-01-30 02:00:00,20.1,0.0,5.4,137.0
466900,2026-01-30 03:00:00,20.1,0.0,4.3,134.0
466900,2026-01-30 04:00:00,19.7,0.0,5.2,153.0
466900,2026-01-30 05:00:00,19.9,0.0,1.9,141.0
466900,2026-01-30 06:00:00,19.1,0.0,2.5,156.0
466900,2026-01-30 07:00:00,18.5,0.0,3.5,159.0
466900,2026-01-30 08:00:00,18.9,0.0,3.0,147.0
466900,2026-01-30 09:00:00,20.2,0.0,3.0,163.0
466900,2026-01-30 10:00:00,21.8,0.0,1.3,149.0
466900,2026-01-30 11:00:00,21.1,0.0,1.9,299.0
466900,2026-01-30 12:00:00,21.2,0.0,0.9,274.0
466900,2026-01-30 13:00:00,21.9,0.0,1.7,284.0
466900,2026-01-30 14:00:00,21.9,0.0,1.7,304.0
466900,2026-01-30 15:00:00,19.6,0.0,2.2,313.0
466900,2026-01-30 16:00:00,19.1,0.0,2.0,314.0
466900,2026-01-30 17:00:00,18.6,0.0,1.1,305.0
466900,2026-01-30 18:00:00,18.4,0.0,1.0,24.0
466900,2026-01-30 19:00:00,18.0,0.0,1.0,304.0
466900,2026-01-30 20:00:00,18.0,0.0,0.5,277.0
466900,2026-01-30 21:00:00,18.0,0.0,1.3,338.0
466900,2026-01-30 22:00:00,17.6,0.0,1.8,326.0
466900,2026-01-30 23:00:00,17.6,0.0,2.5,337.0
466900,2026-01-31 00:00:00,17.3,0.05,2.2,24.0
466900,2026-01-31 01:00:00,17.1,0.05,2.4,360.0
466900,2026-01-31 02:00:00,16.7,0.05,2.8,2.0
466900,2026-01-31 03:00:00,16.8,0.05,1.9,25.0
466900,2026-01-31 04:00:00,16.9,0.05,2.3,12.0
466900,2026-01-31 05:00:00,16.9,0.05,2.0,1.0
466900,2026-01-31 06:00:00,16.5,0.05,1.9,18.0
466900,2026-01-31 07:00:00,16.6,0.05,2.3,22.0
466900,2026-01-31 08:00:00,16.6,0.05,2.7,20.0
466900,2026-01-31 09:00:00,16.4,0.05,2.9,20.0
466900,2026-01-31 10:00:00,16.3,0.5,2.9,19.0
466900,2026-01-31 11:00:00,16.3,0.05,3.8,20.0
466900,2026-01-31 12:00:00,16.1,0.05,4.3,16.0
466900,2026-01-31 13:00:00,15.4,0.05,3.9,16.0
466900,2026-01-31 14:00:00,15.2,0.5,3.5,13.0
466900,2026-01-31 15:00:00,15.1,0.05,3.0,19.0
466900,2026-01-31 16:00:00,14.7,0.05,3.2,25.0
466900,2026-01-31 17:00:00,14.3,1.5,2.9,6.0
466900,2026-01-31 18:00:00,13.9,1.5,2.9,17.0
466900,2026-01-31 19:00:00,13.7,1.0,3.0,9.0
466900,2026-01-31 20:00:00,13.5,1.0,3.0,17.0
466900,2026-01-31 21:00:00,13.6,1.0,2.3,7.0
466900,2026-01-31 22:00:00,13.5,1.5,2.6,16.0
466900,2026-01-31 23:00:00,13.5,0.5,3.5,14.0
466900,2026-02-01 00:00:00,13.4,0.05,2.6,14.0
466900,2026-02-01 01:00:00,13.3,0.5,2.9,16.0
466900,2026-02-01 02:00:00,13.3,1.0,2.6,24.0
466900,2026-02-01 03:00:00,13.0,2.5,2.4,16.0
466900,2026-02-01 04:00:00,12.8,1.5,2.5,21.0
466900,2026-02-01 05:00:00,12.9,0.5,2.7,30.0
466900,2026-02-01 06:00:00,13.1,0.5,0.5,76.0
466900,2026-02-01 07:00:00,13.2,0.05,1.6,14.0
466900,2026-02-01 08:00:00,14.0,0.05,1.2,19.0
466900,2026-02-01 09:00:00,15.0,0.05,1.9,58.0
466900,2026-02-01 10:00:00,15.2,0.05,1.6,25.0
466900,2026-02-01 11:00:00,15.7,0.05,1.5,34.0
466900,2026-02-01 12:00:00,15.0,0.05,2.4,28.0
466900,2026-02-01 13:00:00,15.4,0.05,0.9,104.0
466900,2026-02-01 14:00:00,15.7,0.5,1.6,17.0
466900,2026-02-01 15:00:00,15.3,0.05,2.3,30.0
466900,2026-02-01 16:00:00,15.4,0.05,1.5,36.0
466900,2026-02-01 17:00:00,15.4,0.0,0.1,0.0
466900,2026-02-01 18:00:00,14.8,0.0,1.8,311.0
466900,2026-02-01 19:00:00,15.5,0.0,2.1,33.0
466900,2026-02-01 20:00:00,14.9,0.05,1.8,29.0
466900,2026-02-01 21:00:00,15.0,0.05,0.8,60.0
466900,2026-02-01 22:00:00,14.9,0.0,1.2,30.0
466900,2026-02-01 23:00:00,14.7,0.05,1.5,24.0
466900,2026-02-02 00:00:00,14.7,0.05,1.2,5.0
466900,2026-02-02 01:00:00,14.6,0.5,2.8,18.0
466900,2026-02-02 02:00:00,14.3,0.05,2.8,19.0
466900,2026-02-02 03:00:00,14.3,0.5,2.2,27.0
466900,2026-02-02 04:00:00,14.3,0.05,1.1,44.0
466900,2026-02-02 05:00:00,14.2,0.5,0.9,31.0
466900,2026-02-02 06:00:00,14.1,0.05,1.0,19.0
466900,2026-02-02 07:00:00,14.3,0.05,1.0,16.0
466900,2026-02-02 08:00:00,14.6,0.05,1.3,30.0
466900,2026-02-02 09:00:00,15.1,0.05,2.5,6.0
466900,2026-02-02 10:00:00,14.8,0.05,3.9,18.0
466900,2026-02-02 11:00:00,14.6,0.05,3.4,12.0
466900,2026-02-02 12:00:00,14.3,0.05,4.0,18.0
466900,2026-02-02 13:00:00,13.7,0.05,4.0,21.0
466900,2026-02-02 14:00:00,13.6,0.5,3.6,22.0
466900,2026-02-02 15:00:00,13.4,0.05,4.0,17.0
466900,2026-02-02 16:00:00,13.4,0.05,3.2,15.0
466900,2026-02-02 17:00:00,13.7,0.05,3.4,21.0
466900,2026-02-02 18:00:00,13.8,0.05,3.6,28.0
466900,2026-02-02 19:00:00,13.5,0.05,4.1,15.0
466900,2026-02-02 20:00:00,13.6,0.05,4.3,28.0
466900,2026-02-02 21:00:00,13.6,0.05,3.5,27.0
466900,2026-02-02 22:00:00,13.6,0.05,2.5,29.0
466900,2026-02-02 23:00:00,14.0,0.5,2.4,46.0
466900,2026-02-03 00:00:00,14.1,0.0,2.1,34.0
466900,2026-02-03 01:00:00,14.3,0.0,1.7,62.0
466900,2026-02-03 02:00:00,14.4,0.0,1.9,54.0
466900,2026-02-03 03:00:00,14.4,0.0,2.2,49.0
466900,2026-02-03 04:00:00,14.5,0.0,2.8,36.0
466900,2026-02-03 05:00:00,14.6,0.0,2.1,46.0
466900,2026-02-03 06:00:00,14.9,0.0,1.3,29.0
466900,2026-02-03 07:00:00,14.9,0.0,1.1,319.0
466900,2026-02-03 08:00:00,15.1,0.0,1.4,246.0
466900,2026-02-03 09:00:00,17.4,0.0,0.9,360.0
466900,2026-02-03 10:00:00,18.5,0.0,1.5,239.0
466900,2026-02-03 11:00:00,19.0,0.0,4.4,152.0
466900,2026-02-03 12:00:00,20.5,0.0,2.2,151.0
466900,2026-02-03 13:00:00,19.6,0.0,5.0,155.0
466900,2026-02-03 14:00:00,20.5,0.0,4.2,138.0
466900,2026-02-03 15:00:00,19.1,0.0,4.9,141.0
466900,2026-02-03 16:00:00,19.0,0.0,4.3,146.0
466900,2026-02-03 17:00:00,18.0,0.0,4.0,159.0
466900,2026-02-03 18:00:00,17.4,0.0,1.9,139.0
466900,2026-02-03 19:00:00,16.7,0.0,0.5,42.0
466900,2026-02-03 20:00:00,17.6,0.0,3.0,141.0
466900,2026-02-03 21:00:00,17.8,0.0,2.2,161.0
466900,2026-02-03 22:00:00,18.4,0.0,3.0,146.0
466900,2026-02-03 23:00:00,18.7,0.0,4.6,153.0
466900,2026-02-04 00:00:00,18.5,0.0,4.7,155.0
466900,2026-02-04 01:00:00,18.8,0.0,3.0,139.0
466900,2026-02-04 02:00:00,18.4,0.0,4.1,149.0
466900,2026-02-04 03:00:00,17.6,0.0,1.8,144.0
466900,2026-02-04 04:00:00,17.5,0.0,1.2,123.0
466900,2026-02-04 05:00:00,16.6,0.0,0.3,90.0
466900,2026-02-04 06:00:00,15.6,0.0,0.4,148.0
466900,2026-02-04 07:00:00,15.0,0.0,0.8,118.0
466900,2026-02-04 08:00:00,16.6,0.0,3.0,146.0
466900,2026-02-04 09:00:00,17.9,0.0,2.5,159.0
466900,2026-02-04 10:00:00,20.3,0.0,0.3,10.0
466900,2026-02-04 11:00:00,20.1,0.0,1.7,292.0
466900,2026-02-04 12:00:00,20.1,0.0,1.9,288.0
466900,2026-02-04 13:00:00,20.9,0.0,1.6,293.0
466900,2026-02-04 14:00:00,21.0,0.0,1.7,294.0
466900,2026-02-04 15:00:00,20.5,0.0,2.1,320.0
466900,2026-02-04 16:00:00,19.8,0.0,1.8,340.0
466900,2026-02-04 17:00:00,18.6,0.0,1.6,324.0
466900,2026-02-04 18:00:00,17.5,0.0,0.8,313.0
466900,2026-02-04 19:00:00,16.9,0.0,0.0,0.0
466900,2026-02-04 20:00:00,16.6,0.0,0.1,0.0
466900,2026-02-04 21:00:00,16.6,0.0,0.1,0.0
466900,2026-02-04 22:00:00,16.6,0.0,0.4,234.0
466900,2026-02-04 23:00:00,18.0,0.0,2.0,162.0
466900,2026-02-05 00:00:00,17.2,0.0,1.1,267.0
466900,2026-02-05 01:00:00,16.9,0.0,0.7,304.0
466900,2026-02-05 02:00:00,16.9,0.0,0.1,0.0
466900,2026-02-05 03:00:00,17.2,0.0,0.2,0.0
466900,2026-02-05 04:00:00,17.5,0.0,1.4,330.0
466900,2026-02-05 05:00:00,17.6,0.0,1.2,326.0
466900,2026-02-05 06:00:00,17.4,0.0,0.4,306.0
466900,2026-02-05 07:00:00,17.1,0.0,0.2,0.0
466900,2026-02-05 08:00:00,17.8,0.0,2.9,160.0
466900,2026-02-05 09:00:00,18.7,0.05,3.8,169.0
466900,2026-02-05 10:00:00,19.1,0.0,1.1,291.0
466900,2026-02-05 11:00:00,19.9,0.05,0.3,88.0
466900,2026-02-05 12:00:00,21.6,0.0,1.5,167.0
466900,2026-02-05 13:00:00,24.1,0.0,0.2,0.0
466900,2026-02-05 14:00:00,24.0,0.0,0.8,321.0
466900,2026-02-05 15:00:00,23.7,0.0,1.3,311.0
466900,2026-02-05 16:00:00,23.1,0.0,1.7,302.0
466900,2026-02-05 17:00:00,22.1,0.0,2.3,338.0
466900,2026-02-05 18:00:00,20.0,0.0,0.7,318.0
466900,2026-02-05 19:00:00,20.0,0.0,0.5,322.0
466900,2026-02-05 20:00:00,19.2,0.0,1.8,321.0
466900,2026-02-05 21:00:00,18.1,0.0,0.4,129.0
466900,2026-02-05 22:00:00,18.1,0.0,1.0,118.0
466900,2026-02-05 23:00:00,18.6,0.0,2.0,139.0
466900,2026-02-06 00:00:00,18.8,0.0,2.8,149.0
466900,2026-02-06 01:00:00,19.1,0.0,2.8,157.0
466900,2026-02-06 02:00:00,18.5,0.0,2.6,145.0
466900,2026-02-06 03:00:00,18.6,0.0,0.4,331.0
466900,2026-02-06 04:00:00,17.9,0.0,1.5,321.0
466900,2026-02-06 05:00:00,18.4,0.0,1.3,299.0
466900,2026-02-06 06:00:00,18.8,0.0,1.9,331.0
466900,2026-02-06 07:00:00,18.2,0.0,1.1,308.0
466900,2026-02-06 08:00:00,18.5,0.0,0.0,0.0
466900,2026-02-06 09:00:00,19.1,0.0,0.4,332.0
466900,2026-02-06 10:00:00,20.6,0.0,0.5,261.0
466900,2026-02-06 11:00:00,20.2,0.0,2.6,345.0
466900,2026-02-06 12:00:00,19.9,0.0,1.9,355.0
466900,2026-02-06 13:00:00,18.9,0.05,2.3,9.0
466900,2026-02-06 14:00:00,18.7,0.05,1.4,10.0
466900,2026-02-06 15:00:00,18.8,0.0,2.4,21.0
466900,2026-02-06 16:00:00,18.3,0.05,2.4,14.0
466900,2026-02-06 17:00:00,17.7,0.05,3.3,16.0
466900,2026-02-06 18:00:00,17.8,0.05,3.4,18.0
466900,2026-02-06 19:00:00,17.8,0.05,3.5,17.0
466900,2026-02-06 20:00:00,17.3,0.05,3.1,14.0
466900,2026-02-06 21:00:00,17.4,0.05,2.9,18.0
466900,2026-02-06 22:00:00,17.7,0.0,3.2,20.0
466900,2026-02-06 23:00:00,17.5,0.05,3.1,16.0
466900,2026-02-07 00:00:00,16.6,0.05,3.8,22.0
466900,2026-02-07 01:00:00,15.6,0.05,3.6,9.0
466900,2026-02-07 02:00:00,15.0,0.05,4.2,18.0
466900,2026-02-07 03:00:00,14.3,0.5,4.2,10.0
466900,2026-02-07 04:00:00,13.9,0.5,3.3,14.0
466900,2026-02-07 05:00:00,13.7,1.0,4.0,17.0
466900,2026-02-07 06:00:00,13.5,0.5,3.2,7.0
466900,2026-02-07 07:00:00,13.3,0.5,2.9,17.0
466900,2026-02-07 08:00:00,13.6,0.05,2.8,17.0
466900,2026-02-07 09:00:00,13.8,0.05,2.8,14.0
466900,2026-02-07 10:00:00,13.9,0.05,3.2,9.0
466900,2026-02-07 11:00:00,14.0,0.05,3.5,20.0
466900,2026-02-07 12:00:00,13.7,0.05,3.5,15.0
466900,2026-02-07 13:00:00,12.8,1.0,4.5,14.0
466900,2026-02-07 14:00:00,13.0,0.5,3.2,9.0
466900,2026-02-07 15:00:00,12.9,0.5,2.9,16.0
466900,2026-02-07 16:00:00,12.8,0.05,3.6,15.0
466900,2026-02-07 17:00:00,12.5,0.5,3.7,18.0
466900,2026-02-07 18:00:00,12.3,0.05,3.5,21.0
466900,2026-02-07 19:00:00,12.3,0.05,2.2,6.0
466900,2026-02-07 20:00:00,12.0,0.5,3.0,24.0
466900,2026-02-07 21:00:00,11.7,0.05,3.8,25.0
466900,2026-02-07 22:00:00,11.6,0.05,2.3,26.0
466900,2026-02-07 23:00:00,11.5,0.05,2.8,24.0
466900,2026-02-08 00:00:00,11.3,0.05,3.0,20.0
466900,2026-02-08 01:00:00,11.4,0.05,3.2,29.0
466900,2026-02-08 02:00:00,11.2,0.05,3.3,20.0
466900,2026-02-08 03:00:00,10.8,0.05,3.2,21.0
466900,2026-02-08 04:00:00,10.7,0.05,3.4,18.0
466900,2026-02-08 05:00:00,10.6,0.05,4.1,23.0
466900,2026-02-08 06:00:00,9.7,0.5,3.2,17.0
466900,2026-02-08 07:00:00,9.6,0.05,3.1,19.0
466900,2026-02-08 08:00:00,9.9,0.05,3.8,19.0
466900,2026-02-08 09:00:00,9.8,0.05,3.7,24.0
466900,2026-02-08 10:00:00,10.3,0.0,4.1,24.0
466900,2026-02-08 11:00:00,11.1,0.0,2.8,28.0
466900,2026-02-08 12:00:00,11.1,0.0,2.9,8.0
466900,2026-02-08 13:00:00,10.4,0.0,2.9,22.0
466900,2026-02-08 14:00:00,10.0,0.0,2.6,24.0
466900,2026-02-08 15:00:00,10.3,0.0,2.7,34.0
466900,2026-02-08 16:00:00,10.0,0.0,2.1,31.0
466900,2026-02-08 17:00:00,9.7,0.0,1.7,37.0
466900,2026-02-08 18:00:00,9.3,0.0,1.3,33.0
466900,2026-02-08 19:00:00,9.8,0.0,1.8,28.0
466900,2026-02-08 20:00:00,9.8,0.0,1.6,54.0
466900,2026-02-08 21:00:00,9.9,0.0,1.3,46.0
466900,2026-02-08 22:00:00,9.9,0.0,1.5,123.0
466900,2026-02-08 23:00:00,10.2,0.0,1.1,69.0
466900,2026-02-09 00:00:00,10.1,0.0,0.8,66.0
466900,2026-02-09 01:00:00,9.8,0.0,0.3,88.0
466900,2026-02-09 02:00:00,9.8,0.0,0.6,49.0
466900,2026-02-09 03:00:00,10.3,0.0,0.6,92.0
466900,2026-02-09 04:00:00,9.9,0.0,0.4,40.0
466900,2026-02-09 05:00:00,10.3,0.0,0.5,105.0
466900,2026-02-09 06:00:00,9.8,0.0,0.9,116.0
466900,2026-02-09 07:00:00,11.3,0.0,3.1,147.0
466900,2026-02-09 08:00:00,12.6,0.0,1.3,154.0
466900,2026-02-09 09:00:00,13.0,0.0,3.9,149.0
466900,2026-02-09 10:00:00,14.5,0.0,4.6,138.0
466900,2026-02-09 11:00:00,15.4,0.0,4.2,135.0
466900,2026-02-09 12:00:00,16.7,0.0,4.4,144.0
466900,2026-02-09 13:00:00,15.9,0.0,5.8,150.0
466900,2026-02-09 14:00:00,15.4,0.0,6.4,152.0
466900,2026-02-09 15:00:00,15.7,0.0,4.2,143.0
466900,2026-02-09 16:00:00,15.7,0.0,4.1,141.0
466900,2026-02-09 17:00:00,15.6,0.0,3.9,144.0
466900,2026-02-09 18:00:00,15.4,0.0,3.9,146.0
466900,2026-02-09 19:00:00,15.5,0.0,4.5,157.0
466900,2026-02-09 20:00:00,15.5,0.0,5.4,153.0
466900,2026-02-09 21:00:00,15.5,0.0,4.4,149.0
466900,2026-02-09 22:00:00,15.8,0.0,4.9,155.0
466900,2026-02-09 23:00:00,15.9,0.0,4.3,156.0
466900,2026-02-10 00:00:00,16.1,0.0,4.2,151.0
466900,2026-02-10 01:00:00,16.2,0.0,3.8,163.0
466900,2026-02-10 02:00:00,15.5,0.0,2.0,155.0
466900,2026-02-10 03:00:00,13.3,0.0,0.4,42.0
466900,2026-02-10 04:00:00,13.5,0.0,1.2,138.0
466900,2026-02-10 05:00:00,13.7,0.0,2.0,153.0
466900,2026-02-10 06:00:00,13.6,0.0,1.1,157.0
466900,2026-02-10 07:00:00,13.9,0.0,1.1,114.0
466900,2026-02-10 08:00:00,14.3,0.0,3.2,167.0
466900,2026-02-10 09:00:00,15.8,0.0,3.9,169.0
466900,2026-02-10 10:00:00,17.6,0.0,2.5,163.0
466900,2026-02-10 11:00:00,18.8,0.0,1.2,284.0
466900,2026-02-10 12:00:00,18.7,0.0,1.6,277.0
466900,2026-02-10 13:00:00,19.5,0.0,1.6,288.0
466900,2026-02-10 14:00:00,19.5,0.0,1.1,310.0
466900,2026-02-10 15:00:00,19.5,0.0,1.0,295.0
466900,2026-02-10 16:00:00,19.9,0.0,0.3,304.0
466900,2026-02-10 17:00:00,19.8,0.0,0.1,0.0
466900,2026-02-10 18:00:00,17.0,0.0,0.5,298.0
466900,2026-02-10 19:00:00,16.2,0.0,0.4,18.0
466900,2026-02-10 20:00:00,15.6,0.0,0.5,91.0
466900,2026-02-10 21:00:00,15.4,0.0,1.7,137.0
466900,2026-02-10 22:00:00,15.9,0.0,3.6,147.0
466900,2026-02-10 23:00:00,16.2,0.0,3.3,146.0
466900,2026-02-11 00:00:00,16.8,0.0,1.7,135.0
466900,2026-02-11 01:00:00,17.2,0.0,2.6,147.0
466900,2026-02-11 02:00:00,16.5,0.0,1.4,164.0
466900,2026-02-11 03:00:00,16.1,0.0,0.8,43.0
466900,2026-02-11 04:00:00,16.5,0.0,1.6,30.0
466900,2026-02-11 05:00:00,15.8,0.0,0.1,0.0
466900,2026-02-11 06:00:00,15.7,0.0,0.6,46.0
466900,2026-02-11 07:00:00,15.8,0.0,0.3,308.0
466900,2026-02-11 08:00:00,17.1,0.0,1.8,7.0
466900,2026-02-11 09:00:00,17.3,0.05,1.6,10.0
466900,2026-02-11 10:00:00,17.5,0.0,1.4,3.0
466900,2026-02-11 11:00:00,17.2,0.05,3.0,27.0
466900,2026-02-11 12:00:00,17.1,0.05,3.7,16.0
466900,2026-02-11 13:00:00,16.4,0.05,4.7,17.0
466900,2026-02-11 14:00:00,16.2,0.05,4.3,23.0
466900,2026-02-11 15:00:00,16.0,0.0,3.9,22.0
466900,2026-02-11 16:00:00,16.0,0.0,3.7,21.0
466900,2026-02-11 17:00:00,15.4,0.0,3.3,27.0
466900,2026-02-11 18:00:00,15.4,0.0,3.4,25.0
466900,2026-02-11 19:00:00,15.3,0.0,2.2,17.0
466900,2026-02-11 20:00:00,15.6,0.0,1.0,76.0
466900,2026-02-11 21:00:00,15.5,0.0,1.2,56.0
466900,2026-02-11 22:00:00,15.3,0.0,2.4,24.0
466900,2026-02-11 23:00:00,14.9,0.0,2.4,26.0
466900,2026-02-12 00:00:00,14.9,0.0,1.8,23.0
466900,2026-02-12 01:00:00,14.9,0.0,0.7,98.0
466900,2026-02-12 02:00:00,14.1,0.0,1.3,348.0
466900,2026-02-12 03:00:00,14.5,0.0,0.7,94.0
466900,2026-02-12 04:00:00,13.8,0.0,0.4,71.0
466900,2026-02-12 05:00:00,13.4,0.0,0.3,67.0
466900,2026-02-12 06:00:00,13.0,0.0,0.1,0.0
466900,2026-02-12 07:00:00,13.4,0.0,0.6,80.0
466900,2026-02-12 08:00:00,15.5,0.0,0.3,43.0
466900,2026-02-12 09:00:00,17.3,0.0,1.4,14.0
466900,2026-02-12 10:00:00,19.8,0.0,1.2,299.0
466900,2026-02-12 11:00:00,21.6,0.0,3.6,155.0
466900,2026-02-12 12:00:00,21.8,0.0,4.0,168.0
466900,2026-02-12 13:00:00,22.5,0.0,3.2,144.0
466900,2026-02-12 14:00:00,21.8,0.0,5.3,164.0
466900,2026-02-12 15:00:00,21.8,0.0,5.1,162.0
466900,2026-02-12 16:00:00,21.0,0.0,6.0,158.0
466900,2026-02-12 17:00:00,20.1,0.0,4.2,153.0
466900,2026-02-12 18:00:00,19.2,0.0,2.9,158.0
466900,2026-02-12 19:00:00,19.3,0.0,2.4,146.0
466900,2026-02-12 20:00:00,19.1,0.0,3.8,160.0
466900,2026-02-12 21:00:00,19.1,0.0,4.2,157.0
466900,2026-02-12 22:00:00,19.3,0.0,4.4,158.0
466900,2026-02-12 23:00:00,19.5,0.0,5.8,165.0
466900,2026-02-13 00:00:00,19.5,0.0,5.3,164.0
466900,2026-02-13 01:00:00,19.4,0.0,6.0,167.0
466900,2026-02-13 02:00:00,18.3,0.0,3.3,140.0
466900,2026-02-13 03:00:00,17.7,0.0,3.0,140.0
466900,2026-02-13 04:00:00,17.1,0.0,1.2,82.0
466900,2026-02-13 05:00:00,15.5,0.0,0.5,106.0
466900,2026-02-13 06:00:00,16.4,0.0,2.3,142.0
466900,2026-02-13 07:00:00,16.2,0.0,3.2,145.0
466900,2026-02-13 08:00:00,17.2,0.0,4.0,152.0
466900,2026-02-13 09:00:00,19.3,0.0,3.1,163.0
466900,2026-02-13 10:00:00,21.7,0.0,0.6,130.0
466900,2026-02-13 11:00:00,20.3,0.0,2.7,312.0
466900,2026-02-13 12:00:00,21.1,0.0,2.0,311.0
466900,2026-02-13 13:00:00,21.9,0.0,1.5,304.0
466900,2026-02-13 14:00:00,21.6,0.0,1.7,310.0
466900,2026-02-13 15:00:00,21.8,0.0,1.1,309.0
466900,2026-02-13 16:00:00,19.2,0.0,2.0,306.0
466900,2026-02-13 17:00:00,18.6,0.0,1.3,296.0
466900,2026-02-13 18:00:00,17.1,0.0,1.4,307.0
466900,2026-02-13 19:00:00,17.3,0.0,2.8,149.0
466900,2026-02-13 20:00:00,17.6,0.0,2.9,147.0
466900,2026-02-13 21:00:00,18.3,0.0,3.1,142.0
466900,2026-02-13 22:00:00,18.7,0.0,3.5,151.0
466900,2026-02-13 23:00:00,18.6,0.0,2.3,139.0
466900,2026-02-14 00:00:00,17.7,0.0,0.7,336.0
466900,2026-02-14 01:00:00,17.3,0.0,0.4,327.0
466900,2026-02-14 02:00:00,16.4,0.0,0.3,255.0
466900,2026-02-14 03:00:00,16.8,0.0,1.5,312.0
466900,2026-02-14 04:00:00,16.5,0.0,1.2,310.0
466900,2026-02-14 05:00:00,16.3,0.0,2.2,156.0
466900,2026-02-14 06:00:00,16.1,0.0,4.7,151.0
466900,2026-02-14 07:00:00,16.0,0.0,3.5,152.0
466900,2026-02-14 08:00:00,16.9,0.0,3.9,161.0
466900,2026-02-14 09:00:00,19.1,0.0,3.9,162.0
466900,2026-02-14 10:00:00,21.4,0.0,2.6,162.0
466900,2026-02-14 11:00:00,24.3,0.0,1.2,149.0
466900,2026-02-14 12:00:00,23.9,0.0,1.3,296.0
466900,2026-02-14 13:00:00,23.5,0.0,1.2,311.0
466900,2026-02-14 14:00:00,23.7,0.0,1.7,299.0
466900,2026-02-14 15:00:00,23.6,0.0,2.2,306.0
466900,2026-02-14 16:00:00,23.3,0.0,1.5,313.0
466900,2026-02-14 17:00:00,22.0,0.0,1.0,294.0
466900,2026-02-14 18:00:00,20.5,0.0,0.1,0.0
466900,2026-02-14 19:00:00,19.5,0.0,0.6,86.0
466900,2026-02-14 20:00:00,18.8,0.0,1.9,145.0
466900,2026-02-14 21:00:00,19.5,0.0,2.1,144.0
466900,2026-02-14 22:00:00,18.8,0.0,1.7,124.0
466900,2026-02-14 23:00:00,18.2,0.0,0.3,94.0
466900,2026-02-15 00:00:00,18.1,0.0,1.3,124.0
466900,2026-02-15 01:00:00,18.0,0.0,1.5,130.0
466900,2026-02-15 02:00:00,17.7,0.0,1.3,131.0
466900,2026-02-15 03:00:00,17.4,0.0,2.3,147.0
466900,2026-02-15 04:00:00,17.4,0.0,2.7,149.0
466900,2026-02-15 05:00:00,17.4,0.0,2.5,154.0
466900,2026-02-15 06:00:00,17.4,0.0,3.2,153.0
466900,2026-02-15 07:00:00,17.5,0.0,3.7,152.0
466900,2026-02-15 08:00:00,18.8,0.0,3.1,151.0
466900,2026-02-15 09:00:00,20.6,0.0,4.1,165.0
466900,2026-02-15 10:00:00,23.0,0.0,3.5,167.0
466900,2026-02-15 11:00:00,25.0,0.0,0.7,216.0
466900,2026-02-15 12:00:00,26.6,0.0,2.2,353.0
466900,2026-02-15 13:00:00,26.6,0.0,1.7,308.0
466900,2026-02-15 14:00:00,26.2,0.0,2.6,337.0
466900,2026-02-15 15:00:00,23.7,0.0,1.2,285.0
466900,2026-02-15 16:00:00,23.2,0.0,1.8,357.0
466900,2026-02-15 17:00:00,21.0,0.0,1.3,307.0
466900,2026-02-15 18:00:00,19.3,0.0,0.9,294.0
466900,2026-02-15 19:00:00,18.7,0.0,1.0,321.0
466900,2026-02-15 20:00:00,18.4,0.0,0.1,0.0
466900,2026-02-15 21:00:00,18.0,0.0,0.1,0.0
466900,2026-02-15 22:00:00,17.8,0.0,0.3,290.0
466900,2026-02-15 23:00:00,17.4,0.0,0.4,269.0
466900,2026-02-16 00:00:00,17.3,0.05,1.7,322.0
466900,2026-02-16 01:00:00,17.5,0.05,1.9,307.0
466900,2026-02-16 02:00:00,17.5,0.05,0.8,307.0
466900,2026-02-16 03:00:00,17.4,0.0,2.5,167.0
466900,2026-02-16 04:00:00,17.8,0.0,2.3,165.0
466900,2026-02-16 05:00:00,17.9,0.0,0.4,298.0
466900,2026-02-16 06:00:00,17.8,0.0,0.7,277.0
466900,2026-02-16 07:00:00,17.9,0.0,0.8,269.0
466900,2026-02-16 08:00:00,17.9,0.05,0.4,287.0
466900,2026-02-16 09:00:00,18.2,0.05,0.9,310.0
466900,2026-02-16 10:00:00,18.5,0.05,0.6,266.0
466900,2026-02-16 11:00:00,19.2,0.0,0.7,301.0
466900,2026-02-16 12:00:00,20.3,0.0,2.6,319.0
466900,2026-02-16 13:00:00,19.7,0.0,2.6,357.0
466900,2026-02-16 14:00:00,18.7,0.05,3.9,8.0
466900,2026-02-16 15:00:00,18.1,0.05,5.0,20.0
466900,2026-02-16 16:00:00,17.6,0.05,4.7,26.0
466900,2026-02-16 17:00:00,17.0,0.05,5.4,19.0
466900,2026-02-16 18:00:00,16.8,0.05,4.3,24.0
466900,2026-02-16 19:00:00,16.8,0.0,3.1,23.0
466900,2026-02-16 20:00:00,16.6,0.0,3.6,21.0
466900,2026-02-16 21:00:00,16.6,0.0,3.4,14.0
466900,2026-02-16 22:00:00,16.4,0.05,3.5,20.0
466900,2026-02-16 23:00:00,16.1,0.05,3.8,17.0
466900,2026-02-17 00:00:00,15.5,0.05,5.0,22.0
466900,2026-02-17 01:00:00,15.2,0.05,4.8,23.0
466900,2026-02-17 02:00:00,14.9,0.05,4.5,20.0
466900,2026-02-17 03:00:00,14.5,0.05,4.3,15.0
466900,2026-02-17 04:00:00,14.3,0.05,4.5,23.0
466900,2026-02-17 05:00:00,14.1,0.05,4.3,20.0
466900,2026-02-17 06:00:00,14.3,0.05,3.6,24.0
466900,2026-02-17 07:00:00,14.6,0.05,2.7,24.0
466900,2026-02-17 08:00:00,14.8,0.05,2.3,28.0
466900,2026-02-17 09:00:00,15.1,0.05,3.9,22.0
466900,2026-02-17 10:00:00,15.3,0.05,3.6,22.0
466900,2026-02-17 11:00:00,14.9,0.05,4.1,25.0
466900,2026-02-17 12:00:00,15.0,0.05,4.5,20.0
466900,2026-02-17 13:00:00,14.6,0.05,3.9,20.0
466900,2026-02-17 14:00:00,14.8,0.05,4.0,23.0
466900,2026-02-17 15:00:00,14.9,0.05,3.3,20.0
466900,2026-02-17 16:00:00,14.8,0.0,3.6,21.0
466900,2026-02-17 17:00:00,14.7,0.0,3.7,20.0
466900,2026-02-17 18:00:00,14.4,0.0,3.3,19.0
466900,2026-02-17 19:00:00,14.0,0.05,3.9,20.0
466900,2026-02-17 20:00:00,13.9,0.05,4.3,19.0
466900,2026-02-17 21:00:00,13.8,0.05,3.4,20.0
466900,2026-02-17 22:00:00,13.4,0.05,3.2,22.0
466900,2026-02-17 23:00:00,13.4,0.05,3.3,17.0
466900,2026-02-18 00:00:00,13.4,0.05,3.5,20.0
466900,2026-02-18 01:00:00,13.4,0.5,2.9,16.0
466900,2026-02-18 02:00:00,13.3,0.05,2.4,17.0
466900,2026-02-18 03:00:00,13.1,0.5,2.9,24.0
466900,2026-02-18 04:00:00,12.9,0.5,3.0,21.0
466900,2026-02-18 05:00:00,12.6,0.05,3.7,29.0
466900,2026-02-18 06:00:00,12.6,0.0,3.2,30.0
466900,2026-02-18 07:00:00,12.9,0.0,2.2,25.0
466900,2026-02-18 08:00:00,13.3,0.0,2.2,22.0
466900,2026-02-18 09:00:00,13.9,0.0,3.1,21.0
466900,2026-02-18 10:00:00,14.4,0.0,3.8,26.0
466900,2026-02-18 11:00:00,14.8,0.0,3.3,20.0
466900,2026-02-18 12:00:00,14.6,0.0,2.6,32.0
466900,2026-02-18 13:00:00,15.0,0.0,2.8,28.0
466900,2026-02-18 14:00:00,14.8,0.0,3.4,28.0
466900,2026-02-18 15:00:00,14.4,0.0,3.2,19.0
466900,2026-02-18 16:00:00,14.5,0.0,3.6,20.0
466900,2026-02-18 17:00:00,14.4,0.0,1.4,39.0
466900,2026-02-18 18:00:00,14.4,0.0,1.1,90.0
466900,2026-02-18 19:00:00,14.4,0.0,0.9,100.0
466900,2026-02-18 20:00:00,13.4,0.0,0.4,94.0
466900,2026-02-18 21:00:00,12.5,0.0,1.0,7.0
466900,2026-02-18 22:00:00,12.1,0.0,0.6,359.0
466900,2026-02-18 23:00:00,13.6,0.0,0.8,26.0
466900,2026-02-19 00:00:00,12.4,0.0,0.5,61.0
466900,2026-02-19 01:00:00,14.3,0.0,0.6,20.0
466900,2026-02-19 02:00:00,13.9,0.0,0.9,281.0
466900,2026-02-19 03:00:00,15.9,0.0,3.8,150.0
466900,2026-02-19 04:00:00,16.2,0.0,2.8,141.0
466900,2026-02-19 05:00:00,16.2,0.0,3.2,141.0
466900,2026-02-19 06:00:00,16.3,0.05,1.1,316.0
466900,2026-02-19 07:00:00,16.4,0.05,2.0,152.0
466900,2026-02-19 08:00:00,16.2,0.0,1.1,94.0
466900,2026-02-19 09:00:00,16.5,0.0,1.1,120.0
466900,2026-02-19 10:00:00,17.4,0.0,1.1,360.0
466900,2026-02-19 11:00:00,18.5,0.0,0.5,360.0
466900,2026-02-19 12:00:00,19.3,0.0,1.8,131.0
466900,2026-02-19 13:00:00,20.2,0.0,2.6,144.0
466900,2026-02-19 14:00:00,21.3,0.0,3.9,153.0
466900,2026-02-19 15:00:00,21.4,0.0,4.5,146.0
466900,2026-02-19 16:00:00,20.3,0.0,3.7,156.0
466900,2026-02-19 17:00:00,19.8,0.0,1.0,105.0
466900,2026-02-19 18:00:00,19.3,0.0,2.7,154.0
466900,2026-02-19 19:00:00,19.3,0.0,4.9,164.0
466900,2026-02-19 20:00:00,18.7,0.0,2.8,149.0
466900,2026-02-19 21:00:00,17.7,0.0,0.7,91.0
466900,2026-02-19 22:00:00,17.6,0.0,1.5,132.0
466900,2026-02-19 23:00:00,17.1,0.0,1.9,138.0
466900,2026-02-20 00:00:00,16.3,0.0,1.7,142.0
466900,2026-02-20 01:00:00,16.8,0.0,2.6,148.0
466900,2026-02-20 02:00:00,15.8,0.0,0.1,0.0
466900,2026-02-20 03:00:00,15.5,0.0,0.1,0.0
466900,2026-02-20 04:00:00,16.5,0.05,0.6,332.0
466900,2026-02-20 05:00:00,16.2,0.05,2.6,27.0
466900,2026-02-20 06:00:00,15.7,0.05,2.7,27.0
466900,2026-02-20 07:00:00,15.8,0.5,1.8,345.0
466900,2026-02-20 08:00:00,15.9,0.05,1.9,11.0
466900,2026-02-20 09:00:00,16.2,0.05,2.4,13.0
466900,2026-02-20 10:00:00,17.0,0.05,1.9,360.0
466900,2026-02-20 11:00:00,18.3,0.0,1.3,7.0
466900,2026-02-20 12:00:00,17.8,0.0,2.1,357.0
466900,2026-02-20 13:00:00,17.8,0.0,3.0,4.0
466900,2026-02-20 14:00:00,19.6,0.0,2.3,6.0
466900,2026-02-20 15:00:00,20.1,0.0,2.3,10.0
466900,2026-02-20 16:00:00,18.7,0.0,3.1,359.0
466900,2026-02-20 17:00:00,18.0,0.0,3.0,17.0
466900,2026-02-20 18:00:00,16.7,0.0,1.9,23.0
466900,2026-02-20 19:00:00,15.8,0.0,0.7,77.0
466900,2026-02-20 20:00:00,15.0,0.0,0.7,83.0
466900,2026-02-20 21:00:00,14.8,0.0,0.6,78.0
466900,2026-02-20 22:00:00,14.6,0.0,0.6,85.0
466900,2026-02-20 23:00:00,14.7,0.0,0.7,80.0
466900,2026-02-21 00:00:00,14.8,0.0,1.7,124.0
466900,2026-02-21 01:00:00,15.4,0.0,1.0,72.0
466900,2026-02-21 02:00:00,15.3,0.0,0.6,60.0
466900,2026-02-21 03:00:00,14.3,0.0,0.0,0.0
466900,2026-02-21 04:00:00,13.9,0.0,1.1,85.0
466900,2026-02-21 05:00:00,13.6,0.0,0.9,105.0
466900,2026-02-21 06:00:00,13.5,0.0,0.7,134.0
466900,2026-02-21 07:00:00,13.7,0.0,0.4,98.0
466900,2026-02-21 08:00:00,16.1,0.0,1.4,149.0
466900,2026-02-21 09:00:00,18.3,0.0,0.9,172.0
466900,2026-02-21 10:00:00,19.6,0.0,1.0,257.0
466900,2026-02-21 11:00:00,21.8,0.0,1.1,321.0
466900,2026-02-21 12:00:00,22.1,0.0,2.8,318.0
466900,2026-02-21 13:00:00,22.7,0.0,1.8,326.0
466900,2026-02-21 14:00:00,21.8,0.0,3.7,324.0
466900,2026-02-21 15:00:00,21.8,0.0,2.6,319.0
466900,2026-02-21 16:00:00,20.7,0.0,1.1,306.0
466900,2026-02-21 17:00:00,19.7,0.0,1.0,291.0
466900,2026-02-21 18:00:00,18.2,0.0,0.4,293.0
466900,2026-02-21 19:00:00,17.6,0.0,0.1,0.0
466900,2026-02-21 20:00:00,16.9,0.0,0.1,0.0
466900,2026-02-21 21:00:00,16.8,0.0,0.2,0.0
466900,2026-02-21 22:00:00,17.1,0.0,2.3,148.0
466900,2026-02-21 23:00:00,17.7,0.0,2.9,141.0
466900,2026-02-22 00:00:00,17.3,0.0,0.6,132.0
466900,2026-02-22 01:00:00,17.5,0.0,2.1,145.0
466900,2026-02-22 02:00:00,17.2,0.0,2.6,148.0
466900,2026-02-22 03:00:00,17.1,0.0,0.8,133.0
466900,2026-02-22 04:00:00,17.7,0.0,2.2,146.0
466900,2026-02-22 05:00:00,17.1,0.0,0.4,137.0
466900,2026-02-22 06:00:00,17.2,0.0,0.7,101.0
466900,2026-02-22 07:00:00,17.0,0.0,0.6,107.0
466900,2026-02-22 08:00:00,18.3,0.0,3.6,169.0
466900,2026-02-22 09:00:00,19.7,0.0,2.3,166.0
466900,2026-02-22 10:00:00,22.6,0.0,2.4,165.0
466900,2026-02-22 11:00:00,23.1,0.0,1.3,278.0
466900,2026-02-22 12:00:00,23.3,0.0,1.4,305.0
466900,2026-02-22 13:00:00,24.2,0.0,1.1,286.0
466900,2026-02-22 14:00:00,24.5,0.0,1.2,295.0
466900,2026-02-22 15:00:00,24.3,0.0,2.2,337.0
466900,2026-02-22 16:00:00,24.0,0.0,1.8,351.0
466900,2026-02-22 17:00:00,22.4,0.0,0.9,282.0
466900,2026-02-22 18:00:00,20.7,0.0,0.2,0.0
466900,2026-02-22 19:00:00,20.5,0.0,0.7,117.0
466900,2026-02-22 20:00:00,19.6,0.0,1.0,93.0
466900,2026-02-22 21:00:00,19.1,0.0,0.9,86.0
466900,2026-02-22 22:00:00,18.4,0.0,1.0,69.0
466900,2026-02-22 23:00:00,18.3,0.0,1.3,84.0
466900,2026-02-23 00:00:00,19.3,0.0,0.9,18.0
466900,2026-02-23 01:00:00,19.1,0.0,1.0,302.0
466900,2026-02-23 02:00:00,18.3,0.0,1.0,34.0
466900,2026-02-23 03:00:00,20.1,0.0,1.5,73.0
466900,2026-02-23 04:00:00,20.1,0.0,2.2,31.0
466900,2026-02-23 05:00:00,19.8,0.0,1.2,118.0
466900,2026-02-23 06:00:00,19.3,0.0,2.2,26.0
466900,2026-02-23 07:00:00,20.5,0.0,1.5,91.0
466900,2026-02-23 08:00:00,21.2,0.0,1.9,46.0
466900,2026-02-23 09:00:00,23.1,0.0,2.2,60.0
466900,2026-02-23 10:00:00,25.4,0.0,4.0,136.0
466900,2026-02-23 11:00:00,26.3,0.0,5.2,135.0
466900,2026-02-23 12:00:00,27.0,0.0,7.3,146.0
466900,2026-02-23 13:00:00,28.8,0.0,6.2,148.0
466900,2026-02-23 14:00:00,29.1,0.0,5.8,149.0
466900,2026-02-23 15:00:00,28.2,0.0,5.7,142.0
466900,2026-02-23 16:00:00,27.6,0.0,6.2,147.0
466900,2026-02-23 17:00:00,26.2,0.0,6.0,153.0
466900,2026-02-23 18:00:00,24.7,0.0,6.9,151.0
466900,2026-02-23 19:00:00,23.9,0.0,6.2,152.0
466900,2026-02-23 20:00:00,23.7,0.0,6.0,154.0
466900,2026-02-23 21:00:00,23.5,0.0,5.9,154.0
466900,2026-02-23 22:00:00,23.3,0.0,5.4,157.0
466900,2026-02-23 23:00:00,23.2,0.0,5.6,156.0
466900,2026-02-24 00:00:00,22.7,0.0,3.7,153.0
466900,2026-02-24 01:00:00,20.3,0.0,1.7,330.0
466900,2026-02-24 02:00:00,19.9,0.0,0.9,326.0
466900,2026-02-24 03:00:00,20.0,0.0,0.8,307.0
466900,2026-02-24 04:00:00,19.3,0.0,0.9,331.0
466900,2026-02-24 05:00:00,19.2,0.0,1.0,313.0
466900,2026-02-24 06:00:00,18.9,0.0,0.5,297.0
466900,2026-02-24 07:00:00,19.1,0.05,1.2,317.0
466900,2026-02-24 08:00:00,19.6,0.05,1.6,327.0
466900,2026-02-24 09:00:00,20.5,0.05,1.1,279.0
466900,2026-02-24 10:00:00,20.9,0.0,2.1,306.0
466900,2026-02-24 11:00:00,21.5,0.0,0.9,280.0
466900,2026-02-24 12:00:00,21.2,0.0,1.7,309.0
466900,2026-02-24 13:00:00,20.9,0.0,0.5,303.0
466900,2026-02-24 14:00:00,21.2,0.0,1.9,317.0
466900,2026-02-24 15:00:00,21.4,0.0,0.4,280.0
466900,2026-02-24 16:00:00,21.0,0.05,0.5,290.0
466900,2026-02-24 17:00:00,20.7,0.05,1.1,311.0
466900,2026-02-24 18:00:00,20.4,0.05,1.4,310.0
466900,2026-02-24 19:00:00,20.1,0.05,1.2,347.0
466900,2026-02-24 20:00:00,19.8,0.05,0.5,308.0
466900,2026-02-24 21:00:00,19.8,0.05,1.2,340.0
466900,2026-02-24 22:00:00,19.9,0.05,0.9,355.0
466900,2026-02-24 23:00:00,19.8,0.05,1.5,9.0
466900,2026-02-25 00:00:00,19.8,0.05,0.1,0.0
466900,2026-02-25 01:00:00,19.7,0.05,1.7,10.0
466900,2026-02-25 02:00:00,18.4,0.05,3.2,24.0
466900,2026-02-25 03:00:00,17.9,0.5,3.0,26.0
466900,2026-02-25 04:00:00,17.3,0.5,2.9,24.0
466900,2026-02-25 05:00:00,16.9,1.5,2.4,27.0
466900,2026-02-25 06:00:00,16.7,1.0,1.8,33.0
466900,2026-02-25 07:00:00,16.8,0.5,1.9,34.0
466900,2026-02-25 08:00:00,17.1,0.05,0.9,70.0
466900,2026-02-25 09:00:00,17.4,0.05,2.1,19.0
466900,2026-02-25 10:00:00,18.1,0.0,2.1,27.0
466900,2026-02-25 11:00:00,18.4,0.5,2.6,23.0
466900,2026-02-25 12:00:00,19.6,0.0,2.9,14.0
466900,2026-02-25 13:00:00,21.6,0.0,2.6,15.0
466900,2026-02-25 14:00:00,19.4,0.0,3.6,22.0
466900,2026-02-25 15:00:00,19.4,0.0,3.1,26.0
466900,2026-02-25 16:00:00,19.5,0.0,2.5,24.0
466900,2026-02-25 17:00:00,18.5,0.0,2.9,18.0
466900,2026-02-25 18:00:00,17.8,0.0,2.5,22.0
466900,2026-02-25 19:00:00,17.8,0.0,1.6,30.0
466900,2026-02-25 20:00:00,18.0,0.0,1.9,12.0
466900,2026-02-25 21:00:00,17.8,0.0,0.2,0.0
466900,2026-02-25 22:00:00,17.7,0.0,0.3,59.0
466900,2026-02-25 23:00:00,17.5,0.0,0.3,99.0
466900,2026-02-26 00:00:00,17.7,0.0,0.7,47.0
466900,2026-02-26 01:00:00,17.2,0.0,0.5,83.0
466900,2026-02-26 02:00:00,16.9,0.0,0.9,85.0
466900,2026-02-26 03:00:00,17.0,0.0,0.8,79.0
466900,2026-02-26 04:00:00,16.9,0.0,0.8,18.0
466900,2026-02-26 05:00:00,16.9,0.0,0.1,0.0
466900,2026-02-26 06:00:00,17.0,0.0,0.3,83.0
466900,2026-02-26 07:00:00,17.6,0.0,0.5,83.0
466900,2026-02-26 08:00:00,19.1,0.0,0.5,131.0
466900,2026-02-26 09:00:00,21.1,0.0,0.4,254.0
466900,2026-02-26 10:00:00,23.4,0.0,4.8,164.0
466900,2026-02-26 11:00:00,23.8,0.0,3.8,164.0
466900,2026-02-26 12:00:00,24.5,0.0,1.1,158.0
466900,2026-02-26 13:00:00,23.8,0.0,1.3,285.0
466900,2026-02-26 14:00:00,23.7,0.0,0.8,258.0
466900,2026-02-26 15:00:00,22.8,0.0,0.9,296.0
466900,2026-02-26 16:00:00,21.7,0.0,2.7,10.0
466900,2026-02-26 17:00:00,20.7,0.0,2.9,12.0
466900,2026-02-26 18:00:00,20.2,0.0,1.3,20.0
466900,2026-02-26 19:00:00,19.9,0.0,0.2,0.0
466900,2026-02-26 20:00:00,20.0,0.0,0.8,305.0
466900,2026-02-26 21:00:00,20.3,0.0,0.2,0.0
466900,2026-02-26 22:00:00,20.4,0.05,0.7,265.0
466900,2026-02-26 23:00:00,20.2,0.0,0.8,308.0
466900,2026-02-27 00:00:00,18.9,0.05,2.1,349.0
466900,2026-02-27 01:00:00,18.2,1.0,0.1,0.0
466900,2026-02-27 02:00:00,18.3,0.05,1.1,163.0
466900,2026-02-27 03:00:00,18.5,11.0,1.1,329.0
466900,2026-02-27 04:00:00,18.6,7.5,0.3,29.0
466900,2026-02-27 05:00:00,18.6,1.0,2.8,147.0
466900,2026-02-27 06:00:00,18.8,1.5,3.4,147.0
466900,2026-02-27 07:00:00,18.8,0.5,3.7,147.0
466900,2026-02-27 08:00:00,18.7,1.5,4.3,146.0
466900,2026-02-27 09:00:00,19.0,0.05,4.1,148.0
466900,2026-02-27 10:00:00,20.1,0.05,0.6,82.0
466900,2026-02-27 11:00:00,23.6,0.0,0.9,281.0
466900,2026-02-27 12:00:00,22.9,0.0,1.8,311.0
466900,2026-02-27 13:00:00,22.8,0.5,2.1,311.0
466900,2026-02-27 14:00:00,21.6,0.0,2.2,31.0
466900,2026-02-27 15:00:00,20.8,0.0,2.7,5.0
466900,2026-02-27 16:00:00,20.0,0.0,3.2,21.0
466900,2026-02-27 17:00:00,19.0,0.0,2.6,17.0
466900,2026-02-27 18:00:00,18.3,0.0,3.2,27.0
466900,2026-02-27 19:00:00,18.0,0.0,3.4,17.0
466900,2026-02-27 20:00:00,18.3,0.05,2.2,24.0
466900,2026-02-27 21:00:00,18.0,0.05,2.2,23.0
466900,2026-02-27 22:00:00,18.0,0.05,2.3,17.0
466900,2026-02-27 23:00:00,18.3,0.0,1.3,59.0
466900,2026-02-28 00:00:00,17.8,0.0,2.0,30.0
466900,2026-02-28 01:00:00,17.7,0.0,1.6,28.0
466900,2026-02-28 02:00:00,17.9,0.0,1.2,71.0
466900,2026-02-28 03:00:00,17.8,0.0,1.8,25.0
466900,2026-02-28 04:00:00,17.8,0.0,2.0,8.0
466900,2026-02-28 05:00:00,17.9,0.0,0.6,45.0
466900,2026-02-28 06:00:00,17.7,0.0,0.3,58.0
466900,2026-02-28 07:00:00,17.5,0.0,0.4,341.0
466900,2026-02-28 08:00:00,18.8,0.0,1.0,10.0
466900,2026-02-28 09:00:00,19.6,0.0,1.0,353.0
466900,2026-02-28 10:00:00,20.4,0.0,1.4,357.0
466900,2026-02-28 11:00:00,21.4,0.0,0.5,247.0
466900,2026-02-28 12:00:00,21.5,0.0,0.9,119.0
466900,2026-02-28 13:00:00,21.2,0.0,1.0,21.0
466900,2026-02-28 14:00:00,21.7,0.0,1.1,299.0
466900,2026-02-28 15:00:00,21.5,0.0,3.8,165.0
466900,2026-02-28 16:00:00,21.0,0.05,3.1,165.0
466900,2026-02-28 17:00:00,20.6,0.05,0.1,0.0
466900,2026-02-28 18:00:00,20.3,0.05,2.7,164.0
466900,2026-02-28 19:00:00,19.6,0.05,0.3,102.0
466900,2026-02-28 20:00:00,19.3,0.05,0.4,71.0
466900,2026-02-28 21:00:00,19.2,0.5,0.2,0.0
466900,2026-02-28 22:00:00,19.1,0.05,0.3,27.0
466900,2026-02-28 23:00:00,19.2,0.05,0.3,35.0
466900,2026-03-01 00:00:00,19.4,0.05,0.7,42.0
466900,2026-03-01 01:00:00,19.6,0.05,1.0,136.0
466900,2026-03-01 02:00:00,19.7,0.5,1.8,130.0
466900,2026-03-01 03:00:00,19.4,0.05,1.1,93.0
466900,2026-03-01 04:00:00,19.4,0.0,1.1,40.0
466900,2026-03-01 05:00:00,19.3,0.05,0.9,97.0
466900,2026-03-01 06:00:00,19.5,1.0,4.1,157.0
466900,2026-03-01 07:00:00,19.4,2.5,1.8,147.0
466900,2026-03-01 08:00:00,20.6,0.5,8.2,153.0
466900,2026-03-01 09:00:00,20.7,1.0,6.5,157.0
466900,2026-03-01 10:00:00,22.0,0.05,3.1,138.0
466900,2026-03-01 11:00:00,24.5,0.0,5.8,153.0
466900,2026-03-01 12:00:00,25.9,0.0,4.6,158.0
466900,2026-03-01 13:00:00,23.9,0.0,1.4,306.0
466900,2026-03-01 14:00:00,23.7,0.0,1.8,325.0
466900,2026-03-01 15:00:00,22.6,0.05,2.2,310.0
466900,2026-03-01 16:00:00,22.4,0.05,1.9,323.0
466900,2026-03-01 17:00:00,22.0,0.0,1.3,322.0
466900,2026-03-01 18:00:00,21.5,0.0,1.2,312.0
466900,2026-03-01 19:00:00,21.3,0.0,1.0,323.0
466900,2026-03-01 20:00:00,21.3,0.0,1.0,329.0
466900,2026-03-01 21:00:00,21.2,0.0,0.6,314.0
466900,2026-03-01 22:00:00,20.9,0.05,1.5,315.0
466900,2026-03-01 23:00:00,20.7,0.0,1.6,314.0
466900,2026-03-02 00:00:00,20.2,4.0,2.6,303.0
466900,2026-03-02 01:00:00,19.9,3.5,1.6,305.0
466900,2026-03-02 02:00:00,19.4,0.5,0.1,0.0
466900,2026-03-02 03:00:00,19.4,4.5,2.1,169.0
466900,2026-03-02 04:00:00,19.7,2.5,2.5,150.0
466900,2026-03-02 05:00:00,19.8,0.0,2.3,156.0
466900,2026-03-02 06:00:00,19.7,0.0,3.5,143.0
466900,2026-03-02 07:00:00,19.8,0.0,2.3,150.0
466900,2026-03-02 08:00:00,20.7,0.0,0.6,97.0
466900,2026-03-02 09:00:00,22.6,0.0,0.7,147.0
466900,2026-03-02 10:00:00,23.6,0.0,1.8,313.0
466900,2026-03-02 11:00:00,22.8,0.0,1.8,315.0
466900,2026-03-02 12:00:00,22.0,0.0,1.4,334.0
466900,2026-03-02 13:00:00,22.4,0.0,1.8,307.0
466900,2026-03-02 14:00:00,22.7,0.0,1.6,318.0
466900,2026-03-02 15:00:00,22.8,0.0,1.6,320.0
466900,2026-03-02 16:00:00,21.3,0.0,2.9,23.0
466900,2026-03-02 17:00:00,21.1,0.0,1.0,15.0
466900,2026-03-02 18:00:00,21.2,0.0,2.2,16.0
466900,2026-03-02 19:00:00,21.5,0.0,0.7,359.0
466900,2026-03-02 20:00:00,21.3,0.0,1.4,28.0
466900,2026-03-02 21:00:00,20.8,0.0,3.0,23.0
466900,2026-03-02 22:00:00,20.6,0.05,2.5,33.0
466900,2026-03-02 23:00:00,19.8,0.0,3.7,25.0
466900,2026-03-03 00:00:00,18.6,0.05,4.6,22.0
466900,2026-03-03 01:00:00,18.3,0.0,4.0,23.0
466900,2026-03-03 02:00:00,17.4,0.05,3.6,23.0
466900,2026-03-03 03:00:00,17.0,0.0,3.0,33.0
466900,2026-03-03 04:00:00,16.5,0.0,3.1,30.0
466900,2026-03-03 05:00:00,16.0,0.0,4.0,28.0
466900,2026-03-03 06:00:00,15.9,0.0,2.8,33.0
466900,2026-03-03 07:00:00,15.8,0.05,3.5,23.0
466900,2026-03-03 08:00:00,15.7,0.0,3.2,33.0
466900,2026-03-03 09:00:00,14.9,0.05,0.7,90.0
466900,2026-03-03 10:00:00,15.2,0.5,1.0,34.0
466900,2026-03-03 11:00:00,15.1,0.05,1.9,30.0
466900,2026-03-03 12:00:00,15.6,0.05,1.3,41.0
466900,2026-03-03 13:00:00,15.9,0.05,3.0,23.0
466900,2026-03-03 14:00:00,15.9,0.05,2.7,19.0
466900,2026-03-03 15:00:00,15.7,0.05,3.7,21.0
466900,2026-03-03 16:00:00,15.6,0.0,3.1,22.0
466900,2026-03-03 17:00:00,15.5,0.0,3.4,22.0
466900,2026-03-03 18:00:00,15.1,0.05,3.1,27.0
466900,2026-03-03 19:00:00,15.2,0.05,1.7,31.0
466900,2026-03-03 20:00:00,15.3,0.05,1.1,62.0
466900,2026-03-03 21:00:00,15.3,0.05,1.4,70.0
466900,2026-03-03 22:00:00,15.1,0.05,1.4,63.0
466900,2026-03-03 23:00:00,15.3,0.05,2.1,31.0
466900,2026-03-04 00:00:00,15.5,0.0,2.7,30.0
466900,2026-03-04 01:00:00,15.8,0.0,1.7,39.0
466900,2026-03-04 02:00:00,15.7,0.0,1.6,41.0
466900,2026-03-04 03:00:00,15.8,0.0,2.3,54.0
466900,2026-03-04 04:00:00,15.7,0.0,1.7,43.0
466900,2026-03-04 05:00:00,15.7,0.05,2.0,51.0
466900,2026-03-04 06:00:00,15.4,0.05,1.8,346.0
466900,2026-03-04 07:00:00,15.5,0.0,0.6,169.0
466900,2026-03-04 08:00:00,15.3,0.5,2.1,32.0
466900,2026-03-04 09:00:00,15.0,1.5,1.2,55.0
466900,2026-03-04 10:00:00,15.4,1.0,1.1,5.0
466900,2026-03-04 11:00:00,15.6,0.05,0.6,24.0
466900,2026-03-04 12:00:00,16.0,1.0,0.4,284.0
466900,2026-03-04 13:00:00,17.4,0.5,0.9,274.0
466900,2026-03-04 14:00:00,17.3,0.0,1.1,33.0
466900,2026-03-04 15:00:00,17.2,0.0,0.6,25.0
466900,2026-03-04 16:00:00,17.5,0.0,1.1,343.0
466900,2026-03-04 17:00:00,17.2,0.0,1.4,317.0
466900,2026-03-04 18:00:00,16.9,0.05,0.5,309.0
466900,2026-03-04 19:00:00,17.2,0.05,0.8,139.0
466900,2026-03-04 20:00:00,17.0,0.05,0.5,65.0
466900,2026-03-04 21:00:00,16.9,1.0,0.5,120.0
466900,2026-03-04 22:00:00,17.1,0.05,1.0,18.0
466900,2026-03-04 23:00:00,17.2,0.05,0.5,302.0
466900,2026-03-05 00:00:00,17.2,0.5,0.9,20.0
466900,2026-03-05 01:00:00,17.2,0.0,0.4,1.0
466900,2026-03-05 02:00:00,17.2,0.0,0.5,31.0
466900,2026-03-05 03:00:00,17.6,0.05,0.6,31.0
466900,2026-03-05 04:00:00,17.7,5.5,0.9,149.0
466900,2026-03-05 05:00:00,17.7,0.5,1.2,66.0
466900,2026-03-05 06:00:00,18.9,0.0,1.8,132.0
466900,2026-03-05 07:00:00,20.1,0.05,3.5,144.0
466900,2026-03-05 08:00:00,19.6,0.5,5.2,148.0
466900,2026-03-05 09:00:00,20.2,0.5,3.1,146.0
466900,2026-03-05 10:00:00,20.7,0.05,4.2,155.0
466900,2026-03-05 11:00:00,21.7,0.0,4.7,159.0
466900,2026-03-05 12:00:00,22.9,0.05,5.2,159.0
466900,2026-03-05 13:00:00,22.8,0.0,4.1,151.0
466900,2026-03-05 14:00:00,22.9,0.0,3.4,146.0
466900,2026-03-05 15:00:00,23.1,0.0,3.1,144.0
466900,2026-03-05 16:00:00,22.8,0.05,0.6,172.0
466900,2026-03-05 17:00:00,22.1,0.0,2.2,155.0
466900,2026-03-05 18:00:00,21.2,0.05,0.6,109.0
466900,2026-03-05 19:00:00,19.7,0.0,0.9,104.0
466900,2026-03-05 20:00:00,20.0,0.0,2.6,139.0
466900,2026-03-05 21:00:00,19.2,0.0,1.2,124.0
466900,2026-03-05 22:00:00,18.8,0.0,0.3,36.0
466900,2026-03-05 23:00:00,18.5,0.0,0.9,112.0
466900,2026-03-06 00:00:00,18.9,0.0,1.0,134.0
466900,2026-03-06 01:00:00,19.6,0.0,1.4,140.0
466900,2026-03-06 02:00:00,19.4,0.0,0.8,165.0
466900,2026-03-06 03:00:00,19.1,0.05,2.2,15.0
466900,2026-03-06 04:00:00,18.2,0.5,3.4,16.0
466900,2026-03-06 05:00:00,17.9,0.05,2.1,15.0
466900,2026-03-06 06:00:00,17.7,0.05,3.7,15.0
466900,2026-03-06 07:00:00,17.1,0.05,3.6,17.0
466900,2026-03-06 08:00:00,16.8,0.5,4.3,14.0
466900,2026-03-06 09:00:00,17.5,0.05,4.1,17.0
466900,2026-03-06 10:00:00,16.9,0.05,4.2,21.0
466900,2026-03-06 11:00:00,16.5,0.05,4.8,17.0
466900,2026-03-06 12:00:00,16.7,0.05,4.6,19.0
466900,2026-03-06 13:00:00,16.0,0.05,4.6,18.0
466900,2026-03-06 14:00:00,16.4,0.05,5.4,18.0
466900,2026-03-06 15:00:00,16.0,0.05,5.1,20.0
466900,2026-03-06 16:00:00,15.3,0.05,5.0,18.0
466900,2026-03-06 17:00:00,14.8,0.05,5.2,25.0
466900,2026-03-06 18:00:00,14.8,0.05,2.7,12.0
466900,2026-03-06 19:00:00,15.0,0.05,2.4,22.0
466900,2026-03-06 20:00:00,15.0,0.05,2.8,25.0
466900,2026-03-06 21:00:00,15.4,0.05,3.6,25.0
466900,2026-03-06 22:00:00,15.4,0.05,1.6,35.0
466900,2026-03-06 23:00:00,15.5,0.5,2.3,56.0
466900,2026-03-07 00:00:00,15.4,0.0,2.1,38.0
466900,2026-03-07 01:00:00,15.4,0.0,2.5,48.0
466900,2026-03-07 02:00:00,15.6,0.0,1.9,35.0
466900,2026-03-07 03:00:00,15.5,0.0,1.2,89.0
466900,2026-03-07 04:00:00,15.4,0.0,1.5,55.0
466900,2026-03-07 05:00:00,15.2,0.0,1.9,60.0
466900,2026-03-07 06:00:00,15.1,0.0,3.0,37.0
466900,2026-03-07 07:00:00,14.8,0.0,2.6,38.0
466900,2026-03-07 08:00:00,15.1,0.0,2.6,31.0
466900,2026-03-07 09:00:00,15.5,0.0,2.7,40.0
466900,2026-03-07 10:00:00,15.9,0.0,2.9,25.0
466900,2026-03-07 11:00:00,16.2,0.0,3.8,35.0
466900,2026-03-07 12:00:00,16.3,0.0,2.9,36.0
466900,2026-03-07 13:00:00,16.4,0.0,3.7,28.0
466900,2026-03-07 14:00:00,16.3,0.0,3.6,30.0
466900,2026-03-07 15:00:00,15.6,0.0,4.2,27.0
466900,2026-03-07 16:00:00,15.6,0.0,2.9,43.0
466900,2026-03-07 17:00:00,15.1,0.0,2.9,38.0
466900,2026-03-07 18:00:00,14.8,0.0,2.8,38.0
466900,2026-03-07 19:00:00,14.8,0.0,3.0,32.0
466900,2026-03-07 20:00:00,15.1,0.0,2.9,43.0
466900,2026-03-07 21:00:00,15.3,0.0,2.1,54.0
466900,2026-03-07 22:00:00,15.3,0.0,1.9,13.0
466900,2026-03-07 23:00:00,15.5,0.0,1.3,360.0
466900,2026-03-08 00:00:00,15.2,0.0,2.2,49.0
466900,2026-03-08 01:00:00,15.2,0.0,1.9,63.0
466900,2026-03-08 02:00:00,15.4,0.0,1.4,64.0
466900,2026-03-08 03:00:00,15.5,0.0,2.8,317.0
466900,2026-03-08 04:00:00,15.3,0.0,0.9,301.0
466900,2026-03-08 05:00:00,15.8,0.0,1.9,318.0
466900,2026-03-08 06:00:00,16.2,0.0,1.6,39.0
466900,2026-03-08 07:00:00,16.5,0.0,1.5,356.0
466900,2026-03-08 08:00:00,17.2,0.0,1.6,330.0
466900,2026-03-08 09:00:00,18.2,0.0,2.3,360.0
466900,2026-03-08 10:00:00,18.7,0.0,3.9,18.0
466900,2026-03-08 11:00:00,19.6,0.0,3.1,20.0
466900,2026-03-08 12:00:00,19.0,0.0,3.7,32.0
466900,2026-03-08 13:00:00,18.5,0.0,3.7,31.0
466900,2026-03-08 14:00:00,19.1,0.0,3.0,25.0
466900,2026-03-08 15:00:00,18.1,0.0,4.6,22.0
466900,2026-03-08 16:00:00,17.9,0.0,2.7,29.0
466900,2026-03-08 17:00:00,16.9,0.0,2.6,20.0
466900,2026-03-08 18:00:00,16.4,0.0,2.2,22.0
466900,2026-03-08 19:00:00,16.6,0.0,1.4,72.0
466900,2026-03-08 20:00:00,16.9,0.0,1.2,27.0
466900,2026-03-08 21:00:00,17.0,0.0,2.3,36.0
466900,2026-03-08 22:00:00,16.9,0.0,1.1,69.0
466900,2026-03-08 23:00:00,17.0,0.0,1.8,39.0
466900,2026-03-09 00:00:00,17.1,0.0,1.5,31.0
466900,2026-03-09 01:00:00,17.0,0.0,2.1,21.0
466900,2026-03-09 02:00:00,16.9,0.0,2.1,18.0
466900,2026-03-09 03:00:00,16.5,0.0,2.7,21.0
466900,2026-03-09 04:00:00,16.0,0.05,4.4,27.0
466900,2026-03-09 05:00:00,15.9,0.05,4.1,21.0
466900,2026-03-09 06:00:00,15.6,0.05,4.1,16.0
466900,2026-03-09 07:00:00,15.5,0.05,3.8,24.0
466900,2026-03-09 08:00:00,16.0,0.0,2.2,25.0
466900,2026-03-09 09:00:00,16.2,0.0,3.2,29.0
466900,2026-03-09 10:00:00,16.3,0.0,3.8,24.0
466900,2026-03-09 11:00:00,15.6,0.05,3.0,34.0
466900,2026-03-09 12:00:00,15.6,0.0,4.3,21.0
466900,2026-03-09 13:00:00,15.0,0.05,4.4,21.0
466900,2026-03-09 14:00:00,14.7,0.05,3.7,22.0
466900,2026-03-09 15:00:00,14.3,0.05,2.6,19.0
466900,2026-03-09 16:00:00,13.8,0.05,3.0,20.0
466900,2026-03-09 17:00:00,13.4,0.05,2.8,21.0
466900,2026-03-09 18:00:00,13.3,0.05,3.2,19.0
466900,2026-03-09 19:00:00,13.1,0.05,2.6,25.0
466900,2026-03-09 20:00:00,13.0,0.5,3.2,17.0
466900,2026-03-09 21:00:00,12.7,0.05,3.4,23.0
466900,2026-03-09 22:00:00,12.8,0.05,2.1,23.0
466900,2026-03-09 23:00:00,12.6,0.5,2.2,11.0
466900,2026-03-10 00:00:00,12.9,0.05,2.0,31.0
466900,2026-03-10 01:00:00,13.3,0.05,2.3,20.0
466900,2026-03-10 02:00:00,13.2,0.05,2.0,31.0
466900,2026-03-10 03:00:00,13.2,0.05,2.7,26.0
466900,2026-03-10 04:00:00,12.8,0.05,2.7,29.0
466900,2026-03-10 05:00:00,11.8,1.5,1.4,43.0
466900,2026-03-10 06:00:00,11.8,1.0,0.8,63.0
466900,2026-03-10 07:00:00,11.7,1.0,1.0,102.0
466900,2026-03-10 08:00:00,12.0,0.5,0.9,359.0
466900,2026-03-10 09:00:00,12.2,1.0,1.1,99.0
466900,2026-03-10 10:00:00,12.5,0.5,1.0,111.0
466900,2026-03-10 11:00:00,12.9,0.5,1.3,73.0
466900,2026-03-10 12:00:00,12.9,0.05,1.8,40.0
466900,2026-03-10 13:00:00,13.0,0.05,1.8,56.0
466900,2026-03-10 14:00:00,13.1,0.05,1.8,140.0
466900,2026-03-10 15:00:00,13.7,0.0,1.2,63.0
466900,2026-03-10 16:00:00,13.7,0.0,1.1,46.0
466900,2026-03-10 17:00:00,13.4,0.0,2.0,32.0
466900,2026-03-10 18:00:00,13.4,0.0,2.6,22.0
466900,2026-03-10 19:00:00,13.4,0.0,1.9,35.0
466900,2026-03-10 20:00:00,13.4,0.0,0.9,43.0
466900,2026-03-10 21:00:00,13.3,0.0,0.5,96.0
466900,2026-03-10 22:00:00,12.3,0.0,0.6,112.0
466900,2026-03-10 23:00:00,12.2,0.0,0.2,0.0
466900,2026-03-11 00:00:00,12.5,0.0,0.6,134.0
466900,2026-03-11 01:00:00,13.8,0.0,1.0,116.0
466900,2026-03-11 02:00:00,14.2,0.0,1.2,51.0
466900,2026-03-11 03:00:00,14.2,0.0,1.2,58.0
466900,2026-03-11 04:00:00,14.0,0.0,0.5,19.0
466900,2026-03-11 05:00:00,13.7,0.0,1.6,35.0
466900,2026-03-11 06:00:00,13.0,0.0,0.8,81.0
466900,2026-03-11 07:00:00,12.4,0.0,0.7,81.0
466900,2026-03-11 08:00:00,13.9,0.0,0.5,116.0
466900,2026-03-11 09:00:00,16.7,0.0,1.7,75.0
466900,2026-03-11 10:00:00,18.0,0.0,2.1,39.0
466900,2026-03-11 11:00:00,18.7,0.0,3.5,14.0
466900,2026-03-11 12:00:00,19.7,0.0,2.9,26.0
466900,2026-03-11 13:00:00,19.4,0.0,3.5,16.0
466900,2026-03-11 14:00:00,19.7,0.0,4.3,15.0
466900,2026-03-11 15:00:00,19.5,0.0,3.0,21.0
466900,2026-03-11 16:00:00,19.6,0.0,2.6,23.0
466900,2026-03-11 17:00:00,18.1,0.0,2.1,13.0
466900,2026-03-11 18:00:00,16.0,0.0,0.9,1.0
466900,2026-03-11 19:00:00,14.4,0.0,0.6,82.0
466900,2026-03-11 20:00:00,13.4,0.0,1.0,86.0
466900,2026-03-11 21:00:00,13.0,0.0,0.8,70.0
466900,2026-03-11 22:00:00,12.5,0.0,0.9,97.0
466900,2026-03-11 23:00:00,12.8,0.0,0.8,70.0
466900,2026-03-12 00:00:00,12.3,0.0,0.5,66.0
466900,2026-03-12 01:00:00,12.0,0.0,0.9,56.0
466900,2026-03-12 02:00:00,12.0,0.0,0.6,64.0
466900,2026-03-12 03:00:00,13.7,0.0,2.0,35.0
466900,2026-03-12 04:00:00,14.6,0.0,1.9,28.0
466900,2026-03-12 05:00:00,14.7,0.0,1.5,25.0
466900,2026-03-12 06:00:00,14.5,0.0,2.1,25.0
466900,2026-03-12 07:00:00,14.7,0.0,2.1,14.0
466900,2026-03-12 08:00:00,16.5,0.0,2.1,27.0
466900,2026-03-12 09:00:00,17.6,0.0,3.2,4.0
466900,2026-03-12 10:00:00,16.9,0.0,3.6,16.0
466900,2026-03-12 11:00:00,17.4,0.0,3.3,13.0
466900,2026-03-12 12:00:00,17.6,0.0,3.6,15.0
466900,2026-03-12 13:00:00,17.5,0.0,2.9,9.0
466900,2026-03-12 14:00:00,17.8,0.0,3.3,20.0
466900,2026-03-12 15:00:00,17.7,0.0,3.5,32.0
466900,2026-03-12 16:00:00,16.2,0.0,3.2,29.0
466900,2026-03-12 17:00:00,15.6,0.0,3.6,22.0
466900,2026-03-12 18:00:00,14.3,0.0,2.3,9.0
466900,2026-03-12 19:00:00,13.2,0.0,0.7,298.0
466900,2026-03-12 20:00:00,13.4,0.0,0.3,34.0
466900,2026-03-12 21:00:00,12.0,0.0,0.3,142.0
466900,2026-03-12 22:00:00,12.0,0.0,0.4,124.0
466900,2026-03-12 23:00:00,11.8,0.0,0.4,60.0
466900,2026-03-13 00:00:00,13.1,0.0,1.0,53.0
466900,2026-03-13 01:00:00,13.0,0.0,0.5,67.0
466900,2026-03-13 02:00:00,11.8,0.0,0.2,0.0
466900,2026-03-13 03:00:00,10.3,0.0,0.5,117.0
466900,2026-03-13 04:00:00,10.9,0.0,0.7,132.0
466900,2026-03-13 05:00:00,11.3,0.0,0.6,116.0
466900,2026-03-13 06:00:00,12.2,0.0,0.5,116.0
466900,2026-03-13 07:00:00,12.7,0.0,0.2,0.0
466900,2026-03-13 08:00:00,13.7,0.0,0.9,117.0
466900,2026-03-13 09:00:00,14.9,0.0,2.3,32.0
466900,2026-03-13 10:00:00,15.8,0.0,1.6,39.0
466900,2026-03-13 11:00:00,16.3,0.0,2.7,39.0
466900,2026-03-13 12:00:00,17.1,0.0,3.4,36.0
466900,2026-03-13 13:00:00,18.3,0.0,2.1,33.0
466900,2026-03-13 14:00:00,18.0,0.0,3.4,28.0
466900,2026-03-13 15:00:00,17.7,0.0,4.1,17.0
466900,2026-03-13 16:00:00,16.8,0.0,2.4,37.0
466900,2026-03-13 17:00:00,16.2,0.0,1.8,35.0
466900,2026-03-13 18:00:00,15.0,0.0,1.1,56.0
466900,2026-03-13 19:00:00,13.2,0.0,0.4,78.0
466900,2026-03-13 20:00:00,12.4,0.0,1.2,334.0
466900,2026-03-13 21:00:00,12.5,0.0,0.8,75.0
466900,2026-03-13 22:00:00,14.0,0.0,2.0,136.0
466900,2026-03-13 23:00:00,13.7,0.0,1.1,48.0
466900,2026-03-14 00:00:00,12.6,0.0,1.2,125.0
466900,2026-03-14 01:00:00,15.0,0.0,3.4,146.0
466900,2026-03-14 02:00:00,15.5,0.0,3.7,141.0
466900,2026-03-14 03:00:00,15.7,0.0,4.3,149.0
466900,2026-03-14 04:00:00,15.2,0.0,1.1,85.0
466900,2026-03-14 05:00:00,15.2,0.0,1.8,139.0
466900,2026-03-14 06:00:00,15.0,0.0,1.0,111.0
466900,2026-03-14 07:00:00,14.8,0.0,1.5,131.0
466900,2026-03-14 08:00:00,17.1,0.0,0.8,131.0
466900,2026-03-14 09:00:00,19.3,0.0,1.8,110.0
466900,2026-03-14 10:00:00,20.4,0.0,1.8,112.0
466900,2026-03-14 11:00:00,21.3,0.0,3.6,139.0
466900,2026-03-14 12:00:00,21.6,0.0,2.0,63.0
466900,2026-03-14 13:00:00,22.1,0.0,2.1,88.0
466900,2026-03-14 14:00:00,22.1,0.0,2.2,75.0
466900,2026-03-14 15:00:00,21.9,0.0,1.3,67.0
466900,2026-03-14 16:00:00,20.7,0.0,2.0,45.0
466900,2026-03-14 17:00:00,19.7,0.0,1.3,360.0
466900,2026-03-14 18:00:00,18.2,0.0,1.4,100.0
466900,2026-03-14 19:00:00,18.1,0.0,2.3,127.0
466900,2026-03-14 20:00:00,17.7,0.0,3.7,136.0
466900,2026-03-14 21:00:00,18.1,0.0,1.9,126.0
466900,2026-03-14 22:00:00,17.7,0.0,3.0,134.0
466900,2026-03-14 23:00:00,17.8,0.0,4.1,142.0
466900,2026-03-15 00:00:00,17.9,0.0,3.8,138.0
466900,2026-03-15 01:00:00,17.8,0.0,2.5,144.0
466900,2026-03-15 02:00:00,17.0,0.0,1.0,117.0
466900,2026-03-15 03:00:00,17.7,0.0,1.1,118.0
466900,2026-03-15 04:00:00,17.1,0.0,1.3,111.0
466900,2026-03-15 05:00:00,16.6,0.0,0.9,50.0
466900,2026-03-15 06:00:00,15.6,0.0,0.8,70.0
466900,2026-03-15 07:00:00,15.2,0.0,0.8,105.0
466900,2026-03-15 08:00:00,17.8,0.0,0.7,141.0
466900,2026-03-15 09:00:00,20.6,0.0,1.7,165.0
466900,2026-03-15 10:00:00,23.2,0.0,2.7,146.0
466900,2026-03-15 11:00:00,24.2,0.0,2.7,124.0
466900,2026-03-15 12:00:00,25.4,0.0,1.6,93.0
466900,2026-03-15 13:00:00,25.7,0.0,1.9,80.0
466900,2026-03-15 14:00:00,25.9,0.0,2.3,135.0
466900,2026-03-15 15:00:00,25.7,0.0,1.3,86.0
466900,2026-03-15 16:00:00,24.7,0.0,1.3,92.0
466900,2026-03-15 17:00:00,22.5,0.0,1.5,357.0
466900,2026-03-15 18:00:00,21.5,0.0,2.5,139.0
466900,2026-03-15 19:00:00,21.4,0.0,2.1,145.0
466900,2026-03-15 20:00:00,20.6,0.0,3.2,142.0
466900,2026-03-15 21:00:00,20.9,0.0,1.7,122.0
466900,2026-03-15 22:00:00,20.3,0.0,1.2,89.0
466900,2026-03-15 23:00:00,19.8,0.0,0.7,42.0
466900,2026-03-16 00:00:00,20.5,0.0,2.2,135.0
466900,2026-03-16 01:00:00,20.1,0.0,1.3,136.0
466900,2026-03-16 02:00:00,20.4,0.0,1.0,126.0
466900,2026-03-16 03:00:00,18.6,0.0,0.4,92.0
466900,2026-03-16 04:00:00,17.1,0.0,0.1,0.0
466900,2026-03-16 05:00:00,17.6,0.0,0.7,46.0
466900,2026-03-16 06:00:00,18.9,0.0,0.9,59.0
466900,2026-03-16 07:00:00,19.3,0.0,0.7,55.0
466900,2026-03-16 08:00:00,21.2,0.0,1.0,61.0
466900,2026-03-16 09:00:00,23.0,0.0,1.5,113.0
466900,2026-03-16 10:00:00,24.1,0.0,3.6,146.0
466900,2026-03-16 11:00:00,24.8,0.0,3.3,136.0
466900,2026-03-16 12:00:00,26.4,0.0,3.4,151.0
466900,2026-03-16 13:00:00,26.6,0.0,3.3,148.0
466900,2026-03-16 14:00:00,26.8,0.0,3.2,154.0
466900,2026-03-16 15:00:00,25.6,0.0,1.8,220.0
466900,2026-03-16 16:00:00,24.4,0.0,1.8,266.0
466900,2026-03-16 17:00:00,22.7,0.0,0.7,274.0
466900,2026-03-16 18:00:00,21.1,0.0,1.4,324.0
466900,2026-03-16 19:00:00,20.4,0.0,0.5,259.0
466900,2026-03-16 20:00:00,20.1,0.0,2.2,161.0
466900,2026-03-16 21:00:00,20.3,0.0,2.1,155.0
466900,2026-03-16 22:00:00,20.0,0.0,2.4,157.0
466900,2026-03-16 23:00:00,19.5,0.0,2.8,149.0
466900,2026-03-17 00:00:00,19.3,0.0,2.5,152.0
466900,2026-03-17 01:00:00,19.6,0.0,2.2,156.0
466900,2026-03-17 02:00:00,19.9,0.0,2.6,160.0
466900,2026-03-17 03:00:00,19.9,0.0,2.4,150.0
466900,2026-03-17 04:00:00,19.6,0.0,2.6,164.0
466900,2026-03-17 05:00:00,17.5,0.0,1.9,142.0
466900,2026-03-17 06:00:00,17.6,0.0,1.8,140.0
466900,2026-03-17 07:00:00,17.7,0.0,0.6,293.0
466900,2026-03-17 08:00:00,18.1,0.0,1.1,307.0
466900,2026-03-17 09:00:00,19.9,0.0,1.1,305.0
466900,2026-03-17 10:00:00,21.2,0.0,1.9,305.0
466900,2026-03-17 11:00:00,21.7,0.0,1.7,307.0
466900,2026-03-17 12:00:00,20.7,0.0,2.3,308.0
466900,2026-03-17 13:00:00,22.0,0.0,1.6,310.0
466900,2026-03-17 14:00:00,20.8,0.0,2.8,312.0
466900,2026-03-17 15:00:00,20.7,0.0,2.4,305.0
466900,2026-03-17 16:00:00,19.9,0.0,2.6,305.0
466900,2026-03-17 17:00:00,19.0,0.0,2.2,309.0
466900,2026-03-17 18:00:00,18.2,0.0,1.2,310.0
466900,2026-03-17 19:00:00,18.0,0.0,0.7,307.0
466900,2026-03-17 20:00:00,17.9,0.0,0.1,0.0
466900,2026-03-17 21:00:00,17.5,0.0,0.8,136.0
466900,2026-03-17 22:00:00,17.6,0.0,0.6,91.0
466900,2026-03-17 23:00:00,18.0,0.0,1.8,143.0
466900,2026-03-18 00:00:00,17.9,0.0,1.6,139.0
466900,2026-03-18 01:00:00,16.9,0.0,0.4,124.0
466900,2026-03-18 02:00:00,16.8,0.0,0.5,250.0
466900,2026-03-18 03:00:00,16.4,0.0,0.4,88.0
466900,2026-03-18 04:00:00,16.8,0.0,2.7,147.0
466900,2026-03-18 05:00:00,17.3,0.0,3.0,144.0
466900,2026-03-18 06:00:00,16.9,0.0,1.6,139.0
466900,2026-03-18 07:00:00,17.8,0.0,3.2,147.0
466900,2026-03-18 08:00:00,19.8,0.0,2.8,158.0
466900,2026-03-18 09:00:00,19.9,0.0,0.9,302.0
466900,2026-03-18 10:00:00,21.8,0.0,0.5,318.0
466900,2026-03-18 11:00:00,23.3,0.0,1.1,309.0
466900,2026-03-18 12:00:00,24.1,0.0,2.0,306.0
466900,2026-03-18 13:00:00,25.2,0.0,1.8,320.0
466900,2026-03-18 14:00:00,23.9,0.0,2.6,314.0
466900,2026-03-18 15:00:00,23.8,0.0,3.2,307.0
466900,2026-03-18 16:00:00,22.5,0.0,1.5,302.0
466900,2026-03-18 17:00:00,22.4,0.0,1.0,313.0
466900,2026-03-18 18:00:00,21.8,0.0,1.1,329.0
466900,2026-03-18 19:00:00,21.7,0.0,0.2,0.0
466900,2026-03-18 20:00:00,22.4,0.0,2.3,156.0
466900,2026-03-18 21:00:00,20.8,0.0,2.4,143.0
466900,2026-03-18 22:00:00,20.5,0.0,2.6,142.0
466900,2026-03-18 23:00:00,20.4,0.0,2.8,145.0
466900,2026-03-19 00:00:00,20.2,0.0,1.7,147.0
466900,2026-03-19 01:00:00,20.1,0.0,3.0,145.0
466900,2026-03-19 02:00:00,19.4,0.0,1.0,114.0
466900,2026-03-19 03:00:00,19.8,0.0,1.2,21.0
466900,2026-03-19 04:00:00,19.4,0.0,1.3,304.0
466900,2026-03-19 05:00:00,19.7,0.0,0.7,298.0
466900,2026-03-19 06:00:00,19.0,0.0,2.8,27.0
466900,2026-03-19 07:00:00,18.5,0.0,3.0,25.0
466900,2026-03-19 08:00:00,18.5,0.0,3.4,21.0
466900,2026-03-19 09:00:00,19.0,0.0,2.2,24.0
466900,2026-03-19 10:00:00,18.4,0.0,3.8,21.0
466900,2026-03-19 11:00:00,19.1,0.0,4.1,19.0
466900,2026-03-19 12:00:00,18.9,0.0,4.0,5.0
466900,2026-03-19 13:00:00,18.8,0.0,3.8,17.0
466900,2026-03-19 14:00:00,18.4,0.0,3.8,21.0
466900,2026-03-19 15:00:00,18.2,0.0,3.4,21.0
466900,2026-03-19 16:00:00,18.2,0.0,2.1,26.0
466900,2026-03-19 17:00:00,18.0,0.0,2.0,14.0
466900,2026-03-19 18:00:00,18.0,0.0,2.8,8.0
466900,2026-03-19 19:00:00,17.8,0.0,2.1,24.0
466900,2026-03-19 20:00:00,17.7,0.0,3.1,22.0
466900,2026-03-19 21:00:00,17.6,0.0,2.1,20.0
466900,2026-03-19 22:00:00,17.3,0.0,1.3,27.0
466900,2026-03-19 23:00:00,17.2,0.0,1.4,31.0
466900,2026-03-20 00:00:00,16.9,0.0,0.0,0.0
466900,2026-03-20 01:00:00,16.9,0.0,0.1,0.0
466900,2026-03-20 02:00:00,17.2,0.0,0.5,9.0
466900,2026-03-20 03:00:00,17.6,0.0,1.5,22.0
466900,2026-03-20 04:00:00,17.6,0.0,2.1,23.0
466900,2026-03-20 05:00:00,17.5,0.0,2.0,34.0
466900,2026-03-20 06:00:00,17.6,0.0,1.3,25.0
466900,2026-03-20 07:00:00,17.8,0.0,0.2,0.0
466900,2026-03-20 08:00:00,18.6,0.0,0.8,275.0
466900,2026-03-20 09:00:00,20.5,0.0,0.8,341.0
466900,2026-03-20 10:00:00,21.9,0.0,2.1,355.0
466900,2026-03-20 11:00:00,23.2,0.0,1.2,173.0
466900,2026-03-20 12:00:00,24.8,0.0,5.0,165.0
466900,2026-03-20 13:00:00,24.9,0.0,6.4,159.0
466900,2026-03-20 14:00:00,25.1,0.0,7.2,157.0
466900,2026-03-20 15:00:00,25.5,0.0,4.8,151.0
466900,2026-03-20 16:00:00,22.3,0.0,3.1,1.0
466900,2026-03-20 17:00:00,19.8,0.0,4.4,21.0
466900,2026-03-20 18:00:00,19.8,0.0,2.1,17.0
466900,2026-03-20 19:00:00,20.0,0.0,1.4,335.0
466900,2026-03-20 20:00:00,19.5,0.0,0.7,246.0
466900,2026-03-20 21:00:00,19.3,0.0,0.6,304.0
466900,2026-03-20 22:00:00,19.6,0.0,0.2,0.0
466900,2026-03-20 23:00:00,19.1,0.0,2.3,15.0
466900,2026-03-21 00:00:00,18.4,0.0,3.6,26.0
466900,2026-03-21 01:00:00,17.9,0.0,3.8,21.0
466900,2026-03-21 02:00:00,17.2,0.05,4.2,21.0
466900,2026-03-21 03:00:00,16.9,0.05,3.4,23.0
466900,2026-03-21 04:00:00,16.8,0.05,2.9,33.0
466900,2026-03-21 05:00:00,16.8,0.0,1.7,29.0
466900,2026-03-21 06:00:00,17.2,0.0,1.2,25.0
466900,2026-03-21 07:00:00,17.3,0.0,1.7,15.0
466900,2026-03-21 08:00:00,17.9,0.0,0.5,254.0
466900,2026-03-21 09:00:00,18.5,0.0,0.4,16.0
466900,2026-03-21 10:00:00,19.0,0.0,2.5,15.0
466900,2026-03-21 11:00:00,19.2,0.0,2.3,20.0
466900,2026-03-21 12:00:00,20.1,0.0,2.7,16.0
466900,2026-03-21 13:00:00,20.4,0.0,2.7,15.0
466900,2026-03-21 14:00:00,19.6,0.0,4.2,23.0
466900,2026-03-21 15:00:00,18.7,0.0,3.4,18.0
466900,2026-03-21 16:00:00,18.2,0.0,3.5,24.0
466900,2026-03-21 17:00:00,17.8,0.0,2.9,22.0
466900,2026-03-21 18:00:00,17.6,0.0,2.6,18.0
466900,2026-03-21 19:00:00,17.6,0.0,2.3,17.0
466900,2026-03-21 20:00:00,17.3,0.0,2.2,15.0
466900,2026-03-21 21:00:00,17.5,0.0,1.9,27.0
466900,2026-03-21 22:00:00,17.8,0.0,1.7,24.0
466900,2026-03-21 23:00:00,17.6,0.0,0.2,0.0
466900,2026-03-22 00:00:00,17.2,0.0,0.6,59.0
466900,2026-03-22 01:00:00,17.7,0.0,0.7,319.0
466900,2026-03-22 02:00:00,17.0,0.05,2.3,3.0
466900,2026-03-22 03:00:00,16.8,0.05,2.4,14.0
466900,2026-03-22 04:00:00,16.9,0.05,1.8,4.0
466900,2026-03-22 05:00:00,16.8,0.05,1.8,17.0
466900,2026-03-22 06:00:00,16.9,0.0,0.6,12.0
466900,2026-03-22 07:00:00,17.1,0.05,0.6,55.0
466900,2026-03-22 08:00:00,17.4,0.05,0.5,43.0
466900,2026-03-22 09:00:00,18.6,0.0,0.9,38.0
466900,2026-03-22 10:00:00,19.5,0.0,0.9,320.0
466900,2026-03-22 11:00:00,21.7,0.0,0.6,48.0
466900,2026-03-22 12:00:00,22.1,0.0,3.0,1.0
466900,2026-03-22 13:00:00,20.7,0.0,2.7,8.0
466900,2026-03-22 14:00:00,21.2,0.0,2.2,345.0
466900,2026-03-22 15:00:00,20.3,0.0,1.9,335.0
466900,2026-03-22 16:00:00,20.0,0.0,2.4,12.0
466900,2026-03-22 17:00:00,19.5,0.0,2.8,14.0
466900,2026-03-22 18:00:00,19.2,0.0,1.7,1.0
466900,2026-03-22 19:00:00,18.7,0.0,1.1,5.0
466900,2026-03-22 20:00:00,18.8,0.0,0.1,0.0
466900,2026-03-22 21:00:00,18.8,0.0,1.2,302.0
466900,2026-03-22 22:00:00,19.1,0.0,0.7,19.0
466900,2026-03-22 23:00:00,19.2,0.0,1.0,164.0
466900,2026-03-23 00:00:00,19.5,0.0,3.9,164.0
466900,2026-03-23 01:00:00,19.0,0.0,1.0,1.0
466900,2026-03-23 02:00:00,19.0,0.0,0.3,180.0
466900,2026-03-23 03:00:00,18.9,0.0,0.1,0.0
466900,2026-03-23 04:00:00,18.8,0.05,0.4,60.0
466900,2026-03-23 05:00:00,18.9,0.0,0.4,96.0
466900,2026-03-23 06:00:00,19.1,0.0,0.8,148.0
466900,2026-03-23 07:00:00,19.4,0.0,0.5,15.0
466900,2026-03-23 08:00:00,20.4,0.0,0.2,0.0
466900,2026-03-23 09:00:00,21.4,0.0,0.1,0.0
466900,2026-03-23 10:00:00,23.4,0.0,0.4,222.0
466900,2026-03-23 11:00:00,22.7,0.0,2.6,3.0
466900,2026-03-23 12:00:00,25.0,0.0,1.6,348.0
466900,2026-03-23 13:00:00,25.3,0.0,3.0,359.0
466900,2026-03-23 14:00:00,24.3,0.0,3.2,2.0
466900,2026-03-23 15:00:00,23.3,0.0,3.6,8.0
466900,2026-03-23 16:00:00,22.4,0.0,3.5,23.0
466900,2026-03-23 17:00:00,21.6,0.0,2.2,11.0
466900,2026-03-23 18:00:00,21.3,0.0,1.9,357.0
466900,2026-03-23 19:00:00,21.1,0.0,1.7,12.0
466900,2026-03-23 20:00:00,20.9,0.0,0.6,7.0
466900,2026-03-23 21:00:00,20.4,0.0,0.2,0.0
466900,2026-03-23 22:00:00,20.6,0.0,0.1,0.0
466900,2026-03-23 23:00:00,20.0,0.0,0.2,0.0
466900,2026-03-24 00:00:00,19.5,0.0,0.7,331.0
466900,2026-03-24 01:00:00,19.6,0.0,1.1,303.0
466900,2026-03-24 02:00:00,19.7,0.0,1.9,13.0
466900,2026-03-24 03:00:00,19.0,0.0,1.8,16.0
466900,2026-03-24 04:00:00,19.3,0.0,0.6,55.0
466900,2026-03-24 05:00:00,19.5,0.0,0.1,0.0
466900,2026-03-24 06:00:00,19.4,0.0,0.8,353.0
466900,2026-03-24 07:00:00,19.6,0.05,0.2,0.0
466900,2026-03-24 08:00:00,20.1,0.0,1.1,356.0
466900,2026-03-24 09:00:00,21.4,0.0,1.0,276.0
466900,2026-03-24 10:00:00,21.3,0.0,1.7,341.0
466900,2026-03-24 11:00:00,21.4,0.0,1.9,346.0
466900,2026-03-24 12:00:00,22.6,0.0,1.6,344.0
466900,2026-03-24 13:00:00,23.7,0.0,2.5,352.0
466900,2026-03-24 14:00:00,20.5,0.0,2.8,360.0
466900,2026-03-24 15:00:00,19.3,0.0,2.7,348.0
466900,2026-03-24 16:00:00,19.4,0.0,0.7,285.0
466900,2026-03-24 17:00:00,19.6,0.0,0.9,312.0
466900,2026-03-24 18:00:00,19.6,0.0,0.5,236.0
466900,2026-03-24 19:00:00,19.9,0.0,1.3,315.0
466900,2026-03-24 20:00:00,20.0,0.0,0.3,232.0
466900,2026-03-24 21:00:00,20.9,0.0,1.9,151.0
466900,2026-03-24 22:00:00,21.0,0.0,0.7,248.0
466900,2026-03-24 23:00:00,20.4,0.0,0.1,0.0
466900,2026-03-25 00:00:00,20.8,0.0,0.7,85.0
466900,2026-03-25 01:00:00,21.2,0.0,0.3,77.0
466900,2026-03-25 02:00:00,21.1,0.0,0.6,12.0
466900,2026-03-25 03:00:00,20.8,0.0,0.3,320.0
466900,2026-03-25 04:00:00,20.7,0.0,0.2,0.0
466900,2026-03-25 05:00:00,21.0,0.0,2.3,26.0
466900,2026-03-25 06:00:00,20.4,0.0,2.1,11.0
466900,2026-03-25 07:00:00,20.3,0.0,0.8,17.0
466900,2026-03-25 08:00:00,19.9,0.05,2.3,7.0
466900,2026-03-25 09:00:00,20.1,0.05,3.1,9.0
466900,2026-03-25 10:00:00,21.0,0.0,3.3,356.0
466900,2026-03-25 11:00:00,23.1,0.0,1.9,342.0
466900,2026-03-25 12:00:00,24.0,0.0,2.2,301.0
466900,2026-03-25 13:00:00,24.7,0.0,1.8,316.0
466900,2026-03-25 14:00:00,25.2,0.0,2.7,324.0
466900,2026-03-25 15:00:00,25.3,0.0,2.5,351.0
466900,2026-03-25 16:00:00,24.4,0.0,0.9,280.0
466900,2026-03-25 17:00:00,22.3,0.0,4.9,166.0
466900,2026-03-25 18:00:00,20.6,0.0,3.4,156.0
466900,2026-03-25 19:00:00,19.7,0.0,3.4,155.0
466900,2026-03-25 20:00:00,19.3,0.0,2.9,159.0
466900,2026-03-25 21:00:00,18.6,0.0,0.8,128.0
466900,2026-03-25 22:00:00,17.7,0.0,0.5,135.0
466900,2026-03-25 23:00:00,17.3,0.0,0.3,122.0
466900,2026-03-26 00:00:00,17.2,0.0,0.4,86.0
466900,2026-03-26 01:00:00,16.9,0.0,0.4,82.0
466900,2026-03-26 02:00:00,16.7,0.0,0.6,80.0
466900,2026-03-26 03:00:00,16.6,0.0,0.7,98.0
466900,2026-03-26 04:00:00,16.6,0.0,1.5,85.0
466900,2026-03-26 05:00:00,16.3,0.0,0.5,86.0
466900,2026-03-26 06:00:00,16.2,0.0,1.0,80.0
466900,2026-03-26 07:00:00,17.5,0.0,1.0,74.0
466900,2026-03-26 08:00:00,20.1,0.0,1.5,113.0
466900,2026-03-26 09:00:00,21.9,0.0,2.5,131.0
466900,2026-03-26 10:00:00,23.8,0.0,5.5,157.0
466900,2026-03-26 11:00:00,23.6,0.0,7.3,168.0
466900,2026-03-26 12:00:00,24.5,0.0,6.6,168.0
466900,2026-03-26 13:00:00,24.1,0.0,6.5,165.0
466900,2026-03-26 14:00:00,23.5,0.0,5.2,164.0
466900,2026-03-26 15:00:00,22.7,0.0,5.0,166.0
466900,2026-03-26 16:00:00,22.2,0.0,3.1,163.0
466900,2026-03-26 17:00:00,21.9,0.05,2.9,159.0
466900,2026-03-26 18:00:00,21.4,0.0,0.7,183.0
466900,2026-03-26 19:00:00,20.9,0.05,0.8,147.0
466900,2026-03-26 20:00:00,20.7,0.05,2.0,150.0
466900,2026-03-26 21:00:00,20.1,0.05,2.3,152.0
466900,2026-03-26 22:00:00,19.3,0.05,1.7,142.0
466900,2026-03-26 23:00:00,19.1,0.5,1.7,138.0
466900,2026-03-27 00:00:00,19.3,0.05,0.1,0.0
466900,2026-03-27 01:00:00,19.2,0.05,0.2,0.0
466900,2026-03-27 02:00:00,19.1,0.05,0.5,144.0
466900,2026-03-27 03:00:00,18.8,0.5,1.2,33.0
466900,2026-03-27 04:00:00,18.5,0.05,1.7,17.0
466900,2026-03-27 05:00:00,18.5,0.5,2.1,23.0
466900,2026-03-27 06:00:00,18.5,4.0,1.0,69.0
466900,2026-03-27 07:00:00,18.6,0.5,1.5,21.0
466900,2026-03-27 08:00:00,19.1,0.05,0.0,0.0
466900,2026-03-27 09:00:00,19.4,0.0,0.3,358.0
466900,2026-03-27 10:00:00,19.9,1.5,0.2,0.0
466900,2026-03-27 11:00:00,19.7,1.0,1.9,2.0
466900,2026-03-27 12:00:00,19.1,6.5,1.3,28.0
466900,2026-03-27 13:00:00,19.3,0.05,2.1,357.0
466900,2026-03-27 14:00:00,19.3,0.5,1.7,13.0
466900,2026-03-27 15:00:00,18.7,0.0,2.5,19.0
466900,2026-03-27 16:00:00,18.6,0.0,2.4,14.0
466900,2026-03-27 17:00:00,18.8,0.0,2.5,16.0
466900,2026-03-27 18:00:00,18.8,0.0,1.9,24.0
466900,2026-03-27 19:00:00,18.8,0.0,1.5,25.0
466900,2026-03-27 20:00:00,18.8,0.05,1.9,25.0
466900,2026-03-27 21:00:00,19.0,0.05,1.1,30.0
466900,2026-03-27 22:00:00,19.2,0.0,1.3,138.0
466900,2026-03-27 23:00:00,19.0,0.0,0.8,14.0
466900,2026-03-28 00:00:00,19.2,0.0,1.4,21.0
466900,2026-03-28 01:00:00,19.1,0.0,0.6,9.0
466900,2026-03-28 02:00:00,19.1,0.0,2.9,17.0
466900,2026-03-28 03:00:00,19.1,0.0,1.9,14.0
466900,2026-03-28 04:00:00,19.3,0.0,1.0,74.0
466900,2026-03-28 05:00:00,19.1,0.0,1.5,3.0
466900,2026-03-28 06:00:00,18.9,0.0,2.4,24.0
466900,2026-03-28 07:00:00,19.4,0.0,1.9,29.0
466900,2026-03-28 08:00:00,19.8,0.0,1.6,41.0
466900,2026-03-28 09:00:00,20.0,0.0,2.1,21.0
466900,2026-03-28 10:00:00,21.2,0.0,1.8,20.0
466900,2026-03-28 11:00:00,22.6,0.0,1.9,329.0
466900,2026-03-28 12:00:00,21.9,0.0,2.8,26.0
466900,2026-03-28 13:00:00,21.9,0.0,2.6,16.0
466900,2026-03-28 14:00:00,22.0,0.0,2.6,14.0
466900,2026-03-28 15:00:00,21.8,0.0,3.3,9.0
466900,2026-03-28 16:00:00,21.7,0.0,2.2,18.0
466900,2026-03-28 17:00:00,21.8,0.0,1.3,11.0
466900,2026-03-28 18:00:00,21.1,0.0,2.3,11.0
466900,2026-03-28 19:00:00,20.5,0.0,1.7,19.0
466900,2026-03-28 20:00:00,20.4,0.0,1.3,18.0
466900,2026-03-28 21:00:00,20.2,0.0,0.1,0.0
466900,2026-03-28 22:00:00,20.4,0.0,0.3,327.0
466900,2026-03-28 23:00:00,20.6,0.0,0.6,331.0
466900,2026-03-29 00:00:00,20.3,0.0,1.6,23.0
466900,2026-03-29 01:00:00,20.1,0.0,0.7,155.0
466900,2026-03-29 02:00:00,20.3,0.0,0.3,18.0
466900,2026-03-29 03:00:00,20.4,0.0,0.1,0.0
466900,2026-03-29 04:00:00,20.6,0.0,0.3,345.0
466900,2026-03-29 05:00:00,20.5,0.05,1.1,335.0
466900,2026-03-29 06:00:00,19.7,0.05,2.3,5.0
466900,2026-03-29 07:00:00,19.6,0.0,0.8,5.0
466900,2026-03-29 08:00:00,19.7,0.0,2.3,7.0
466900,2026-03-29 09:00:00,19.7,0.0,1.8,9.0
466900,2026-03-29 10:00:00,20.3,0.0,1.8,330.0
466900,2026-03-29 11:00:00,20.5,0.0,1.6,328.0
466900,2026-03-29 12:00:00,20.7,0.0,1.5,12.0
466900,2026-03-29 13:00:00,20.6,0.05,1.7,337.0
466900,2026-03-29 14:00:00,20.9,0.0,1.9,330.0
466900,2026-03-29 15:00:00,21.1,0.0,1.5,10.0
466900,2026-03-29 16:00:00,20.9,0.0,2.1,5.0
466900,2026-03-29 17:00:00,20.8,0.0,1.7,14.0
466900,2026-03-29 18:00:00,20.3,0.0,2.0,26.0
466900,2026-03-29 19:00:00,20.0,0.0,1.5,21.0
466900,2026-03-29 20:00:00,19.4,0.0,0.5,330.0
466900,2026-03-29 21:00:00,19.0,0.0,0.1,0.0
466900,2026-03-29 22:00:00,18.5,0.0,0.0,0.0
466900,2026-03-29 23:00:00,18.5,0.0,1.1,138.0
466900,2026-03-30 00:00:00,19.2,0.0,1.6,135.0
466900,2026-03-30 01:00:00,19.4,0.0,0.2,0.0
466900,2026-03-30 02:00:00,19.5,0.0,0.3,89.0
466900,2026-03-30 03:00:00,20.1,0.0,1.8,146.0
466900,2026-03-30 04:00:00,20.6,0.0,2.8,162.0
466900,2026-03-30 05:00:00,19.9,0.0,1.0,146.0
466900,2026-03-30 06:00:00,19.5,0.0,0.3,121.0
466900,2026-03-30 07:00:00,20.3,0.0,1.8,147.0
466900,2026-03-30 08:00:00,21.7,0.0,2.6,146.0
466900,2026-03-30 09:00:00,24.0,0.0,1.8,164.0
466900,2026-03-30 10:00:00,26.1,0.0,0.9,313.0
466900,2026-03-30 11:00:00,26.0,0.0,2.6,305.0
466900,2026-03-30 12:00:00,25.3,0.0,1.8,301.0
466900,2026-03-30 13:00:00,24.2,0.0,2.3,311.0
466900,2026-03-30 14:00:00,23.9,0.0,1.7,307.0
466900,2026-03-30 15:00:00,23.4,0.0,1.9,310.0
466900,2026-03-30 16:00:00,23.0,0.05,0.7,309.0
466900,2026-03-30 17:00:00,23.4,0.05,0.9,321.0
466900,2026-03-30 18:00:00,24.4,0.0,1.2,159.0
466900,2026-03-30 19:00:00,25.4,0.0,3.8,152.0
466900,2026-03-30 20:00:00,24.5,0.0,1.6,148.0
466900,2026-03-30 21:00:00,23.7,0.0,0.9,57.0
466900,2026-03-30 22:00:00,23.0,0.0,0.7,352.0
466900,2026-03-30 23:00:00,21.9,0.0,0.4,59.0
466900,2026-03-31 00:00:00,22.0,0.0,1.7,144.0
466900,2026-03-31 01:00:00,21.8,0.0,2.6,146.0
466900,2026-03-31 02:00:00,21.4,0.0,2.1,139.0
466900,2026-03-31 03:00:00,20.8,0.0,0.5,150.0
466900,2026-03-31 04:00:00,20.9,0.0,1.4,145.0
466900,2026-03-31 05:00:00,21.3,0.0,2.8,157.0
466900,2026-03-31 06:00:00,21.0,0.0,1.8,166.0
466900,2026-03-31 07:00:00,21.8,0.0,2.1,147.0
466900,2026-03-31 08:00:00,23.2,0.0,1.4,137.0
466900,2026-03-31 09:00:00,26.6,0.0,0.4,283.0
466900,2026-03-31 10:00:00,27.3,0.0,0.7,302.0
466900,2026-03-31 11:00:00,26.8,0.0,2.5,310.0
466900,2026-03-31 12:00:00,27.2,0.0,0.9,297.0
466900,2026-03-31 13:00:00,26.7,0.0,2.3,346.0
466900,2026-03-31 14:00:00,26.5,0.0,2.1,347.0
466900,2026-03-31 15:00:00,26.0,0.0,1.9,348.0
466900,2026-03-31 16:00:00,25.0,0.0,1.1,300.0
466900,2026-03-31 17:00:00,24.3,0.0,1.3,303.0
466900,2026-03-31 18:00:00,24.0,0.0,1.1,310.0
466900,2026-03-31 19:00:00,23.2,0.0,0.0,0.0
466900,2026-03-31 20:00:00,22.9,0.0,0.9,58.0
466900,2026-03-31 21:00:00,22.4,0.0,0.5,72.0
466900,2026-03-31 22:00:00,22.7,0.0,0.4,1.0
466900,2026-03-31 23:00:00,22.8,0.0,0.0,0.0
466900,2026-04-01 00:00:00,22.7,0.05,1.0,185.0
466900,2026-04-01 01:00:00,22.4,0.0,1.2,300.0
466900,2026-04-01 02:00:00,21.9,0.0,0.8,177.0
466900,2026-04-01 03:00:00,22.1,0.05,1.7,154.0
466900,2026-04-01 04:00:00,22.1,0.0,1.2,46.0
466900,2026-04-01 05:00:00,21.8,0.05,1.6,321.0
466900,2026-04-01 06:00:00,20.3,2.0,2.4,16.0
466900,2026-04-01 07:00:00,19.2,0.5,3.6,15.0
466900,2026-04-01 08:00:00,18.4,1.0,3.2,353.0
466900,2026-04-01 09:00:00,18.3,0.5,2.4,359.0
466900,2026-04-01 10:00:00,18.2,0.05,2.8,2.0
466900,2026-04-01 11:00:00,18.4,0.0,2.4,4.0
466900,2026-04-01 12:00:00,18.8,0.05,2.5,358.0
466900,2026-04-01 13:00:00,19.6,0.0,2.2,20.0
466900,2026-04-01 14:00:00,19.5,0.0,2.4,12.0
466900,2026-04-01 15:00:00,19.2,0.0,2.2,5.0
466900,2026-04-01 16:00:00,19.3,0.0,2.5,9.0
466900,2026-04-01 17:00:00,19.3,0.0,2.2,3.0
466900,2026-04-01 18:00:00,18.9,0.0,1.8,5.0
466900,2026-04-01 19:00:00,18.9,0.0,1.0,103.0
466900,2026-04-01 20:00:00,18.7,0.0,1.9,143.0
466900,2026-04-01 21:00:00,17.5,0.0,0.9,129.0
466900,2026-04-01 22:00:00,16.8,0.0,0.8,112.0
466900,2026-04-01 23:00:00,16.5,0.0,1.0,77.0
466900,2026-04-02 00:00:00,16.6,0.0,2.3,135.0
466900,2026-04-02 01:00:00,16.6,0.0,1.4,131.0
466900,2026-04-02 02:00:00,16.6,0.0,2.1,134.0
466900,2026-04-02 03:00:00,15.7,0.0,1.4,129.0
466900,2026-04-02 04:00:00,15.9,0.0,1.9,127.0
466900,2026-04-02 05:00:00,17.6,0.0,4.0,159.0
466900,2026-04-02 06:00:00,16.6,0.0,3.1,140.0
466900,2026-04-02 07:00:00,18.3,0.0,3.0,152.0
466900,2026-04-02 08:00:00,20.4,0.0,4.0,147.0
466900,2026-04-02 09:00:00,22.5,0.0,0.6,107.0
466900,2026-04-02 10:00:00,24.6,0.0,5.4,151.0
466900,2026-04-02 11:00:00,24.8,0.0,6.1,156.0
466900,2026-04-02 12:00:00,25.4,0.0,6.4,162.0
466900,2026-04-02 13:00:00,25.9,0.0,6.2,159.0
466900,2026-04-02 14:00:00,26.2,0.0,6.6,153.0
466900,2026-04-02 15:00:00,25.0,0.0,7.0,156.0
466900,2026-04-02 16:00:00,23.3,0.0,6.2,158.0
466900,2026-04-02 17:00:00,22.5,0.0,7.2,157.0
466900,2026-04-02 18:00:00,22.1,0.0,6.5,156.0
466900,2026-04-02 19:00:00,21.7,0.0,5.9,157.0
466900,2026-04-02 20:00:00,21.9,0.0,6.5,157.0
466900,2026-04-02 21:00:00,22.2,0.0,6.9,163.0
466900,2026-04-02 22:00:00,22.5,0.05,4.3,159.0
466900,2026-04-02 23:00:00,20.9,0.05,3.0,159.0
466900,2026-04-03 00:00:00,19.1,2.0,1.1,125.0
466900,2026-04-03 01:00:00,19.0,2.5,5.4,159.0
466900,2026-04-03 02:00:00,19.0,0.5,2.2,145.0
466900,2026-04-03 03:00:00,18.5,0.5,2.0,140.0
466900,2026-04-03 04:00:00,18.3,2.5,3.8,148.0
466900,2026-04-03 05:00:00,17.5,4.0,5.0,151.0
466900,2026-04-03 06:00:00,18.0,3.0,4.2,161.0
466900,2026-04-03 07:00:00,18.3,4.5,5.9,159.0
466900,2026-04-03 08:00:00,18.2,13.5,4.7,155.0
466900,2026-04-03 09:00:00,18.4,4.5,3.7,146.0
466900,2026-04-03 10:00:00,19.1,1.0,3.9,153.0
466900,2026-04-03 11:00:00,19.6,0.5,3.0,150.0
466900,2026-04-03 12:00:00,21.3,0.05,3.7,163.0
466900,2026-04-03 13:00:00,22.7,0.0,3.3,161.0
466900,2026-04-03 14:00:00,24.3,0.0,2.5,157.0
466900,2026-04-03 15:00:00,24.8,0.0,0.4,178.0
466900,2026-04-03 16:00:00,24.4,0.0,0.5,141.0
466900,2026-04-03 17:00:00,22.9,0.0,1.3,309.0
466900,2026-04-03 18:00:00,22.8,0.0,1.9,152.0
466900,2026-04-03 19:00:00,23.0,0.0,1.1,171.0
466900,2026-04-03 20:00:00,22.8,0.0,0.9,36.0
466900,2026-04-03 21:00:00,21.7,0.05,1.8,32.0
466900,2026-04-03 22:00:00,20.9,1.0,2.3,352.0
466900,2026-04-03 23:00:00,20.7,3.5,3.2,154.0
466900,2026-04-04 00:00:00,20.5,2.0,1.2,124.0
466900,2026-04-04 01:00:00,20.4,0.5,0.8,127.0
466900,2026-04-04 02:00:00,21.1,1.0,6.6,162.0
466900,2026-04-04 03:00:00,21.3,0.5,5.2,155.0
466900,2026-04-04 04:00:00,20.8,0.05,1.6,165.0
466900,2026-04-04 05:00:00,21.5,0.0,3.7,159.0
466900,2026-04-04 06:00:00,20.6,0.0,2.8,147.0
466900,2026-04-04 07:00:00,20.5,0.0,2.9,148.0
466900,2026-04-04 08:00:00,20.8,0.0,3.1,160.0
466900,2026-04-04 09:00:00,21.0,0.05,2.4,162.0
466900,2026-04-04 10:00:00,20.9,0.05,0.4,70.0
466900,2026-04-04 11:00:00,21.8,0.05,1.4,4.0
466900,2026-04-04 12:00:00,21.5,0.0,1.0,47.0
466900,2026-04-04 13:00:00,21.2,0.5,0.6,360.0
466900,2026-04-04 14:00:00,20.9,0.05,2.1,154.0
466900,2026-04-04 15:00:00,20.9,0.0,3.4,165.0
466900,2026-04-04 16:00:00,21.5,0.0,2.4,163.0
466900,2026-04-04 17:00:00,21.4,0.0,2.0,143.0
466900,2026-04-04 18:00:00,20.6,0.05,1.7,153.0
466900,2026-04-04 19:00:00,20.6,0.05,3.0,164.0
466900,2026-04-04 20:00:00,20.4,0.05,4.2,165.0
466900,2026-04-04 21:00:00,19.6,0.5,1.9,154.0
466900,2026-04-04 22:00:00,19.1,6.0,4.1,163.0
466900,2026-04-04 23:00:00,18.9,0.5,3.2,143.0
466900,2026-04-05 00:00:00,18.9,0.5,2.5,143.0
466900,2026-04-05 01:00:00,18.9,0.5,1.7,132.0
466900,2026-04-05 02:00:00,18.9,0.05,0.5,129.0
466900,2026-04-05 03:00:00,19.0,0.5,2.7,142.0
466900,2026-04-05 04:00:00,19.1,0.0,2.4,152.0
466900,2026-04-05 05:00:00,19.2,0.0,1.9,143.0
466900,2026-04-05 06:00:00,19.2,0.0,2.8,152.0
466900,2026-04-05 07:00:00,19.7,0.0,3.1,161.0
466900,2026-04-05 08:00:00,20.6,0.0,2.8,151.0
466900,2026-04-05 09:00:00,22.2,0.0,2.2,148.0
466900,2026-04-05 10:00:00,23.3,0.0,0.8,129.0
466900,2026-04-05 11:00:00,23.7,0.0,0.4,295.0
466900,2026-04-05 12:00:00,23.9,0.0,1.5,17.0
466900,2026-04-05 13:00:00,23.9,0.0,1.0,30.0
466900,2026-04-05 14:00:00,24.5,0.0,0.5,325.0
466900,2026-04-05 15:00:00,25.5,0.0,0.1,0.0
466900,2026-04-05 16:00:00,25.2,0.0,1.6,165.0
466900,2026-04-05 17:00:00,24.1,0.0,0.0,0.0
466900,2026-04-05 18:00:00,23.6,0.0,1.3,152.0
466900,2026-04-05 19:00:00,23.4,0.0,0.6,129.0
466900,2026-04-05 20:00:00,22.5,0.05,0.5,10.0
466900,2026-04-05 21:00:00,22.6,0.0,0.8,118.0
466900,2026-04-05 22:00:00,22.9,0.0,3.2,143.0
466900,2026-04-05 23:00:00,23.1,0.0,3.2,162.0
466900,2026-04-06 00:00:00,22.4,0.0,3.4,143.0
466900,2026-04-06 01:00:00,22.4,0.0,3.0,145.0
466900,2026-04-06 02:00:00,22.7,0.0,2.3,155.0
466900,2026-04-06 03:00:00,22.5,0.05,1.4,126.0
466900,2026-04-06 04:00:00,21.4,5.0,0.8,122.0
466900,2026-04-06 05:00:00,21.6,11.0,1.4,268.0
466900,2026-04-06 06:00:00,21.5,31.0,1.6,97.0
466900,2026-04-06 07:00:00,21.4,13.5,1.5,126.0
466900,2026-04-06 08:00:00,21.7,1.5,3.6,154.0
466900,2026-04-06 09:00:00,22.4,0.05,3.2,151.0
466900,2026-04-06 10:00:00,23.2,0.0,2.7,155.0
466900,2026-04-06 11:00:00,25.1,0.0,0.7,171.0
466900,2026-04-06 12:00:00,25.2,0.0,0.9,136.0
466900,2026-04-06 13:00:00,25.3,0.0,1.2,138.0
466900,2026-04-06 14:00:00,25.3,0.0,1.9,148.0
466900,2026-04-06 15:00:00,25.8,0.0,2.6,159.0
466900,2026-04-06 16:00:00,25.0,0.0,0.2,0.0
466900,2026-04-06 17:00:00,24.7,0.0,1.7,25.0
466900,2026-04-06 18:00:00,24.6,0.0,0.9,176.0
466900,2026-04-06 19:00:00,24.4,0.0,0.9,135.0
466900,2026-04-06 20:00:00,24.2,0.0,0.6,41.0
466900,2026-04-06 21:00:00,25.6,0.0,1.4,4.0
466900,2026-04-06 22:00:00,24.5,0.5,1.2,342.0
466900,2026-04-06 23:00:00,23.7,0.05,0.7,101.0
466900,2026-04-07 00:00:00,23.5,0.0,3.0,155.0
466900,2026-04-07 01:00:00,23.2,0.05,4.2,160.0
466900,2026-04-07 02:00:00,22.8,0.0,1.8,149.0
466900,2026-04-07 03:00:00,22.8,0.0,1.0,117.0
466900,2026-04-07 04:00:00,23.5,0.0,0.9,161.0
466900,2026-04-07 05:00:00,24.4,0.0,0.6,51.0
466900,2026-04-07 06:00:00,23.9,0.0,3.3,15.0
466900,2026-04-07 07:00:00,21.2,0.5,4.9,354.0
466900,2026-04-07 08:00:00,21.2,0.05,4.1,29.0
466900,2026-04-07 09:00:00,20.8,1.5,3.1,31.0
466900,2026-04-07 10:00:00,21.0,0.5,1.9,23.0
466900,2026-04-07 11:00:00,20.3,2.5,2.7,16.0
466900,2026-04-07 12:00:00,20.3,1.0,2.4,31.0
466900,2026-04-07 13:00:00,19.8,0.5,3.7,22.0
466900,2026-04-07 14:00:00,19.4,2.5,3.5,19.0
466900,2026-04-07 15:00:00,19.5,4.0,4.0,17.0
466900,2026-04-07 16:00:00,19.3,1.0,3.2,19.0
466900,2026-04-07 17:00:00,19.2,2.5,2.5,30.0
466900,2026-04-07 18:00:00,18.9,0.05,1.2,55.0
466900,2026-04-07 19:00:00,18.8,0.0,1.1,58.0
466900,2026-04-07 20:00:00,18.8,0.0,1.1,34.0
466900,2026-04-07 21:00:00,19.1,0.0,0.7,53.0
466900,2026-04-07 22:00:00,19.1,0.0,0.3,137.0
466900,2026-04-07 23:00:00,18.9,0.0,0.6,304.0
466900,2026-04-08 00:00:00,18.7,0.0,0.2,0.0
466900,2026-04-08 01:00:00,18.7,0.0,0.7,97.0
466900,2026-04-08 02:00:00,18.6,0.0,0.9,39.0
466900,2026-04-08 03:00:00,18.9,0.0,0.5,289.0
466900,2026-04-08 04:00:00,18.8,1.0,0.6,67.0
466900,2026-04-08 05:00:00,19.1,0.05,1.2,66.0
466900,2026-04-08 06:00:00,19.1,1.5,0.3,69.0
466900,2026-04-08 07:00:00,19.2,0.05,0.7,69.0
466900,2026-04-08 08:00:00,19.9,0.5,0.4,73.0
466900,2026-04-08 09:00:00,20.4,0.05,1.0,80.0
466900,2026-04-08 10:00:00,21.0,1.0,0.2,0.0
466900,2026-04-08 11:00:00,23.7,0.05,4.3,155.0
466900,2026-04-08 12:00:00,23.9,0.0,5.1,157.0
466900,2026-04-08 13:00:00,24.0,0.0,5.4,156.0
466900,2026-04-08 14:00:00,24.4,0.0,5.6,165.0
466900,2026-04-08 15:00:00,24.8,0.0,4.7,164.0
466900,2026-04-08 16:00:00,24.5,0.0,4.6,165.0
466900,2026-04-08 17:00:00,24.0,0.0,1.9,152.0
466900,2026-04-08 18:00:00,24.0,0.0,3.5,164.0
466900,2026-04-08 19:00:00,23.5,0.0,3.8,161.0
466900,2026-04-08 20:00:00,23.5,0.0,3.4,161.0
466900,2026-04-08 21:00:00,22.9,0.0,2.5,142.0
466900,2026-04-08 22:00:00,23.3,0.0,1.6,141.0
466900,2026-04-08 23:00:00,23.0,0.0,2.8,148.0
466900,2026-04-09 00:00:00,22.9,0.0,2.2,145.0
466900,2026-04-09 01:00:00,22.6,0.0,0.1,0.0
466900,2026-04-09 02:00:00,22.8,0.0,0.7,320.0
466900,2026-04-09 03:00:00,22.5,0.0,0.1,0.0
466900,2026-04-09 04:00:00,22.3,0.0,0.4,286.0
466900,2026-04-09 05:00:00,22.1,0.0,0.2,0.0
466900,2026-04-09 06:00:00,22.1,0.0,0.6,146.0
466900,2026-04-09 07:00:00,22.6,0.0,2.4,151.0
466900,2026-04-09 08:00:00,23.2,0.0,2.3,160.0
466900,2026-04-09 09:00:00,24.5,0.0,0.9,193.0
466900,2026-04-09 10:00:00,25.9,0.0,2.5,157.0
466900,2026-04-09 11:00:00,25.1,0.0,1.4,314.0
466900,2026-04-09 12:00:00,27.1,0.0,2.1,169.0
466900,2026-04-09 13:00:00,27.7,0.0,4.1,157.0
466900,2026-04-09 14:00:00,28.7,0.0,2.5,164.0
466900,2026-04-09 15:00:00,26.4,0.0,3.2,318.0
466900,2026-04-09 16:00:00,27.7,0.0,1.1,325.0
466900,2026-04-09 17:00:00,27.6,0.0,1.7,325.0
466900,2026-04-09 18:00:00,25.9,0.0,1.6,310.0
466900,2026-04-09 19:00:00,26.0,0.0,0.5,52.0
466900,2026-04-09 20:00:00,25.7,0.0,0.8,247.0
466900,2026-04-09 21:00:00,24.9,0.0,1.4,150.0
466900,2026-04-09 22:00:00,24.4,0.0,0.6,129.0
466900,2026-04-09 23:00:00,24.3,0.0,0.3,79.0
466900,2026-04-10 00:00:00,25.0,0.0,0.7,186.0
466900,2026-04-10 01:00:00,25.3,0.0,1.7,232.0
466900,2026-04-10 02:00:00,25.1,0.0,2.1,247.0
466900,2026-04-10 03:00:00,25.2,0.0,2.5,250.0
466900,2026-04-10 04:00:00,24.4,0.0,1.1,239.0
466900,2026-04-10 05:00:00,22.3,0.0,0.7,10.0
466900,2026-04-10 06:00:00,22.7,0.0,0.9,82.0
466900,2026-04-10 07:00:00,24.2,0.0,0.4,67.0
466900,2026-04-10 08:00:00,25.6,0.0,0.6,199.0
466900,2026-04-10 09:00:00,27.8,0.0,1.2,311.0
466900,2026-04-10 10:00:00,28.2,0.0,2.4,292.0
466900,2026-04-10 11:00:00,28.8,0.0,2.3,306.0
466900,2026-04-10 12:00:00,29.2,0.0,2.3,298.0
466900,2026-04-10 13:00:00,30.3,0.0,2.6,247.0
466900,2026-04-10 14:00:00,30.5,0.0,2.3,286.0
466900,2026-04-10 15:00:00,30.0,0.0,2.8,267.0
466900,2026-04-10 16:00:00,30.0,0.0,2.0,256.0
466900,2026-04-10 17:00:00,29.9,0.0,1.1,247.0
466900,2026-04-10 18:00:00,27.4,0.0,0.9,306.0
466900,2026-04-10 19:00:00,26.8,0.0,0.9,15.0
466900,2026-04-10 20:00:00,25.2,0.0,0.7,36.0
466900,2026-04-10 21:00:00,25.0,0.0,1.9,21.0
466900,2026-04-10 22:00:00,25.1,0.0,1.6,32.0
466900,2026-04-10 23:00:00,24.7,0.0,1.4,12.0
466900,2026-04-11 00:00:00,23.7,0.0,1.1,111.0
466900,2026-04-11 01:00:00,23.0,0.0,1.0,119.0
466900,2026-04-11 02:00:00,23.2,0.0,0.4,107.0
466900,2026-04-11 03:00:00,22.7,0.0,0.5,85.0
466900,2026-04-11 04:00:00,22.8,0.0,0.4,118.0
466900,2026-04-11 05:00:00,22.6,0.0,0.7,71.0
466900,2026-04-11 06:00:00,22.7,0.0,1.8,147.0
466900,2026-04-11 07:00:00,23.6,0.0,1.2,145.0
466900,2026-04-11 08:00:00,25.0,0.0,1.4,160.0
466900,2026-04-11 09:00:00,27.0,0.0,0.6,250.0
466900,2026-04-11 10:00:00,27.7,0.0,1.4,286.0
466900,2026-04-11 11:00:00,28.3,0.0,1.8,307.0
466900,2026-04-11 12:00:00,28.7,0.0,2.0,338.0
466900,2026-04-11 13:00:00,28.6,0.0,1.7,311.0
466900,2026-04-11 14:00:00,28.0,0.0,2.3,305.0
466900,2026-04-11 15:00:00,27.1,0.0,2.1,314.0
466900,2026-04-11 16:00:00,26.6,0.0,2.1,308.0
466900,2026-04-11 17:00:00,26.1,0.0,1.5,309.0
466900,2026-04-11 18:00:00,25.7,0.0,2.0,304.0
466900,2026-04-11 19:00:00,25.6,0.0,1.6,317.0
466900,2026-04-11 20:00:00,25.4,0.0,1.1,315.0
466900,2026-04-11 21:00:00,25.4,0.0,1.4,314.0
466900,2026-04-11 22:00:00,25.3,0.0,0.2,0.0
466900,2026-04-11 23:00:00,25.3,0.0,0.5,139.0
466900,2026-04-12 00:00:00,24.5,0.0,0.1,0.0
466900,2026-04-12 01:00:00,24.3,0.0,0.2,0.0
466900,2026-04-12 02:00:00,24.4,0.0,0.2,0.0
466900,2026-04-12 03:00:00,23.9,0.0,0.7,101.0
466900,2026-04-12 04:00:00,23.5,0.0,1.4,158.0
466900,2026-04-12 05:00:00,23.1,0.0,0.6,121.0
466900,2026-04-12 06:00:00,23.1,0.0,0.7,136.0
466900,2026-04-12 07:00:00,24.6,0.0,1.6,165.0
466900,2026-04-12 08:00:00,25.8,0.0,0.2,0.0
466900,2026-04-12 09:00:00,27.0,0.0,2.0,308.0
466900,2026-04-12 10:00:00,28.2,0.0,2.2,305.0
466900,2026-04-12 11:00:00,28.7,0.0,1.2,291.0
466900,2026-04-12 12:00:00,29.3,0.0,2.6,304.0
466900,2026-04-12 13:00:00,29.8,0.0,2.2,309.0
466900,2026-04-12 14:00:00,29.0,0.0,2.6,303.0
466900,2026-04-12 15:00:00,28.4,0.0,3.0,297.0
466900,2026-04-12 16:00:00,27.7,0.0,3.1,295.0
466900,2026-04-12 17:00:00,27.6,0.0,2.2,286.0
466900,2026-04-12 18:00:00,27.1,0.0,1.1,272.0
466900,2026-04-12 19:00:00,26.3,0.0,0.6,225.0
466900,2026-04-12 20:00:00,25.5,0.0,0.6,162.0
466900,2026-04-12 21:00:00,25.1,0.0,0.5,107.0
466900,2026-04-12 22:00:00,25.2,0.0,2.5,163.0
466900,2026-04-12 23:00:00,24.5,0.0,3.0,144.0
466900,2026-04-13 00:00:00,23.8,0.0,0.0,0.0
466900,2026-04-13 01:00:00,23.9,0.0,1.5,83.0
466900,2026-04-13 02:00:00,23.6,0.0,0.4,83.0
466900,2026-04-13 03:00:00,22.8,0.0,1.3,147.0
466900,2026-04-13 04:00:00,23.0,0.0,1.2,116.0
466900,2026-04-13 05:00:00,22.5,0.0,1.8,141.0
466900,2026-04-13 06:00:00,23.4,0.0,3.3,149.0
466900,2026-04-13 07:00:00,24.4,0.0,3.9,164.0
466900,2026-04-13 08:00:00,25.6,0.0,2.8,162.0
466900,2026-04-13 09:00:00,28.1,0.0,0.1,0.0
466900,2026-04-13 10:00:00,28.9,0.0,2.9,306.0
466900,2026-04-13 11:00:00,28.5,0.0,3.1,313.0
466900,2026-04-13 12:00:00,28.9,0.0,3.2,313.0
466900,2026-04-13 13:00:00,28.9,0.0,3.3,306.0
466900,2026-04-13 14:00:00,28.3,0.0,3.4,312.0
466900,2026-04-13 15:00:00,28.6,0.0,1.7,309.0
466900,2026-04-13 16:00:00,27.5,0.0,1.7,309.0
466900,2026-04-13 17:00:00,27.0,0.0,2.0,313.0
466900,2026-04-13 18:00:00,26.5,0.0,1.0,343.0
466900,2026-04-13 19:00:00,26.2,0.0,0.3,248.0
466900,2026-04-13 20:00:00,26.3,0.0,0.3,330.0
466900,2026-04-13 21:00:00,26.0,0.0,0.9,341.0
466900,2026-04-13 22:00:00,25.1,0.0,0.4,116.0
466900,2026-04-13 23:00:00,25.0,0.0,0.3,134.0
466900,2026-04-14 00:00:00,24.8,0.0,0.3,231.0
466900,2026-04-14 01:00:00,24.9,0.0,0.5,231.0
466900,2026-04-14 02:00:00,24.9,0.0,0.3,146.0
466900,2026-04-14 03:00:00,25.8,0.0,2.7,150.0
466900,2026-04-14 04:00:00,24.4,0.0,1.7,147.0
466900,2026-04-14 05:00:00,24.9,0.0,2.7,150.0
466900,2026-04-14 06:00:00,23.9,0.0,1.8,155.0
466900,2026-04-14 07:00:00,24.7,0.0,1.9,141.0
466900,2026-04-14 08:00:00,26.2,0.0,2.5,166.0
466900,2026-04-14 09:00:00,28.4,0.0,1.3,157.0
466900,2026-04-14 10:00:00,29.3,0.0,1.7,226.0
466900,2026-04-14 11:00:00,30.1,0.0,1.3,255.0
466900,2026-04-14 12:00:00,30.6,0.0,2.2,304.0
466900,2026-04-14 13:00:00,29.6,0.0,3.5,306.0
466900,2026-04-14 14:00:00,29.3,0.0,2.4,292.0
466900,2026-04-14 15:00:00,29.1,0.0,2.3,304.0
466900,2026-04-14 16:00:00,28.3,0.0,2.4,300.0
466900,2026-04-14 17:00:00,27.5,0.0,1.9,318.0
466900,2026-04-14 18:00:00,27.0,0.0,1.1,256.0
466900,2026-04-14 19:00:00,26.5,0.0,0.5,309.0
466900,2026-04-14 20:00:00,25.9,0.0,0.6,124.0
466900,2026-04-14 21:00:00,26.3,0.0,0.6,139.0
466900,2026-04-14 22:00:00,26.1,0.0,0.8,175.0
466900,2026-04-14 23:00:00,25.8,0.0,0.7,205.0
466900,2026-04-15 00:00:00,25.4,0.0,0.4,114.0
466900,2026-04-15 01:00:00,24.4,0.0,1.4,173.0
466900,2026-04-15 02:00:00,25.0,0.0,1.7,146.0
466900,2026-04-15 03:00:00,24.8,0.0,1.0,39.0
466900,2026-04-15 04:00:00,25.1,0.0,0.7,30.0
466900,2026-04-15 05:00:00,25.0,0.0,0.1,0.0
466900,2026-04-15 06:00:00,24.5,0.0,0.9,134.0
466900,2026-04-15 07:00:00,25.3,0.0,3.9,167.0
466900,2026-04-15 08:00:00,26.2,0.0,2.3,164.0
466900,2026-04-15 09:00:00,27.5,0.0,0.3,178.0
466900,2026-04-15 10:00:00,27.7,0.0,1.7,294.0
466900,2026-04-15 11:00:00,28.5,0.0,1.4,290.0
466900,2026-04-15 12:00:00,28.0,0.0,2.1,298.0
466900,2026-04-15 13:00:00,27.9,0.0,1.8,287.0
466900,2026-04-15 14:00:00,27.1,0.0,1.8,329.0
466900,2026-04-15 15:00:00,26.9,0.0,2.5,12.0
466900,2026-04-15 16:00:00,26.7,0.0,2.3,338.0
466900,2026-04-15 17:00:00,26.1,0.0,1.4,17.0
466900,2026-04-15 18:00:00,25.8,0.0,1.9,17.0
466900,2026-04-15 19:00:00,25.5,0.0,0.8,159.0
466900,2026-04-15 20:00:00,24.9,0.05,2.5,149.0
466900,2026-04-15 21:00:00,24.7,0.05,2.6,157.0
466900,2026-04-15 22:00:00,24.3,0.05,2.6,152.0
466900,2026-04-15 23:00:00,24.2,0.05,3.7,160.0
466900,2026-04-16 00:00:00,22.6,6.5,2.9,21.0
466900,2026-04-16 01:00:00,22.4,36.5,2.6,153.0
466900,2026-04-16 02:00:00,22.0,1.0,2.5,156.0
466900,2026-04-16 03:00:00,22.0,0.0,1.7,151.0
466900,2026-04-16 04:00:00,22.2,0.0,2.0,137.0
466900,2026-04-16 05:00:00,22.2,0.0,0.0,0.0
466900,2026-04-16 06:00:00,22.4,0.0,0.1,0.0
466900,2026-04-16 07:00:00,22.7,0.0,1.6,148.0
466900,2026-04-16 08:00:00,23.6,0.0,1.3,134.0
466900,2026-04-16 09:00:00,24.8,0.0,0.1,0.0
466900,2026-04-16 10:00:00,25.7,0.0,0.4,263.0
466900,2026-04-16 11:00:00,26.8,0.0,1.0,285.0
466900,2026-04-16 12:00:00,27.5,0.0,1.5,252.0
466900,2026-04-16 13:00:00,26.4,0.0,0.8,274.0
466900,2026-04-16 14:00:00,26.4,0.0,1.0,292.0
466900,2026-04-16 15:00:00,27.3,0.0,1.0,233.0
466900,2026-04-16 16:00:00,25.7,0.0,1.0,285.0
466900,2026-04-16 17:00:00,25.5,0.0,0.6,284.0
466900,2026-04-16 18:00:00,25.2,0.0,0.5,296.0
466900,2026-04-16 19:00:00,24.9,0.0,0.7,314.0
466900,2026-04-16 20:00:00,24.5,0.05,0.9,21.0
466900,2026-04-16 21:00:00,24.4,0.0,1.2,316.0
466900,2026-04-16 22:00:00,24.2,0.05,0.8,346.0
466900,2026-04-16 23:00:00,24.0,0.05,1.8,153.0
466900,2026-04-17 00:00:00,24.0,0.0,1.3,143.0
466900,2026-04-17 01:00:00,23.8,0.0,0.4,314.0
466900,2026-04-17 02:00:00,23.7,0.0,0.1,0.0
466900,2026-04-17 03:00:00,23.7,0.0,0.3,242.0
466900,2026-04-17 04:00:00,23.6,0.05,1.1,243.0
466900,2026-04-17 05:00:00,23.1,0.05,0.3,240.0
466900,2026-04-17 06:00:00,23.0,0.0,1.4,314.0
466900,2026-04-17 07:00:00,23.2,0.05,0.9,310.0
466900,2026-04-17 08:00:00,23.6,0.0,1.3,306.0
466900,2026-04-17 09:00:00,24.3,0.0,1.4,306.0
466900,2026-04-17 10:00:00,25.7,0.0,1.3,279.0
466900,2026-04-17 11:00:00,25.9,0.0,1.6,295.0
466900,2026-04-17 12:00:00,26.7,0.0,1.4,300.0
466900,2026-04-17 13:00:00,26.2,0.0,2.1,305.0
466900,2026-04-17 14:00:00,25.9,0.0,2.1,325.0
466900,2026-04-17 15:00:00,26.4,0.0,2.1,3.0
466900,2026-04-17 16:00:00,24.6,0.0,3.0,17.0
466900,2026-04-17 17:00:00,24.3,0.0,2.2,22.0
466900,2026-04-17 18:00:00,23.8,0.0,1.1,22.0
466900,2026-04-17 19:00:00,23.9,0.0,1.0,36.0
466900,2026-04-17 20:00:00,23.8,0.0,0.5,52.0
466900,2026-04-17 21:00:00,23.4,0.0,0.2,0.0
466900,2026-04-17 22:00:00,23.2,0.0,0.3,92.0
466900,2026-04-17 23:00:00,23.6,0.0,2.7,159.0
466900,2026-04-18 00:00:00,23.1,0.0,1.8,154.0
466900,2026-04-18 01:00:00,22.6,0.0,0.5,92.0
466900,2026-04-18 02:00:00,23.3,0.0,2.2,154.0
466900,2026-04-18 03:00:00,22.8,0.0,1.3,157.0
466900,2026-04-18 04:00:00,22.4,0.0,0.9,145.0
466900,2026-04-18 05:00:00,22.9,0.0,4.3,164.0
466900,2026-04-18 06:00:00,22.8,0.0,2.9,159.0
466900,2026-04-18 07:00:00,23.1,0.0,2.0,148.0
466900,2026-04-18 08:00:00,23.6,0.0,1.2,166.0
466900,2026-04-18 09:00:00,24.6,0.0,2.5,164.0
466900,2026-04-18 10:00:00,25.0,0.0,3.3,162.0
466900,2026-04-18 11:00:00,25.6,0.0,2.2,151.0
466900,2026-04-18 12:00:00,26.2,0.0,0.4,183.0
466900,2026-04-18 13:00:00,26.0,0.0,2.2,14.0
466900,2026-04-18 14:00:00,26.9,0.0,2.1,327.0
466900,2026-04-18 15:00:00,25.8,0.0,1.1,314.0
466900,2026-04-18 16:00:00,25.6,0.0,2.2,358.0
466900,2026-04-18 17:00:00,24.8,0.0,1.7,344.0
466900,2026-04-18 18:00:00,23.4,0.0,2.1,6.0
466900,2026-04-18 19:00:00,23.2,0.0,0.6,164.0
466900,2026-04-18 20:00:00,22.4,0.0,0.3,173.0
466900,2026-04-18 21:00:00,22.3,0.0,0.4,141.0
466900,2026-04-18 22:00:00,22.3,0.0,0.6,247.0
466900,2026-04-18 23:00:00,22.2,0.0,0.4,156.0
466900,2026-04-19 00:00:00,21.9,0.0,0.1,0.0
466900,2026-04-19 01:00:00,22.0,0.0,1.5,154.0
466900,2026-04-19 02:00:00,22.0,0.0,1.9,157.0
466900,2026-04-19 03:00:00,21.8,0.0,2.0,163.0
466900,2026-04-19 04:00:00,21.8,0.0,2.2,155.0
466900,2026-04-19 05:00:00,21.6,0.0,1.6,147.0
466900,2026-04-19 06:00:00,21.7,0.0,2.1,145.0
466900,2026-04-19 07:00:00,22.1,0.0,1.4,143.0
466900,2026-04-19 08:00:00,23.0,0.0,1.9,166.0
466900,2026-04-19 09:00:00,23.8,0.0,0.6,360.0
466900,2026-04-19 10:00:00,25.5,0.0,1.2,251.0
466900,2026-04-19 11:00:00,26.7,0.0,1.5,318.0
466900,2026-04-19 12:00:00,27.3,0.0,1.4,26.0
466900,2026-04-19 13:00:00,27.8,0.0,2.2,346.0
466900,2026-04-19 14:00:00,27.8,0.0,3.0,357.0
466900,2026-04-19 15:00:00,28.3,0.0,1.6,27.0
466900,2026-04-19 16:00:00,27.5,0.0,1.8,322.0
466900,2026-04-19 17:00:00,27.0,0.0,2.0,2.0
466900,2026-04-19 18:00:00,25.5,0.0,3.7,161.0
466900,2026-04-19 19:00:00,24.2,0.0,4.2,165.0
466900,2026-04-19 20:00:00,23.4,0.0,4.6,163.0
466900,2026-04-19 21:00:00,22.6,0.0,2.8,146.0
466900,2026-04-19 22:00:00,22.7,0.0,3.5,143.0
466900,2026-04-19 23:00:00,22.0,0.0,3.9,142.0
466900,2026-04-20 00:00:00,21.9,0.0,3.1,146.0
466900,2026-04-20 01:00:00,22.2,0.0,2.8,141.0
466900,2026-04-20 02:00:00,20.0,0.0,1.0,102.0
466900,2026-04-20 03:00:00,19.0,0.0,0.8,93.0
466900,2026-04-20 04:00:00,19.1,0.0,1.0,96.0
466900,2026-04-20 05:00:00,19.8,0.0,2.0,139.0
466900,2026-04-20 06:00:00,20.5,0.0,2.8,154.0
466900,2026-04-20 07:00:00,21.5,0.0,3.7,164.0
466900,2026-04-20 08:00:00,23.1,0.0,4.9,166.0
466900,2026-04-20 09:00:00,25.7,0.0,3.5,169.0
466900,2026-04-20 10:00:00,27.9,0.0,0.9,269.0
466900,2026-04-20 11:00:00,29.0,0.0,1.5,284.0
466900,2026-04-20 12:00:00,28.9,0.0,2.1,311.0
466900,2026-04-20 13:00:00,28.3,0.0,1.6,293.0
466900,2026-04-20 14:00:00,28.0,0.0,1.6,297.0
466900,2026-04-20 15:00:00,28.8,0.0,1.3,328.0
466900,2026-04-20 16:00:00,28.2,0.0,1.7,322.0
466900,2026-04-20 17:00:00,27.0,0.0,1.2,17.0
466900,2026-04-20 18:00:00,26.0,0.0,0.7,274.0
466900,2026-04-20 19:00:00,24.3,0.0,0.8,83.0
466900,2026-04-20 20:00:00,23.3,0.0,0.9,111.0
466900,2026-04-20 21:00:00,23.2,0.0,1.1,104.0
466900,2026-04-20 22:00:00,23.2,0.0,1.5,132.0
466900,2026-04-20 23:00:00,23.0,0.0,2.7,137.0
466900,2026-04-21 00:00:00,23.7,0.0,3.8,146.0
466900,2026-04-21 01:00:00,24.9,0.0,3.7,159.0
466900,2026-04-21 02:00:00,25.0,0.0,3.3,150.0
466900,2026-04-21 03:00:00,25.3,0.0,3.7,150.0
466900,2026-04-21 04:00:00,24.5,0.0,2.2,161.0
466900,2026-04-21 05:00:00,24.0,0.0,2.1,158.0
466900,2026-04-21 06:00:00,24.3,0.0,3.4,154.0
466900,2026-04-21 07:00:00,25.0,0.0,3.7,155.0
466900,2026-04-21 08:00:00,25.7,0.0,4.0,151.0
466900,2026-04-21 09:00:00,26.3,0.0,5.1,146.0
466900,2026-04-21 10:00:00,28.2,0.0,4.5,139.0
466900,2026-04-21 11:00:00,28.7,0.0,6.4,144.0
466900,2026-04-21 12:00:00,29.1,0.0,6.7,150.0
466900,2026-04-21 13:00:00,29.0,0.0,6.9,148.0
466900,2026-04-21 14:00:00,28.7,0.0,7.0,155.0
466900,2026-04-21 15:00:00,27.8,0.0,7.7,155.0
466900,2026-04-21 16:00:00,27.6,0.0,6.5,151.0
466900,2026-04-21 17:00:00,26.5,0.0,6.0,160.0
466900,2026-04-21 18:00:00,25.6,0.0,6.0,159.0
466900,2026-04-21 19:00:00,25.2,0.0,4.9,155.0
466900,2026-04-21 20:00:00,25.2,0.0,5.6,162.0
466900,2026-04-21 21:00:00,25.2,0.0,4.8,161.0
466900,2026-04-21 22:00:00,25.0,0.0,4.8,156.0
466900,2026-04-21 23:00:00,25.2,0.0,3.9,159.0
466900,2026-04-22 00:00:00,25.4,0.0,4.5,166.0
466900,2026-04-22 01:00:00,25.0,0.0,3.6,160.0
466900,2026-04-22 02:00:00,24.6,0.0,2.8,155.0
466900,2026-04-22 03:00:00,24.7,0.0,3.7,165.0
466900,2026-04-22 04:00:00,23.7,0.0,2.7,151.0
466900,2026-04-22 05:00:00,23.1,0.0,2.3,143.0
466900,2026-04-22 06:00:00,23.1,0.0,2.2,151.0
466900,2026-04-22 07:00:00,24.1,0.0,2.4,156.0
466900,2026-04-22 08:00:00,25.6,0.0,3.2,164.0
466900,2026-04-22 09:00:00,26.5,0.0,3.4,168.0
466900,2026-04-22 10:00:00,27.9,0.0,1.8,166.0
466900,2026-04-22 11:00:00,27.7,0.0,0.8,298.0
466900,2026-04-22 12:00:00,29.0,0.0,1.1,299.0
466900,2026-04-22 13:00:00,28.9,0.0,1.1,297.0
466900,2026-04-22 14:00:00,28.8,0.0,1.5,307.0
466900,2026-04-22 15:00:00,27.6,0.0,2.3,318.0
466900,2026-04-22 16:00:00,27.3,0.0,1.1,313.0
466900,2026-04-22 17:00:00,28.1,0.0,1.0,246.0
466900,2026-04-22 18:00:00,28.3,0.0,0.8,285.0
466900,2026-04-22 19:00:00,27.4,0.0,0.6,271.0
466900,2026-04-22 20:00:00,27.0,0.0,1.4,143.0
466900,2026-04-22 21:00:00,25.9,0.0,0.6,96.0
466900,2026-04-22 22:00:00,25.5,0.0,0.7,104.0
466900,2026-04-22 23:00:00,25.6,0.0,0.2,0.0
466900,2026-04-23 00:00:00,25.6,0.05,1.1,50.0
466900,2026-04-23 01:00:00,25.0,0.05,2.2,159.0
466900,2026-04-23 02:00:00,24.7,0.05,2.7,148.0
466900,2026-04-23 03:00:00,25.0,0.05,1.2,243.0
466900,2026-04-23 04:00:00,25.1,0.0,0.9,319.0
466900,2026-04-23 05:00:00,25.6,0.5,0.7,267.0
466900,2026-04-23 06:00:00,25.3,0.0,0.6,124.0
466900,2026-04-23 07:00:00,26.2,0.0,1.3,176.0
466900,2026-04-23 08:00:00,27.3,0.0,1.1,278.0
466900,2026-04-23 09:00:00,29.2,0.0,1.5,260.0
466900,2026-04-23 10:00:00,29.4,0.0,2.0,286.0
466900,2026-04-23 11:00:00,28.8,0.0,2.9,292.0
466900,2026-04-23 12:00:00,29.7,0.0,3.0,295.0
466900,2026-04-23 13:00:00,27.7,0.0,3.0,301.0
466900,2026-04-23 14:00:00,26.9,0.0,3.9,307.0
466900,2026-04-23 15:00:00,23.7,0.0,3.8,30.0
466900,2026-04-23 16:00:00,21.8,1.0,3.4,1.0
466900,2026-04-23 17:00:00,20.7,0.05,4.4,23.0
466900,2026-04-23 18:00:00,19.9,4.0,3.9,18.0
466900,2026-04-23 19:00:00,19.6,0.5,2.6,32.0
466900,2026-04-23 20:00:00,19.3,2.5,2.6,28.0
466900,2026-04-23 21:00:00,18.9,2.5,2.8,14.0
466900,2026-04-23 22:00:00,19.5,1.0,1.2,58.0
466900,2026-04-23 23:00:00,19.3,1.0,1.5,11.0
466900,2026-04-24 00:00:00,19.6,2.0,1.7,157.0
466900,2026-04-24 01:00:00,19.7,0.5,0.3,20.0
466900,2026-04-24 02:00:00,19.2,1.0,0.9,59.0
466900,2026-04-24 03:00:00,19.1,5.0,1.5,27.0
466900,2026-04-24 04:00:00,19.1,3.0,0.7,146.0
466900,2026-04-24 05:00:00,19.0,1.5,0.5,70.0
466900,2026-04-24 06:00:00,18.8,1.5,2.0,28.0
466900,2026-04-24 07:00:00,18.9,0.5,2.6,27.0
466900,2026-04-24 08:00:00,18.8,0.05,2.2,18.0
466900,2026-04-24 09:00:00,19.0,0.05,3.0,24.0
466900,2026-04-24 10:00:00,19.0,0.0,2.8,28.0
466900,2026-04-24 11:00:00,19.7,0.0,3.2,25.0
466900,2026-04-24 12:00:00,19.4,0.0,2.9,22.0
466900,2026-04-24 13:00:00,19.6,0.05,1.9,29.0
466900,2026-04-24 14:00:00,19.6,0.05,1.2,30.0
466900,2026-04-24 15:00:00,19.7,0.5,1.3,20.0
466900,2026-04-24 16:00:00,19.6,0.05,1.2,55.0
466900,2026-04-24 17:00:00,18.6,1.5,1.0,65.0
466900,2026-04-24 18:00:00,18.5,1.0,0.5,97.0
466900,2026-04-24 19:00:00,18.5,0.5,2.1,139.0
466900,2026-04-24 20:00:00,18.6,1.5,1.8,154.0
466900,2026-04-24 21:00:00,18.0,1.5,2.3,144.0
466900,2026-04-24 22:00:00,18.2,0.5,2.2,140.0
466900,2026-04-24 23:00:00,18.1,1.5,0.7,119.0
466900,2026-04-25 00:00:00,18.0,0.5,0.8,126.0
466900,2026-04-25 01:00:00,18.1,0.5,1.9,143.0
466900,2026-04-25 02:00:00,18.1,0.5,0.0,0.0
466900,2026-04-25 03:00:00,18.1,1.5,2.3,158.0
466900,2026-04-25 04:00:00,18.1,0.05,1.1,25.0
466900,2026-04-25 05:00:00,18.0,0.5,0.5,99.0
466900,2026-04-25 06:00:00,17.9,0.5,1.0,133.0
466900,2026-04-25 07:00:00,18.2,0.05,2.2,135.0
466900,2026-04-25 08:00:00,18.5,0.0,0.0,0.0
466900,2026-04-25 09:00:00,19.6,0.0,1.5,155.0
466900,2026-04-25 10:00:00,20.7,0.0,1.5,157.0
466900,2026-04-25 11:00:00,20.4,0.0,0.3,262.0
466900,2026-04-25 12:00:00,20.0,0.5,1.5,23.0
466900,2026-04-25 13:00:00,20.2,0.05,0.6,337.0
466900,2026-04-25 14:00:00,19.6,0.0,2.4,15.0
466900,2026-04-25 15:00:00,18.5,0.5,3.4,26.0
466900,2026-04-25 16:00:00,19.0,0.05,0.4,87.0
466900,2026-04-25 17:00:00,18.9,0.05,0.4,28.0
466900,2026-04-25 18:00:00,18.9,0.5,1.1,28.0
466900,2026-04-25 19:00:00,18.6,1.5,0.9,142.0
466900,2026-04-25 20:00:00,18.6,1.0,0.6,150.0
466900,2026-04-25 21:00:00,18.4,0.05,2.9,148.0
466900,2026-04-25 22:00:00,18.4,0.0,3.4,147.0
466900,2026-04-25 23:00:00,18.1,0.0,2.6,142.0
466900,2026-04-26 00:00:00,18.2,0.0,2.5,148.0
466900,2026-04-26 01:00:00,18.2,0.0,0.8,122.0
466900,2026-04-26 02:00:00,17.9,0.0,0.8,81.0
466900,2026-04-26 03:00:00,17.5,0.0,0.5,72.0
466900,2026-04-26 04:00:00,17.5,0.0,0.6,47.0
466900,2026-04-26 05:00:00,17.3,0.0,0.6,85.0
466900,2026-04-26 06:00:00,16.9,0.0,0.6,79.0
466900,2026-04-26 07:00:00,18.0,0.0,1.1,135.0
466900,2026-04-26 08:00:00,20.6,0.0,1.9,162.0
466900,2026-04-26 09:00:00,22.4,0.0,1.1,155.0
466900,2026-04-26 10:00:00,23.7,0.0,1.4,343.0
466900,2026-04-26 11:00:00,24.8,0.0,0.9,306.0
466900,2026-04-26 12:00:00,25.8,0.0,1.2,344.0
466900,2026-04-26 13:00:00,26.3,0.0,2.3,335.0
466900,2026-04-26 14:00:00,26.8,0.0,2.6,332.0
466900,2026-04-26 15:00:00,27.6,0.0,1.5,312.0
466900,2026-04-26 16:00:00,26.3,0.0,1.1,283.0
466900,2026-04-26 17:00:00,26.3,0.0,1.3,8.0
466900,2026-04-26 18:00:00,24.5,0.0,1.0,20.0
466900,2026-04-26 19:00:00,22.1,0.0,1.1,109.0
466900,2026-04-26 20:00:00,22.0,0.0,2.8,141.0
466900,2026-04-26 21:00:00,21.7,0.0,4.2,145.0
466900,2026-04-26 22:00:00,22.2,0.0,4.9,159.0
466900,2026-04-26 23:00:00,22.1,0.0,4.1,157.0
466900,2026-04-27 00:00:00,22.1,0.0,3.6,153.0
466900,2026-04-27 01:00:00,21.2,0.0,3.1,143.0
466900,2026-04-27 02:00:00,20.5,0.0,2.0,134.0
466900,2026-04-27 03:00:00,19.9,0.0,2.2,145.0
466900,2026-04-27 04:00:00,19.5,0.0,2.7,144.0
466900,2026-04-27 05:00:00,19.3,0.0,3.1,153.0
466900,2026-04-27 06:00:00,18.9,0.0,3.1,152.0
466900,2026-04-27 07:00:00,20.2,0.0,3.8,154.0
466900,2026-04-27 08:00:00,22.1,0.0,4.4,168.0
466900,2026-04-27 09:00:00,24.5,0.0,3.6,168.0
466900,2026-04-27 10:00:00,26.6,0.0,0.7,248.0
466900,2026-04-27 11:00:00,27.6,0.0,0.9,309.0
466900,2026-04-27 12:00:00,26.6,0.0,2.5,308.0
466900,2026-04-27 13:00:00,27.1,0.0,2.2,316.0
466900,2026-04-27 14:00:00,26.5,0.0,2.0,313.0
466900,2026-04-27 15:00:00,25.5,0.0,0.6,307.0
466900,2026-04-27 16:00:00,25.3,0.0,0.8,296.0
466900,2026-04-27 17:00:00,24.8,0.0,0.5,312.0
466900,2026-04-27 18:00:00,24.1,0.0,0.3,303.0
466900,2026-04-27 19:00:00,22.7,0.0,0.4,80.0
466900,2026-04-27 20:00:00,22.5,0.0,0.7,84.0
466900,2026-04-27 21:00:00,21.5,0.0,0.6,77.0
466900,2026-04-27 22:00:00,21.6,0.0,1.1,93.0
466900,2026-04-27 23:00:00,21.4,0.0,1.3,119.0
466900,2026-04-28 00:00:00,21.7,0.0,2.2,143.0
466900,2026-04-28 01:00:00,22.0,0.0,1.6,134.0
466900,2026-04-28 02:00:00,22.0,0.0,3.5,147.0
466900,2026-04-28 03:00:00,21.7,0.0,3.6,150.0
466900,2026-04-28 04:00:00,21.6,0.0,3.1,142.0
466900,2026-04-28 05:00:00,21.4,0.0,3.6,146.0
466900,2026-04-28 06:00:00,21.6,0.0,3.1,148.0
466900,2026-04-28 07:00:00,22.5,0.0,3.7,149.0
466900,2026-04-28 08:00:00,24.0,0.0,2.7,154.0
466900,2026-04-28 09:00:00,25.1,0.0,2.3,164.0
466900,2026-04-28 10:00:00,26.2,0.0,0.7,294.0
466900,2026-04-28 11:00:00,27.4,0.0,1.0,290.0
466900,2026-04-28 12:00:00,26.4,0.0,1.2,303.0
466900,2026-04-28 13:00:00,27.3,0.0,2.8,326.0
466900,2026-04-28 14:00:00,27.3,0.0,3.2,335.0
466900,2026-04-28 15:00:00,27.5,0.0,2.4,321.0
466900,2026-04-28 16:00:00,27.5,0.0,2.2,354.0
466900,2026-04-28 17:00:00,27.0,0.0,1.2,16.0
466900,2026-04-28 18:00:00,26.2,0.0,0.1,0.0
466900,2026-04-28 19:00:00,26.1,0.0,3.6,160.0
466900,2026-04-28 20:00:00,25.9,0.0,3.2,159.0
466900,2026-04-28 21:00:00,25.6,0.0,3.4,158.0
466900,2026-04-28 22:00:00,25.5,0.0,4.7,162.0
466900,2026-04-28 23:00:00,25.3,0.0,3.7,156.0
466900,2026-04-29 00:00:00,25.3,0.0,4.9,164.0
466900,2026-04-29 01:00:00,25.3,0.0,4.3,161.0
466900,2026-04-29 02:00:00,25.0,0.0,4.1,163.0
466900,2026-04-29 03:00:00,24.9,0.0,3.6,158.0
466900,2026-04-29 04:00:00,24.5,0.0,3.4,161.0
466900,2026-04-29 05:00:00,23.7,0.0,2.9,143.0
466900,2026-04-29 06:00:00,23.4,0.0,2.2,144.0
466900,2026-04-29 07:00:00,24.6,0.0,2.8,167.0
466900,2026-04-29 08:00:00,25.7,0.0,3.3,167.0
466900,2026-04-29 09:00:00,28.1,0.0,0.6,165.0
466900,2026-04-29 10:00:00,28.9,0.0,1.1,279.0
466900,2026-04-29 11:00:00,28.9,0.0,0.9,293.0
466900,2026-04-29 12:00:00,27.7,0.0,0.9,304.0
466900,2026-04-29 13:00:00,27.7,0.05,0.6,300.0
466900,2026-04-29 14:00:00,26.7,0.0,1.6,314.0
466900,2026-04-29 15:00:00,26.0,0.05,2.1,321.0
466900,2026-04-29 16:00:00,25.6,0.05,3.1,16.0
466900,2026-04-29 17:00:00,23.7,0.0,3.0,13.0
466900,2026-04-29 18:00:00,22.4,0.5,3.5,24.0
466900,2026-04-29 19:00:00,21.8,0.05,2.6,19.0
466900,2026-04-29 20:00:00,21.0,1.0,3.5,20.0
466900,2026-04-29 21:00:00,21.2,0.0,3.4,27.0
466900,2026-04-29 22:00:00,20.0,0.05,4.0,12.0
466900,2026-04-29 23:00:00,19.7,0.05,3.0,16.0
466900,2026-04-30 00:00:00,19.5,0.05,3.6,16.0
466900,2026-04-30 01:00:00,19.4,0.05,3.1,15.0
466900,2026-04-30 02:00:00,19.2,0.05,2.4,353.0
466900,2026-04-30 03:00:00,19.0,0.5,2.1,12.0
466900,2026-04-30 04:00:00,19.1,0.05,2.1,9.0
466900,2026-04-30 05:00:00,19.0,0.05,2.6,11.0
466900,2026-04-30 06:00:00,18.8,0.5,1.6,7.0
466900,2026-04-30 07:00:00,18.8,0.05,3.2,5.0
466900,2026-04-30 08:00:00,19.0,0.5,3.2,14.0
466900,2026-04-30 09:00:00,19.0,1.0,3.0,14.0
466900,2026-04-30 10:00:00,18.7,1.0,3.3,15.0
466900,2026-04-30 11:00:00,18.9,0.5,3.0,18.0
466900,2026-04-30 12:00:00,18.5,0.5,3.3,17.0
466900,2026-04-30 13:00:00,18.4,0.5,3.5,16.0
466900,2026-04-30 14:00:00,18.2,2.0,3.0,7.0
466900,2026-04-30 15:00:00,18.5,1.0,2.3,356.0
466900,2026-04-30 16:00:00,18.3,0.05,2.2,13.0
466900,2026-04-30 17:00:00,18.4,0.05,2.1,12.0
466900,2026-04-30 18:00:00,18.0,0.5,2.4,14.0
466900,2026-04-30 19:00:00,17.8,0.05,1.8,15.0
466900,2026-04-30 20:00:00,17.8,0.05,2.1,24.0
466900,2026-04-30 21:00:00,17.7,0.05,1.0,23.0
466900,2026-04-30 22:00:00,18.2,0.0,1.0,57.0
466900,2026-04-30 23:00:00,18.3,0.0,1.1,113.0
466900,2026-05-01 00:00:00,18.6,0.0,0.2,0.0
466900,2026-05-01 01:00:00,18.1,0.0,0.5,54.0
466900,2026-05-01 02:00:00,18.3,0.0,2.2,29.0
466900,2026-05-01 03:00:00,18.4,0.0,1.2,43.0
466900,2026-05-01 04:00:00,18.6,0.0,0.6,42.0
466900,2026-05-01 05:00:00,18.6,0.0,0.9,46.0
466900,2026-05-01 06:00:00,18.5,0.0,0.7,54.0
466900,2026-05-01 07:00:00,19.3,0.0,0.3,12.0
466900,2026-05-01 08:00:00,20.4,0.0,0.4,350.0
466900,2026-05-01 09:00:00,21.6,0.0,0.5,249.0
466900,2026-05-01 10:00:00,22.4,0.5,4.0,170.0
466900,2026-05-01 11:00:00,22.8,0.0,3.9,147.0
466900,2026-05-01 12:00:00,23.4,0.0,6.2,163.0
466900,2026-05-01 13:00:00,23.6,0.0,6.0,162.0
466900,2026-05-01 14:00:00,23.1,0.0,4.8,160.0
466900,2026-05-01 15:00:00,22.8,0.0,6.0,160.0
466900,2026-05-01 16:00:00,22.9,0.0,5.3,158.0
466900,2026-05-01 17:00:00,23.0,0.0,5.6,155.0
466900,2026-05-01 18:00:00,22.7,0.0,5.5,159.0
466900,2026-05-01 19:00:00,22.6,0.0,6.7,163.0
466900,2026-05-01 20:00:00,22.6,0.0,7.3,164.0
466900,2026-05-01 21:00:00,22.6,0.0,7.8,168.0
466900,2026-05-01 22:00:00,22.8,0.0,7.4,168.0
466900,2026-05-01 23:00:00,22.8,0.0,6.4,163.0
466900,2026-05-02 00:00:00,22.8,0.0,5.8,162.0
466900,2026-05-02 01:00:00,22.7,0.05,5.6,164.0
466900,2026-05-02 02:00:00,22.7,0.05,5.7,167.0
466900,2026-05-02 03:00:00,22.7,0.0,4.4,167.0
466900,2026-05-02 04:00:00,22.2,0.0,4.1,155.0
466900,2026-05-02 05:00:00,22.1,0.0,4.2,161.0
466900,2026-05-02 06:00:00,21.8,0.0,2.7,151.0
466900,2026-05-02 07:00:00,22.2,0.0,4.1,149.0
466900,2026-05-02 08:00:00,23.5,0.0,4.7,166.0
466900,2026-05-02 09:00:00,24.7,0.0,1.5,157.0
466900,2026-05-02 10:00:00,26.6,0.0,3.4,167.0
466900,2026-05-02 11:00:00,26.7,0.0,1.3,292.0
466900,2026-05-02 12:00:00,26.3,0.0,1.3,305.0
466900,2026-05-02 13:00:00,24.9,0.0,2.1,309.0
466900,2026-05-02 14:00:00,24.5,0.0,1.0,304.0
466900,2026-05-02 15:00:00,24.7,0.0,0.3,288.0
466900,2026-05-02 16:00:00,24.7,0.0,0.3,293.0
466900,2026-05-02 17:00:00,25.4,0.0,0.4,279.0
466900,2026-05-02 18:00:00,24.9,0.0,0.0,0.0
466900,2026-05-02 19:00:00,24.1,0.0,1.1,133.0
466900,2026-05-02 20:00:00,24.2,0.0,1.9,133.0
466900,2026-05-02 21:00:00,23.9,0.0,2.4,147.0
466900,2026-05-02 22:00:00,23.2,0.0,0.3,180.0
466900,2026-05-02 23:00:00,22.9,0.0,0.3,120.0
466900,2026-05-03 00:00:00,22.3,0.0,0.3,106.0
466900,2026-05-03 01:00:00,22.8,0.0,2.1,137.0
466900,2026-05-03 02:00:00,23.0,0.0,2.5,156.0
466900,2026-05-03 03:00:00,22.5,0.0,2.2,150.0
466900,2026-05-03 04:00:00,22.6,0.0,2.5,145.0
466900,2026-05-03 05:00:00,22.5,0.0,3.1,147.0
466900,2026-05-03 06:00:00,22.6,0.0,3.6,152.0
466900,2026-05-03 07:00:00,23.5,0.0,2.5,150.0
466900,2026-05-03 08:00:00,26.2,0.0,2.9,149.0
466900,2026-05-03 09:00:00,28.7,0.0,1.5,242.0
466900,2026-05-03 10:00:00,28.0,0.0,1.6,308.0
466900,2026-05-03 11:00:00,29.1,0.0,2.2,294.0
466900,2026-05-03 12:00:00,27.4,0.0,1.9,299.0
466900,2026-05-03 13:00:00,27.3,0.0,2.3,298.0
466900,2026-05-03 14:00:00,27.6,0.0,1.9,296.0
466900,2026-05-03 15:00:00,26.8,0.0,2.1,301.0
466900,2026-05-03 16:00:00,26.8,0.0,2.2,311.0
466900,2026-05-03 17:00:00,26.5,0.0,2.8,309.0
466900,2026-05-03 18:00:00,26.0,0.0,2.6,329.0
466900,2026-05-03 19:00:00,25.5,0.0,2.2,317.0
466900,2026-05-03 20:00:00,25.1,0.0,1.9,311.0
466900,2026-05-03 21:00:00,25.1,0.0,2.7,343.0
466900,2026-05-03 22:00:00,24.0,0.0,2.3,22.0
466900,2026-05-03 23:00:00,23.6,0.0,3.5,23.0
466900,2026-05-04 00:00:00,22.6,0.0,4.7,25.0
466900,2026-05-04 01:00:00,22.4,0.05,2.4,45.0
466900,2026-05-04 02:00:00,22.5,0.05,1.7,79.0
466900,2026-05-04 03:00:00,21.0,0.05,2.2,128.0
466900,2026-05-04 04:00:00,21.3,0.05,2.0,129.0
466900,2026-05-04 05:00:00,19.2,1.0,1.6,9.0
466900,2026-05-04 06:00:00,18.6,1.0,2.1,18.0
466900,2026-05-04 07:00:00,18.9,1.0,1.8,74.0
466900,2026-05-04 08:00:00,19.0,0.0,1.3,52.0
466900,2026-05-04 09:00:00,20.0,0.05,3.1,148.0
466900,2026-05-04 10:00:00,20.4,0.05,3.2,163.0
466900,2026-05-04 11:00:00,21.3,0.5,1.2,138.0
466900,2026-05-04 12:00:00,23.1,0.05,1.5,176.0
466900,2026-05-04 13:00:00,24.3,0.0,1.6,35.0
466900,2026-05-04 14:00:00,23.2,0.0,1.3,37.0
466900,2026-05-04 15:00:00,22.5,0.05,1.2,58.0
466900,2026-05-04 16:00:00,21.1,0.0,1.4,331.0
466900,2026-05-04 17:00:00,21.3,0.05,0.9,328.0
466900,2026-05-04 18:00:00,20.7,0.05,0.6,130.0
466900,2026-05-04 19:00:00,17.8,0.05,3.7,149.0
466900,2026-05-04 20:00:00,17.3,1.0,4.3,150.0
466900,2026-05-04 21:00:00,17.2,1.0,1.0,95.0
466900,2026-05-04 22:00:00,17.9,0.5,4.2,145.0
466900,2026-05-04 23:00:00,18.8,0.05,5.0,155.0
466900,2026-05-05 00:00:00,19.7,0.05,5.7,159.0
466900,2026-05-05 01:00:00,20.5,0.05,4.8,149.0
466900,2026-05-05 02:00:00,20.8,0.05,5.6,157.0
466900,2026-05-05 03:00:00,20.8,0.05,6.0,157.0
466900,2026-05-05 04:00:00,20.5,0.5,5.6,158.0
466900,2026-05-05 05:00:00,19.5,1.5,4.2,159.0
466900,2026-05-05 06:00:00,18.9,1.0,1.4,137.0
466900,2026-05-05 07:00:00,18.9,1.0,0.5,72.0
466900,2026-05-05 08:00:00,19.7,1.0,4.3,162.0
466900,2026-05-05 09:00:00,19.7,4.0,2.1,141.0
466900,2026-05-05 10:00:00,20.0,2.0,2.8,148.0
466900,2026-05-05 11:00:00,20.5,0.5,2.7,153.0
466900,2026-05-05 12:00:00,20.6,0.05,1.0,87.0
466900,2026-05-05 13:00:00,20.5,0.0,0.8,104.0
466900,2026-05-05 14:00:00,21.0,0.05,3.3,149.0
466900,2026-05-05 15:00:00,21.0,0.5,3.2,155.0
466900,2026-05-05 16:00:00,20.9,1.0,1.9,147.0
466900,2026-05-05 17:00:00,20.9,0.5,2.7,145.0
466900,2026-05-05 18:00:00,20.5,3.5,2.6,148.0
466900,2026-05-05 19:00:00,20.4,1.5,2.8,144.0
466900,2026-05-05 20:00:00,20.5,1.0,1.7,148.0
466900,2026-05-05 21:00:00,20.5,1.0,2.1,133.0
466900,2026-05-05 22:00:00,20.4,1.5,0.8,143.0
466900,2026-05-05 23:00:00,20.4,0.05,1.8,145.0
466900,2026-05-06 00:00:00,20.4,1.0,0.5,75.0
466900,2026-05-06 01:00:00,20.5,1.0,0.3,110.0
466900,2026-05-06 02:00:00,20.6,1.0,2.2,144.0
466900,2026-05-06 03:00:00,20.6,1.0,1.2,147.0
466900,2026-05-06 04:00:00,20.4,0.5,2.1,141.0
466900,2026-05-06 05:00:00,20.3,1.0,0.8,154.0
466900,2026-05-06 06:00:00,20.5,0.05,1.2,147.0
466900,2026-05-06 07:00:00,20.9,0.0,0.9,99.0
466900,2026-05-06 08:00:00,21.5,0.0,2.1,156.0
466900,2026-05-06 09:00:00,23.1,0.0,0.1,0.0
466900,2026-05-06 10:00:00,23.8,0.0,2.0,14.0
466900,2026-05-06 11:00:00,25.0,0.0,3.3,354.0
466900,2026-05-06 12:00:00,25.4,0.0,3.5,9.0
466900,2026-05-06 13:00:00,26.8,0.0,2.3,12.0
466900,2026-05-06 14:00:00,26.7,0.0,3.2,360.0
466900,2026-05-06 15:00:00,26.4,0.0,3.4,5.0
466900,2026-05-06 16:00:00,26.7,0.0,2.1,7.0
466900,2026-05-06 17:00:00,26.2,0.0,0.8,154.0
466900,2026-05-06 18:00:00,24.4,0.0,1.8,151.0
466900,2026-05-06 19:00:00,23.6,0.0,3.6,167.0
466900,2026-05-06 20:00:00,22.6,0.0,0.3,120.0
466900,2026-05-06 21:00:00,22.3,0.0,0.3,56.0
466900,2026-05-06 22:00:00,22.8,0.0,0.8,83.0
466900,2026-05-06 23:00:00,22.3,0.0,0.6,67.0
466900,2026-05-07 00:00:00,22.4,0.0,1.6,137.0
466900,2026-05-07 01:00:00,22.7,0.0,2.1,138.0
466900,2026-05-07 02:00:00,22.5,0.0,2.8,144.0
466900,2026-05-07 03:00:00,22.4,0.0,2.6,144.0
466900,2026-05-07 04:00:00,22.0,0.0,0.9,141.0
466900,2026-05-07 05:00:00,21.6,0.0,1.9,153.0
466900,2026-05-07 06:00:00,21.8,0.0,2.7,163.0
466900,2026-05-07 07:00:00,22.8,0.0,2.3,155.0
466900,2026-05-07 08:00:00,23.7,0.0,2.8,162.0
466900,2026-05-07 09:00:00,24.9,0.0,1.3,162.0
466900,2026-05-07 10:00:00,27.4,0.0,0.5,315.0
466900,2026-05-07 11:00:00,27.8,0.0,1.8,307.0
466900,2026-05-07 12:00:00,28.5,0.0,1.4,300.0
466900,2026-05-07 13:00:00,27.8,0.0,1.1,298.0
466900,2026-05-07 14:00:00,26.9,0.0,1.2,311.0
466900,2026-05-07 15:00:00,27.5,0.0,1.6,328.0
466900,2026-05-07 16:00:00,26.6,0.0,0.8,357.0
466900,2026-05-07 17:00:00,26.4,0.0,1.2,323.0
466900,2026-05-07 18:00:00,25.5,0.0,0.3,290.0
466900,2026-05-07 19:00:00,24.9,0.0,0.3,295.0
466900,2026-05-07 20:00:00,24.4,0.0,0.2,0.0
466900,2026-05-07 21:00:00,24.4,0.0,0.4,110.0
466900,2026-05-07 22:00:00,25.2,0.0,2.6,160.0
466900,2026-05-07 23:00:00,25.1,0.0,2.7,146.0
466900,2026-05-08 00:00:00,24.9,0.0,2.3,146.0
466900,2026-05-08 01:00:00,23.7,0.0,0.3,344.0
466900,2026-05-08 02:00:00,23.5,0.0,1.1,30.0
466900,2026-05-08 03:00:00,23.4,0.0,0.6,109.0
466900,2026-05-08 04:00:00,23.3,0.0,0.3,103.0
466900,2026-05-08 05:00:00,23.2,0.0,0.2,0.0
466900,2026-05-08 06:00:00,23.8,0.0,0.6,332.0
466900,2026-05-08 07:00:00,24.9,0.0,1.6,14.0
466900,2026-05-08 08:00:00,26.4,0.0,2.6,1.0
466900,2026-05-08 09:00:00,25.6,0.0,2.8,16.0
466900,2026-05-08 10:00:00,23.5,0.05,4.6,21.0
466900,2026-05-08 11:00:00,22.9,0.05,4.1,20.0
466900,2026-05-08 12:00:00,24.2,0.05,4.0,23.0
466900,2026-05-08 13:00:00,24.8,0.0,3.8,24.0
466900,2026-05-08 14:00:00,23.3,0.0,3.7,27.0
466900,2026-05-08 15:00:00,22.8,0.0,3.9,22.0
466900,2026-05-08 16:00:00,22.2,0.0,4.7,29.0
466900,2026-05-08 17:00:00,21.3,0.05,5.0,22.0
466900,2026-05-08 18:00:00,21.2,0.0,3.7,21.0
466900,2026-05-08 19:00:00,20.4,0.05,4.3,25.0
466900,2026-05-08 20:00:00,20.2,0.0,4.0,22.0
466900,2026-05-08 21:00:00,20.0,0.0,3.3,24.0
466900,2026-05-08 22:00:00,19.9,0.0,2.2,33.0
466900,2026-05-08 23:00:00,19.9,0.05,2.3,28.0
466900,2026-05-09 00:00:00,20.0,0.0,2.5,28.0
466900,2026-05-09 01:00:00,19.6,0.05,2.2,31.0
466900,2026-05-09 02:00:00,19.5,0.05,2.3,25.0
466900,2026-05-09 03:00:00,19.5,0.0,2.0,34.0
466900,2026-05-09 04:00:00,19.3,0.0,3.8,22.0
466900,2026-05-09 05:00:00,19.5,0.0,2.9,21.0
466900,2026-05-09 06:00:00,19.5,0.0,3.0,24.0
466900,2026-05-09 07:00:00,19.5,0.05,2.5,27.0
466900,2026-05-09 08:00:00,19.8,0.05,2.0,20.0
466900,2026-05-09 09:00:00,19.7,0.05,2.7,41.0
466900,2026-05-09 10:00:00,20.4,0.05,1.9,28.0
466900,2026-05-09 11:00:00,21.2,0.05,2.1,33.0
466900,2026-05-09 12:00:00,22.1,0.0,0.9,244.0
466900,2026-05-09 13:00:00,22.0,0.0,2.4,27.0
466900,2026-05-09 14:00:00,20.9,0.05,2.3,30.0
466900,2026-05-09 15:00:00,21.0,0.0,0.5,302.0
466900,2026-05-09 16:00:00,21.3,0.0,0.6,264.0
466900,2026-05-09 17:00:00,20.3,0.05,0.4,306.0
466900,2026-05-09 18:00:00,20.0,0.5,0.5,242.0
466900,2026-05-09 19:00:00,19.9,0.05,0.0,0.0
466900,2026-05-09 20:00:00,20.0,0.0,0.3,74.0
466900,2026-05-09 21:00:00,20.2,0.0,1.3,325.0
466900,2026-05-09 22:00:00,20.4,0.05,0.8,46.0
466900,2026-05-09 23:00:00,20.5,0.05,0.8,99.0
466900,2026-05-10 00:00:00,20.9,0.05,0.4,38.0
466900,2026-05-10 01:00:00,20.8,0.05,0.8,81.0
466900,2026-05-10 02:00:00,21.0,0.05,1.0,37.0
466900,2026-05-10 03:00:00,20.8,0.05,0.2,0.0
466900,2026-05-10 04:00:00,20.6,1.5,0.8,54.0
466900,2026-05-10 05:00:00,20.6,5.0,0.3,0.0
466900,2026-05-10 06:00:00,20.9,0.05,1.9,143.0
466900,2026-05-10 07:00:00,21.7,0.0,1.4,142.0
466900,2026-05-10 08:00:00,21.7,0.0,1.3,355.0
466900,2026-05-10 09:00:00,22.4,0.0,0.5,333.0
466900,2026-05-10 10:00:00,23.2,0.0,0.2,0.0
466900,2026-05-10 11:00:00,24.5,0.0,0.2,0.0
466900,2026-05-10 12:00:00,25.3,0.0,2.5,6.0
466900,2026-05-10 13:00:00,24.5,0.0,3.1,11.0
466900,2026-05-10 14:00:00,23.9,0.0,2.6,5.0
466900,2026-05-10 15:00:00,23.9,0.0,2.7,16.0
466900,2026-05-10 16:00:00,24.1,0.0,2.1,6.0
466900,2026-05-10 17:00:00,23.8,0.0,2.3,7.0
466900,2026-05-10 18:00:00,23.2,0.05,1.5,23.0
466900,2026-05-10 19:00:00,23.0,0.05,0.7,16.0
466900,2026-05-10 20:00:00,23.0,0.0,1.3,17.0
466900,2026-05-10 21:00:00,23.0,0.0,1.0,349.0
466900,2026-05-10 22:00:00,22.9,0.0,1.6,20.0
466900,2026-05-10 23:00:00,22.9,0.0,0.6,359.0
466900,2026-05-11 00:00:00,23.0,0.0,0.5,3.0
466900,2026-05-11 01:00:00,22.9,0.0,0.0,0.0
466900,2026-05-11 02:00:00,22.7,0.0,0.1,0.0
466900,2026-05-11 03:00:00,22.6,0.0,0.0,0.0
466900,2026-05-11 04:00:00,22.6,0.0,0.3,26.0
466900,2026-05-11 05:00:00,22.6,0.05,1.2,24.0
466900,2026-05-11 06:00:00,22.7,0.05,1.7,24.0
466900,2026-05-11 07:00:00,22.7,0.0,1.4,14.0
466900,2026-05-11 08:00:00,23.0,0.05,2.2,13.0
466900,2026-05-11 09:00:00,23.4,0.5,1.3,9.0
466900,2026-05-11 10:00:00,24.1,0.0,2.2,23.0
466900,2026-05-11 11:00:00,24.1,0.0,1.9,5.0
466900,2026-05-11 12:00:00,25.2,0.0,2.3,8.0
466900,2026-05-11 13:00:00,25.3,0.0,1.8,9.0
466900,2026-05-11 14:00:00,25.6,0.0,2.0,360.0
466900,2026-05-11 15:00:00,26.2,0.0,1.4,344.0
466900,2026-05-11 16:00:00,25.1,0.0,2.8,353.0
466900,2026-05-11 17:00:00,24.6,0.0,0.6,360.0
466900,2026-05-11 18:00:00,23.9,0.0,0.3,302.0
466900,2026-05-11 19:00:00,23.3,0.0,2.0,20.0
466900,2026-05-11 20:00:00,22.8,0.0,1.1,154.0
466900,2026-05-11 21:00:00,22.7,0.0,0.5,72.0
466900,2026-05-11 22:00:00,22.2,0.0,0.2,0.0
466900,2026-05-11 23:00:00,22.1,0.0,0.8,110.0
466900,2026-05-12 00:00:00,21.8,0.0,0.5,44.0
466900,2026-05-12 01:00:00,21.3,0.0,0.3,105.0
466900,2026-05-12 02:00:00,21.1,0.0,0.2,0.0
466900,2026-05-12 03:00:00,21.1,0.0,0.3,99.0
466900,2026-05-12 04:00:00,21.6,0.0,0.3,108.0
466900,2026-05-12 05:00:00,21.8,0.0,1.4,10.0
466900,2026-05-12 06:00:00,22.1,0.0,0.9,127.0
466900,2026-05-12 07:00:00,23.1,0.0,0.0,0.0
466900,2026-05-12 08:00:00,23.7,0.0,1.9,168.0
466900,2026-05-12 09:00:00,24.7,0.0,0.5,171.0
466900,2026-05-12 10:00:00,26.5,0.0,1.8,335.0
466900,2026-05-12 11:00:00,27.1,0.0,2.6,345.0
466900,2026-05-12 12:00:00,26.1,0.0,2.9,346.0
466900,2026-05-12 13:00:00,26.7,0.0,2.2,326.0
466900,2026-05-12 14:00:00,26.6,0.0,1.4,311.0
466900,2026-05-12 15:00:00,26.1,0.0,0.7,291.0
466900,2026-05-12 16:00:00,26.1,0.0,1.7,342.0
466900,2026-05-12 17:00:00,25.7,0.0,0.8,347.0
466900,2026-05-12 18:00:00,24.8,0.0,0.9,23.0
466900,2026-05-12 19:00:00,24.2,0.0,0.4,35.0
466900,2026-05-12 20:00:00,24.2,0.0,1.2,152.0
466900,2026-05-12 21:00:00,24.2,0.0,2.6,153.0
466900,2026-05-12 22:00:00,24.0,0.05,3.1,148.0
466900,2026-05-12 23:00:00,23.9,0.0,2.9,149.0
466900,2026-05-13 00:00:00,23.6,0.0,0.6,61.0
466900,2026-05-13 01:00:00,22.9,0.0,0.6,77.0
466900,2026-05-13 02:00:00,22.7,0.0,0.8,93.0
466900,2026-05-13 03:00:00,22.6,0.0,0.4,92.0
466900,2026-05-13 04:00:00,22.6,0.0,0.8,103.0
466900,2026-05-13 05:00:00,22.3,0.0,0.4,69.0
466900,2026-05-13 06:00:00,22.4,0.0,0.4,111.0
466900,2026-05-13 07:00:00,23.6,0.0,2.2,151.0
466900,2026-05-13 08:00:00,24.5,0.0,2.0,152.0
466900,2026-05-13 09:00:00,25.8,0.0,1.2,155.0
466900,2026-05-13 10:00:00,26.2,0.0,1.5,10.0
466900,2026-05-13 11:00:00,26.9,0.0,0.7,272.0
466900,2026-05-13 12:00:00,26.5,0.0,0.4,294.0
466900,2026-05-13 13:00:00,26.4,0.0,0.7,348.0
466900,2026-05-13 14:00:00,26.0,0.05,1.9,10.0
466900,2026-05-13 15:00:00,24.9,0.05,2.3,1.0
466900,2026-05-13 16:00:00,22.5,0.5,1.5,8.0
466900,2026-05-13 17:00:00,21.3,4.5,0.1,0.0
466900,2026-05-13 18:00:00,20.7,7.0,0.2,0.0
466900,2026-05-13 19:00:00,21.8,1.5,2.1,153.0
466900,2026-05-13 20:00:00,21.7,3.5,1.4,144.0
466900,2026-05-13 21:00:00,21.6,6.0,0.2,0.0
466900,2026-05-13 22:00:00,21.6,15.0,1.4,148.0
466900,2026-05-13 23:00:00,21.7,10.0,5.1,165.0
466900,2026-05-14 00:00:00,21.7,22.0,3.9,155.0
466900,2026-05-14 01:00:00,22.0,3.5,5.0,161.0
466900,2026-05-14 02:00:00,22.1,3.5,0.9,154.0
466900,2026-05-14 03:00:00,21.8,9.0,1.0,107.0
466900,2026-05-14 04:00:00,21.7,3.0,3.2,159.0
466900,2026-05-14 05:00:00,21.8,2.5,3.2,144.0
466900,2026-05-14 06:00:00,21.9,4.0,5.6,164.0
466900,2026-05-14 07:00:00,22.2,0.5,5.5,161.0
466900,2026-05-14 08:00:00,22.6,0.05,3.9,154.0
466900,2026-05-14 09:00:00,22.8,0.5,3.2,149.0
466900,2026-05-14 10:00:00,23.1,1.0,0.3,88.0
466900,2026-05-14 11:00:00,23.1,2.0,1.1,163.0
466900,2026-05-14 12:00:00,23.3,1.5,3.8,162.0
466900,2026-05-14 13:00:00,24.1,0.5,5.0,147.0
466900,2026-05-14 14:00:00,24.6,0.05,3.1,145.0
466900,2026-05-14 15:00:00,24.2,0.0,2.3,8.0
466900,2026-05-14 16:00:00,24.0,0.0,2.6,20.0
466900,2026-05-14 17:00:00,24.0,0.0,0.3,87.0
466900,2026-05-14 18:00:00,23.6,0.0,0.6,12.0
466900,2026-05-14 19:00:00,23.4,0.0,0.6,10.0
466900,2026-05-14 20:00:00,23.5,0.05,0.7,2.0
466900,2026-05-14 21:00:00,23.2,0.0,1.0,316.0
466900,2026-05-14 22:00:00,23.2,0.0,0.9,323.0
466900,2026-05-14 23:00:00,22.7,0.0,0.2,0.0
466900,2026-05-15 00:00:00,22.4,0.0,0.6,119.0
466900,2026-05-15 01:00:00,22.3,0.0,0.8,91.0
466900,2026-05-15 02:00:00,22.4,0.0,0.6,96.0
466900,2026-05-15 03:00:00,22.3,0.0,0.2,0.0
466900,2026-05-15 04:00:00,22.4,0.0,0.3,132.0
466900,2026-05-15 05:00:00,22.3,0.0,0.5,137.0
466900,2026-05-15 06:00:00,22.4,0.0,1.4,139.0
466900,2026-05-15 07:00:00,22.9,0.0,0.8,112.0
466900,2026-05-15 08:00:00,23.9,0.0,1.4,136.0
466900,2026-05-15 09:00:00,25.8,0.0,1.9,155.0
466900,2026-05-15 10:00:00,27.1,0.0,0.9,358.0
466900,2026-05-15 11:00:00,27.4,0.0,5.7,157.0
466900,2026-05-15 12:00:00,27.7,0.0,5.7,140.0
466900,2026-05-15 13:00:00,27.7,0.0,6.2,149.0
466900,2026-05-15 14:00:00,28.3,0.0,5.4,143.0
466900,2026-05-15 15:00:00,27.9,0.0,5.0,141.0
466900,2026-05-15 16:00:00,27.7,0.0,5.5,140.0
466900,2026-05-15 17:00:00,26.5,0.0,5.4,138.0
466900,2026-05-15 18:00:00,25.5,0.0,5.2,140.0
466900,2026-05-15 19:00:00,24.8,0.0,5.5,147.0
466900,2026-05-15 20:00:00,24.7,0.0,3.9,137.0
466900,2026-05-15 21:00:00,24.8,0.0,5.6,139.0
466900,2026-05-15 22:00:00,24.8,0.0,4.7,142.0
466900,2026-05-15 23:00:00,24.5,0.0,3.7,143.0
466900,2026-05-16 00:00:00,24.6,0.0,3.7,138.0
466900,2026-05-16 01:00:00,24.5,0.0,4.4,146.0
466900,2026-05-16 02:00:00,24.5,0.0,4.4,151.0
466900,2026-05-16 03:00:00,24.6,0.0,4.5,148.0
466900,2026-05-16 04:00:00,24.4,0.0,6.0,153.0
466900,2026-05-16 05:00:00,24.4,0.0,5.8,149.0
466900,2026-05-16 06:00:00,24.5,0.0,5.9,152.0
466900,2026-05-16 07:00:00,25.2,0.0,6.7,153.0
466900,2026-05-16 08:00:00,26.2,0.0,8.6,153.0
466900,2026-05-16 09:00:00,27.4,0.0,7.1,147.0
466900,2026-05-16 10:00:00,28.6,0.0,6.5,144.0
466900,2026-05-16 11:00:00,28.9,0.0,5.8,136.0
466900,2026-05-16 12:00:00,28.9,0.0,7.0,133.0
466900,2026-05-16 13:00:00,28.9,0.0,6.0,138.0
466900,2026-05-16 14:00:00,28.5,0.0,6.9,129.0
466900,2026-05-16 15:00:00,28.6,0.0,6.0,135.0
466900,2026-05-16 16:00:00,28.3,0.0,5.9,144.0
466900,2026-05-16 17:00:00,27.0,0.0,4.9,143.0
466900,2026-05-16 18:00:00,26.2,0.0,4.8,140.0
466900,2026-05-16 19:00:00,25.3,0.0,7.1,151.0
466900,2026-05-16 20:00:00,25.0,0.0,6.0,146.0
466900,2026-05-16 21:00:00,24.9,0.0,5.7,144.0
466900,2026-05-16 22:00:00,24.7,0.0,5.7,148.0
466900,2026-05-16 23:00:00,24.6,0.0,6.4,149.0
466900,2026-05-17 00:00:00,24.5,0.0,6.3,149.0
466900,2026-05-17 01:00:00,24.4,0.0,6.1,149.0
466900,2026-05-17 02:00:00,24.3,0.0,7.2,152.0
466900,2026-05-17 03:00:00,24.0,0.0,4.9,147.0
466900,2026-05-17 04:00:00,24.2,0.0,6.5,152.0
466900,2026-05-17 05:00:00,24.1,0.0,6.3,149.0
466900,2026-05-17 06:00:00,24.5,0.0,6.1,150.0
466900,2026-05-17 07:00:00,25.5,0.0,6.1,151.0
466900,2026-05-17 08:00:00,27.1,0.0,5.9,138.0
466900,2026-05-17 09:00:00,27.8,0.0,5.8,137.0
466900,2026-05-17 10:00:00,28.4,0.0,7.3,150.0
466900,2026-05-17 11:00:00,29.2,0.0,5.3,144.0
466900,2026-05-17 12:00:00,29.8,0.0,6.1,151.0
466900,2026-05-17 13:00:00,30.3,0.0,6.2,150.0
466900,2026-05-17 14:00:00,30.0,0.0,6.7,152.0
466900,2026-05-17 15:00:00,29.8,0.0,5.9,150.0
466900,2026-05-17 16:00:00,28.7,0.0,5.9,137.0
466900,2026-05-17 17:00:00,27.7,0.0,6.3,140.0
466900,2026-05-17 18:00:00,26.4,0.0,5.1,147.0
466900,2026-05-17 19:00:00,25.5,0.0,4.7,140.0
466900,2026-05-17 20:00:00,25.2,0.0,5.1,141.0
466900,2026-05-17 21:00:00,25.1,0.0,5.7,140.0
466900,2026-05-17 22:00:00,25.3,0.0,6.0,140.0
466900,2026-05-17 23:00:00,24.9,0.0,5.1,136.0
466900,2026-05-18 00:00:00,24.8,0.0,5.0,145.0
466900,2026-05-18 01:00:00,24.7,0.0,5.2,149.0
466900,2026-05-18 02:00:00,24.6,0.0,5.1,152.0
466900,2026-05-18 03:00:00,24.4,0.0,4.5,149.0
466900,2026-05-18 04:00:00,24.4,0.0,4.3,155.0
466900,2026-05-18 05:00:00,24.5,0.0,4.8,159.0
466900,2026-05-18 06:00:00,24.8,0.0,4.4,156.0
466900,2026-05-18 07:00:00,25.3,0.0,5.0,159.0
466900,2026-05-18 08:00:00,26.9,0.0,4.7,156.0
466900,2026-05-18 09:00:00,28.0,0.0,5.8,155.0
466900,2026-05-18 10:00:00,29.0,0.0,6.3,164.0
466900,2026-05-18 11:00:00,30.1,0.0,4.0,167.0
466900,2026-05-18 12:00:00,30.8,0.0,1.0,168.0
466900,2026-05-18 13:00:00,31.2,0.0,0.6,267.0
466900,2026-05-18 14:00:00,31.1,0.0,2.6,332.0
466900,2026-05-18 15:00:00,30.9,0.0,2.6,330.0
466900,2026-05-18 16:00:00,30.2,0.0,1.1,298.0
466900,2026-05-18 17:00:00,29.7,0.0,1.0,226.0
466900,2026-05-18 18:00:00,28.0,0.0,1.6,149.0
466900,2026-05-18 19:00:00,26.5,0.0,5.9,168.0
466900,2026-05-18 20:00:00,25.8,0.0,4.3,161.0
466900,2026-05-18 21:00:00,25.7,0.0,5.9,169.0
466900,2026-05-18 22:00:00,25.6,0.0,4.1,162.0
466900,2026-05-18 23:00:00,25.4,0.0,4.4,163.0
466900,2026-05-19 00:00:00,25.2,0.0,3.8,163.0
466900,2026-05-19 01:00:00,25.3,0.0,3.7,163.0
466900,2026-05-19 02:00:00,25.1,0.0,3.5,163.0
466900,2026-05-19 03:00:00,24.4,0.0,2.5,151.0
466900,2026-05-19 04:00:00,23.2,0.0,2.3,146.0
466900,2026-05-19 05:00:00,23.4,0.0,2.0,149.0
466900,2026-05-19 06:00:00,23.8,0.0,2.7,165.0
466900,2026-05-19 07:00:00,24.7,0.0,2.4,168.0
466900,2026-05-19 08:00:00,27.2,0.0,0.3,171.0
466900,2026-05-19 09:00:00,26.2,0.0,1.6,307.0
466900,2026-05-19 10:00:00,27.1,0.0,2.0,312.0
466900,2026-05-19 11:00:00,28.1,0.0,2.4,313.0
466900,2026-05-19 12:00:00,28.5,0.0,1.8,308.0
466900,2026-05-19 13:00:00,28.9,0.0,2.1,312.0
466900,2026-05-19 14:00:00,27.9,0.0,2.0,308.0
466900,2026-05-19 15:00:00,28.0,0.0,1.9,313.0
466900,2026-05-19 16:00:00,26.8,0.0,1.4,308.0
466900,2026-05-19 17:00:00,26.5,0.0,1.4,310.0
466900,2026-05-19 18:00:00,25.8,0.0,1.0,315.0
466900,2026-05-19 19:00:00,25.2,0.0,0.1,0.0
466900,2026-05-19 20:00:00,24.7,0.0,0.0,0.0
466900,2026-05-19 21:00:00,24.2,0.0,0.1,0.0
466900,2026-05-19 22:00:00,24.3,0.0,1.1,138.0
466900,2026-05-19 23:00:00,24.8,0.0,2.3,144.0
466900,2026-05-20 00:00:00,24.7,0.0,1.1,120.0
466900,2026-05-20 01:00:00,25.2,0.0,2.7,158.0
466900,2026-05-20 02:00:00,24.6,0.0,2.3,147.0
466900,2026-05-20 03:00:00,24.2,0.0,2.3,151.0
466900,2026-05-20 04:00:00,24.3,0.0,2.4,145.0
466900,2026-05-20 05:00:00,23.7,0.0,0.7,125.0
466900,2026-05-20 06:00:00,23.9,0.0,1.3,151.0
466900,2026-05-20 07:00:00,25.1,0.0,2.3,164.0
466900,2026-05-20 08:00:00,26.8,0.0,1.1,264.0
466900,2026-05-20 09:00:00,28.2,0.0,1.5,244.0
466900,2026-05-20 10:00:00,29.3,0.0,1.2,252.0
466900,2026-05-20 11:00:00,30.1,0.0,2.0,310.0
466900,2026-05-20 12:00:00,29.6,0.0,2.6,312.0
466900,2026-05-20 13:00:00,29.7,0.0,3.2,314.0
466900,2026-05-20 14:00:00,29.6,0.0,2.6,310.0
466900,2026-05-20 15:00:00,29.2,0.0,2.9,311.0
466900,2026-05-20 16:00:00,28.3,0.0,1.4,307.0
466900,2026-05-20 17:00:00,27.7,0.0,1.7,312.0
466900,2026-05-20 18:00:00,28.0,0.0,0.6,290.0
466900,2026-05-20 19:00:00,27.8,0.0,0.7,244.0
466900,2026-05-20 20:00:00,27.5,0.0,0.3,212.0
466900,2026-05-20 21:00:00,27.0,0.0,0.4,22.0
466900,2026-05-20 22:00:00,26.5,0.0,1.4,160.0
466900,2026-05-20 23:00:00,26.2,0.0,0.0,0.0
466900,2026-05-21 00:00:00,26.4,0.0,0.9,90.0
466900,2026-05-21 01:00:00,25.6,0.0,0.6,103.0
466900,2026-05-21 02:00:00,25.6,0.0,1.0,126.0
466900,2026-05-21 03:00:00,25.6,0.0,0.3,142.0
466900,2026-05-21 04:00:00,25.4,0.0,0.3,222.0
466900,2026-05-21 05:00:00,25.6,0.0,0.2,0.0
466900,2026-05-21 06:00:00,25.6,0.0,0.1,0.0
466900,2026-05-21 07:00:00,26.6,0.0,2.3,162.0
466900,2026-05-21 08:00:00,28.9,0.0,2.8,160.0
466900,2026-05-21 09:00:00,29.7,0.0,2.9,162.0
466900,2026-05-21 10:00:00,30.3,0.0,0.9,297.0
466900,2026-05-21 11:00:00,31.0,0.0,1.7,308.0
466900,2026-05-21 12:00:00,29.6,0.0,2.1,314.0
466900,2026-05-21 13:00:00,29.7,0.0,2.7,312.0
466900,2026-05-21 14:00:00,29.1,0.0,2.0,313.0
466900,2026-05-21 15:00:00,28.7,0.0,1.9,311.0
466900,2026-05-21 16:00:00,29.2,0.0,1.7,305.0
466900,2026-05-21 17:00:00,28.1,0.0,1.5,314.0
466900,2026-05-21 18:00:00,27.9,0.0,0.7,312.0
466900,2026-05-21 19:00:00,27.3,0.05,0.1,0.0
466900,2026-05-21 20:00:00,27.3,0.0,0.1,0.0
466900,2026-05-21 21:00:00,27.1,0.0,0.0,0.0
466900,2026-05-21 22:00:00,26.8,0.0,1.0,153.0
466900,2026-05-21 23:00:00,27.2,0.0,0.8,148.0
466900,2026-05-22 00:00:00,26.8,0.0,0.4,114.0
466900,2026-05-22 01:00:00,26.7,0.0,0.4,124.0
466900,2026-05-22 02:00:00,26.4,0.0,1.1,138.0
466900,2026-05-22 03:00:00,26.1,0.0,0.6,156.0
466900,2026-05-22 04:00:00,26.5,0.05,0.5,117.0
466900,2026-05-22 05:00:00,26.4,0.05,1.1,157.0
466900,2026-05-22 06:00:00,26.4,0.0,0.2,0.0
466900,2026-05-22 07:00:00,27.0,0.0,1.0,135.0
466900,2026-05-22 08:00:00,27.8,0.0,1.3,164.0
466900,2026-05-22 09:00:00,30.5,0.0,1.9,152.0
466900,2026-05-22 10:00:00,30.1,0.0,0.8,296.0
466900,2026-05-22 11:00:00,29.0,0.0,1.7,317.0
466900,2026-05-22 12:00:00,28.7,0.0,1.3,321.0
466900,2026-05-22 13:00:00,29.3,0.0,2.6,322.0
466900,2026-05-22 14:00:00,29.2,0.0,2.6,316.0
466900,2026-05-22 15:00:00,28.7,0.0,2.5,310.0
466900,2026-05-22 16:00:00,28.1,0.0,1.7,310.0
466900,2026-05-22 17:00:00,27.7,0.0,0.6,306.0
466900,2026-05-22 18:00:00,28.4,0.0,1.5,238.0
466900,2026-05-22 19:00:00,28.2,0.0,0.8,169.0
466900,2026-05-22 20:00:00,28.2,0.0,1.4,223.0
466900,2026-05-22 21:00:00,28.2,0.0,2.0,162.0
466900,2026-05-22 22:00:00,28.0,0.0,1.0,157.0
466900,2026-05-22 23:00:00,27.3,0.0,1.9,148.0
466900,2026-05-23 00:00:00,27.1,0.0,2.2,143.0
466900,2026-05-23 01:00:00,27.1,0.0,0.1,0.0
466900,2026-05-23 02:00:00,27.4,0.0,0.3,67.0
466900,2026-05-23 03:00:00,26.8,0.0,0.2,0.0
466900,2026-05-23 04:00:00,26.2,0.0,0.4,82.0
466900,2026-05-23 05:00:00,26.4,0.0,0.2,0.0
466900,2026-05-23 06:00:00,26.7,0.0,1.3,170.0
466900,2026-05-23 07:00:00,28.0,0.0,2.3,149.0
466900,2026-05-23 08:00:00,30.1,0.0,1.7,166.0
466900,2026-05-23 09:00:00,30.4,0.0,1.4,167.0
466900,2026-05-23 10:00:00,31.8,0.0,1.0,315.0
466900,2026-05-23 11:00:00,33.2,0.0,1.0,294.0
466900,2026-05-23 12:00:00,32.9,0.0,1.6,308.0
466900,2026-05-23 13:00:00,31.3,0.0,2.2,314.0
466900,2026-05-23 14:00:00,32.1,0.0,1.4,287.0
466900,2026-05-23 15:00:00,33.2,0.0,1.7,284.0
466900,2026-05-23 16:00:00,33.3,0.0,1.5,249.0
466900,2026-05-23 17:00:00,31.6,0.0,1.3,270.0
466900,2026-05-23 18:00:00,30.5,0.0,0.9,235.0
466900,2026-05-23 19:00:00,29.9,0.0,0.1,0.0
466900,2026-05-23 20:00:00,29.3,0.0,0.9,354.0
466900,2026-05-23 21:00:00,29.2,0.0,1.0,346.0
466900,2026-05-23 22:00:00,28.2,0.0,0.3,0.0
466900,2026-05-23 23:00:00,27.6,0.0,0.6,103.0
466900,2026-05-24 00:00:00,27.7,0.0,2.0,141.0
466900,2026-05-24 01:00:00,27.2,0.0,0.4,85.0
466900,2026-05-24 02:00:00,26.5,0.0,0.2,0.0
466900,2026-05-24 03:00:00,26.7,0.0,0.8,121.0
466900,2026-05-24 04:00:00,26.5,0.0,0.4,85.0
466900,2026-05-24 05:00:00,27.0,0.0,0.3,26.0
466900,2026-05-24 06:00:00,27.5,0.0,0.4,88.0
466900,2026-05-24 07:00:00,28.1,0.0,0.7,251.0
466900,2026-05-24 08:00:00,29.4,0.0,1.2,213.0
466900,2026-05-24 09:00:00,30.0,0.0,1.0,257.0
466900,2026-05-24 10:00:00,31.3,0.0,0.7,267.0
466900,2026-05-24 11:00:00,33.5,0.0,1.1,228.0
466900,2026-05-24 12:00:00,33.1,0.0,1.2,271.0
466900,2026-05-24 13:00:00,31.9,0.0,1.2,264.0
466900,2026-05-24 14:00:00,33.6,0.0,1.4,255.0
466900,2026-05-24 15:00:00,32.4,0.0,1.4,265.0
466900,2026-05-24 16:00:00,32.4,0.0,0.9,302.0
466900,2026-05-24 17:00:00,31.1,0.0,1.5,190.0
466900,2026-05-24 18:00:00,30.1,0.0,1.1,227.0
466900,2026-05-24 19:00:00,29.1,0.0,0.7,266.0
466900,2026-05-24 20:00:00,29.1,0.0,0.7,143.0
466900,2026-05-24 21:00:00,29.3,0.0,2.5,148.0
466900,2026-05-24 22:00:00,27.8,0.0,1.4,165.0
466900,2026-05-24 23:00:00,27.6,0.0,1.6,153.0
466900,2026-05-25 00:00:00,27.7,0.0,2.3,168.0
466900,2026-05-25 01:00:00,27.0,0.0,1.2,153.0
466900,2026-05-25 02:00:00,26.5,0.0,0.7,76.0
466900,2026-05-25 03:00:00,26.1,0.0,0.4,95.0
466900,2026-05-25 04:00:00,26.0,0.0,0.6,70.0
466900,2026-05-25 05:00:00,26.9,0.0,0.5,266.0
466900,2026-05-25 06:00:00,27.5,0.0,0.9,241.0
466900,2026-05-25 07:00:00,27.7,0.0,1.3,247.0
466900,2026-05-25 08:00:00,28.3,0.0,1.5,234.0
466900,2026-05-25 09:00:00,29.7,0.0,1.9,240.0
466900,2026-05-25 10:00:00,31.2,0.0,2.1,279.0
466900,2026-05-25 11:00:00,32.3,0.0,1.6,266.0
466900,2026-05-25 12:00:00,33.2,0.0,1.5,251.0
466900,2026-05-25 13:00:00,33.4,0.0,2.6,258.0
466900,2026-05-25 14:00:00,33.4,0.0,1.6,283.0
466900,2026-05-25 15:00:00,33.1,0.0,1.6,284.0
466900,2026-05-25 16:00:00,33.1,0.0,1.9,260.0
466900,2026-05-25 17:00:00,31.7,0.0,0.7,304.0
466900,2026-05-25 18:00:00,30.8,0.0,1.1,220.0
466900,2026-05-25 19:00:00,29.8,0.0,0.6,278.0
466900,2026-05-25 20:00:00,29.0,0.0,0.2,0.0
466900,2026-05-25 21:00:00,29.8,0.0,3.3,157.0
466900,2026-05-25 22:00:00,29.3,0.0,1.7,155.0
466900,2026-05-25 23:00:00,27.9,0.0,0.3,155.0
466900,2026-05-26 00:00:00,27.0,0.0,0.4,352.0
466900,2026-05-26 01:00:00,27.4,0.0,1.0,172.0
466900,2026-05-26 02:00:00,27.6,0.0,0.2,0.0
466900,2026-05-26 03:00:00,28.0,0.0,1.3,214.0
466900,2026-05-26 04:00:00,27.5,0.0,1.4,250.0
466900,2026-05-26 05:00:00,27.4,0.0,1.7,236.0
466900,2026-05-26 06:00:00,27.4,0.0,0.9,237.0
466900,2026-05-26 07:00:00,28.6,0.0,1.3,251.0
466900,2026-05-26 08:00:00,29.7,0.0,1.4,263.0
466900,2026-05-26 09:00:00,30.4,0.0,2.8,238.0
466900,2026-05-26 10:00:00,31.9,0.0,1.5,244.0
466900,2026-05-26 11:00:00,32.8,0.0,1.5,215.0
466900,2026-05-26 12:00:00,33.4,0.0,1.5,267.0
466900,2026-05-26 13:00:00,34.6,0.0,1.9,227.0
466900,2026-05-26 14:00:00,33.8,0.0,1.0,302.0
466900,2026-05-26 15:00:00,34.5,0.0,1.3,312.0
466900,2026-05-26 16:00:00,34.5,0.0,1.8,281.0
466900,2026-05-26 17:00:00,32.3,0.0,2.6,313.0
466900,2026-05-26 18:00:00,30.3,0.0,1.0,305.0
466900,2026-05-26 19:00:00,29.8,0.0,0.7,243.0
466900,2026-05-26 20:00:00,29.3,0.0,0.5,334.0
466900,2026-05-26 21:00:00,29.8,0.0,0.5,191.0
466900,2026-05-26 22:00:00,29.2,0.0,0.7,101.0
466900,2026-05-26 23:00:00,29.0,0.0,0.3,74.0
466900,2026-05-27 00:00:00,28.5,0.0,1.7,340.0
466900,2026-05-27 01:00:00,28.6,0.0,1.4,354.0
466900,2026-05-27 02:00:00,28.2,0.0,1.2,315.0
466900,2026-05-27 03:00:00,27.5,0.0,0.1,0.0
466900,2026-05-27 04:00:00,28.0,0.0,1.0,65.0
466900,2026-05-27 05:00:00,27.3,0.0,1.1,111.0
466900,2026-05-27 06:00:00,27.7,0.0,0.5,258.0
466900,2026-05-27 07:00:00,28.5,0.0,0.9,275.0
466900,2026-05-27 08:00:00,29.2,0.0,0.7,299.0
466900,2026-05-27 09:00:00,31.8,0.0,0.9,297.0
466900,2026-05-27 10:00:00,32.8,0.0,1.1,290.0
466900,2026-05-27 11:00:00,32.6,0.0,1.9,270.0
466900,2026-05-27 12:00:00,34.3,0.0,1.7,272.0
466900,2026-05-27 13:00:00,34.6,0.0,1.2,307.0
466900,2026-05-27 14:00:00,35.6,0.0,2.6,265.0
466900,2026-05-27 15:00:00,35.4,0.0,1.6,282.0
466900,2026-05-27 16:00:00,35.4,0.0,1.7,266.0
466900,2026-05-27 17:00:00,33.6,0.0,1.2,306.0
466900,2026-05-27 18:00:00,33.0,0.0,2.0,256.0
466900,2026-05-27 19:00:00,31.3,0.0,0.5,326.0
466900,2026-05-27 20:00:00,30.7,0.0,1.2,349.0
466900,2026-05-27 21:00:00,29.7,0.0,2.7,336.0
466900,2026-05-27 22:00:00,28.3,0.0,2.8,326.0
466900,2026-05-27 23:00:00,28.2,0.0,0.9,243.0
466900,2026-05-28 00:00:00,28.9,0.0,5.7,146.0
466900,2026-05-28 01:00:00,28.6,0.0,2.0,324.0
466900,2026-05-28 02:00:00,27.9,0.0,1.8,316.0
466900,2026-05-28 03:00:00,27.6,0.0,0.2,0.0
466900,2026-05-28 04:00:00,27.7,0.0,0.8,203.0
466900,2026-05-28 05:00:00,27.7,0.0,0.8,160.0
466900,2026-05-28 06:00:00,27.5,0.0,0.0,0.0
466900,2026-05-28 07:00:00,29.2,0.0,0.3,293.0
466900,2026-05-28 08:00:00,29.7,0.0,0.6,310.0
466900,2026-05-28 09:00:00,30.3,0.0,0.6,317.0
466900,2026-05-28 10:00:00,30.2,0.0,1.9,310.0
466900,2026-05-28 11:00:00,30.6,0.0,2.3,321.0
466900,2026-05-28 12:00:00,31.2,0.0,2.2,309.0
466900,2026-05-28 13:00:00,31.5,0.0,2.1,318.0
466900,2026-05-28 14:00:00,32.7,0.0,1.9,330.0
466900,2026-05-28 15:00:00,32.4,0.0,0.9,306.0
466900,2026-05-28 16:00:00,31.7,0.0,2.4,322.0
466900,2026-05-28 17:00:00,30.4,0.0,1.6,345.0
466900,2026-05-28 18:00:00,29.5,0.0,2.1,5.0
466900,2026-05-28 19:00:00,28.5,0.0,2.1,333.0
466900,2026-05-28 20:00:00,28.4,0.0,2.2,323.0
466900,2026-05-28 21:00:00,28.4,0.0,1.5,326.0
466900,2026-05-28 22:00:00,28.1,0.0,0.7,306.0
466900,2026-05-28 23:00:00,27.7,0.0,0.2,0.0
466900,2026-05-29 00:00:00,27.6,0.0,0.1,0.0
466900,2026-05-29 01:00:00,28.0,0.0,0.4,65.0
466900,2026-05-29 02:00:00,28.1,0.0,0.1,0.0
466900,2026-05-29 03:00:00,27.7,0.0,0.8,17.0
466900,2026-05-29 04:00:00,27.8,0.0,0.4,310.0
466900,2026-05-29 05:00:00,27.6,0.0,0.5,312.0
466900,2026-05-29 06:00:00,26.2,1.5,3.1,24.0
466900,2026-05-29 07:00:00,26.0,6.0,1.2,343.0
466900,2026-05-29 08:00:00,26.3,3.0,0.6,320.0
466900,2026-05-29 09:00:00,26.1,2.5,0.2,0.0
466900,2026-05-29 10:00:00,26.3,0.05,0.9,347.0
466900,2026-05-29 11:00:00,25.3,0.0,2.8,18.0
466900,2026-05-29 12:00:00,25.9,0.0,2.4,25.0
466900,2026-05-29 13:00:00,26.6,0.0,1.8,20.0
466900,2026-05-29 14:00:00,27.0,0.0,2.2,15.0
466900,2026-05-29 15:00:00,27.9,0.0,2.8,21.0
466900,2026-05-29 16:00:00,27.4,0.0,0.9,67.0
466900,2026-05-29 17:00:00,26.8,0.0,3.0,28.0
466900,2026-05-29 18:00:00,26.2,0.0,0.5,160.0
466900,2026-05-29 19:00:00,25.9,0.0,2.4,155.0
466900,2026-05-29 20:00:00,24.3,0.0,0.3,351.0
466900,2026-05-29 21:00:00,24.6,0.0,1.3,46.0
466900,2026-05-29 22:00:00,24.0,0.0,0.9,77.0
466900,2026-05-29 23:00:00,23.8,0.0,0.5,72.0
466900,2026-05-30 00:00:00,23.9,0.0,0.2,0.0
466900,2026-05-30 01:00:00,23.6,0.0,0.6,84.0
466900,2026-05-30 02:00:00,23.0,0.0,0.7,116.0
466900,2026-05-30 03:00:00,23.7,0.0,0.2,0.0
466900,2026-05-30 04:00:00,23.6,0.0,0.3,35.0
466900,2026-05-30 05:00:00,23.6,0.0,0.3,0.0
466900,2026-05-30 06:00:00,23.6,0.0,0.8,330.0
466900,2026-05-30 07:00:00,25.6,0.0,0.4,109.0
466900,2026-05-30 08:00:00,27.4,0.0,0.5,197.0
466900,2026-05-30 09:00:00,28.1,0.0,4.4,147.0
466900,2026-05-30 10:00:00,29.8,0.0,3.2,144.0
466900,2026-05-30 11:00:00,29.1,0.0,2.3,168.0
466900,2026-05-30 12:00:00,29.0,0.0,1.7,355.0
466900,2026-05-30 13:00:00,28.3,0.0,2.1,26.0
466900,2026-05-30 14:00:00,29.0,0.0,3.5,16.0
466900,2026-05-30 15:00:00,29.0,0.0,3.6,21.0
466900,2026-05-30 16:00:00,28.8,0.0,3.0,17.0
466900,2026-05-30 17:00:00,27.4,0.0,3.2,17.0
466900,2026-05-30 18:00:00,25.9,0.0,3.3,21.0
466900,2026-05-30 19:00:00,25.2,0.0,1.8,5.0
466900,2026-05-30 20:00:00,24.6,0.0,0.7,193.0
466900,2026-05-30 21:00:00,23.5,0.0,0.9,48.0
466900,2026-05-30 22:00:00,23.1,0.0,0.4,70.0
466900,2026-05-30 23:00:00,23.1,0.0,1.0,125.0
466900,2026-05-31 00:00:00,22.4,0.0,0.7,94.0
466900,2026-05-31 01:00:00,22.3,0.0,0.2,0.0
466900,2026-05-31 02:00:00,22.4,0.0,0.2,0.0
466900,2026-05-31 03:00:00,22.0,0.0,0.2,0.0
466900,2026-05-31 04:00:00,21.7,0.0,0.5,89.0
466900,2026-05-31 05:00:00,21.8,0.0,0.2,0.0
466900,2026-05-31 06:00:00,22.1,0.0,0.6,21.0
466900,2026-05-31 07:00:00,24.5,0.0,1.3,37.0
466900,2026-05-31 08:00:00,25.6,0.0,0.4,209.0
466900,2026-05-31 09:00:00,27.2,0.0,1.7,166.0
466900,2026-05-31 10:00:00,28.3,0.0,3.3,19.0
466900,2026-05-31 11:00:00,28.6,0.0,3.7,18.0
466900,2026-05-31 12:00:00,29.1,0.0,3.2,23.0
466900,2026-05-31 13:00:00,29.0,0.0,3.0,28.0
466900,2026-05-31 14:00:00,28.4,0.0,3.9,23.0
466900,2026-05-31 15:00:00,28.0,0.0,3.8,21.0
466900,2026-05-31 16:00:00,27.7,0.0,3.5,24.0
466900,2026-05-31 17:00:00,26.7,0.0,3.8,22.0
466900,2026-05-31 18:00:00,25.8,0.0,3.7,23.0
466900,2026-05-31 19:00:00,25.0,0.0,2.2,15.0
466900,2026-05-31 20:00:00,24.4,0.0,0.8,34.0
466900,2026-05-31 21:00:00,24.1,0.0,1.2,26.0
466900,2026-05-31 22:00:00,24.0,0.0,1.0,36.0
466900,2026-05-31 23:00:00,23.6,0.0,1.6,26.0
466900,2026-06-01 00:00:00,23.1,0.0,1.8,25.0
466900,2026-06-01 01:00:00,22.8,0.0,1.4,26.0
466900,2026-06-01 02:00:00,23.0,0.0,1.0,35.0
466900,2026-06-01 03:00:00,23.1,0.0,1.9,19.0
466900,2026-06-01 04:00:00,22.5,0.0,0.0,0.0
466900,2026-06-01 05:00:00,23.2,0.0,0.1,0.0
466900,2026-06-01 06:00:00,24.3,0.0,0.3,354.0
466900,2026-06-01 07:00:00,24.4,0.0,0.6,15.0
466900,2026-06-01 08:00:00,24.9,0.0,0.6,25.0
466900,2026-06-01 09:00:00,25.3,0.0,2.2,344.0
466900,2026-06-01 10:00:00,25.6,0.0,1.8,350.0
466900,2026-06-01 11:00:00,25.3,0.0,1.5,324.0
466900,2026-06-01 12:00:00,25.4,0.05,1.6,355.0
466900,2026-06-01 13:00:00,26.0,0.0,2.2,8.0
466900,2026-06-01 14:00:00,26.3,0.0,2.5,358.0
466900,2026-06-01 15:00:00,26.9,0.0,2.4,16.0
466900,2026-06-01 16:00:00,27.3,0.0,2.3,9.0
466900,2026-06-01 17:00:00,26.8,0.0,2.1,360.0
466900,2026-06-01 18:00:00,26.5,0.0,1.7,16.0
466900,2026-06-01 19:00:00,25.5,0.0,1.6,6.0
466900,2026-06-01 20:00:00,25.2,0.0,0.0,0.0
466900,2026-06-01 21:00:00,24.6,0.0,0.1,0.0
466900,2026-06-01 22:00:00,24.2,0.0,0.2,0.0
466900,2026-06-01 23:00:00,24.3,0.0,0.2,0.0
466900,2026-06-02 00:00:00,23.8,0.0,0.1,0.0
466900,2026-06-02 01:00:00,23.7,0.0,0.3,26.0
466900,2026-06-02 02:00:00,23.8,0.0,0.0,0.0
466900,2026-06-02 03:00:00,23.8,0.0,0.7,95.0
466900,2026-06-02 04:00:00,23.6,0.0,0.5,97.0
466900,2026-06-02 05:00:00,23.7,0.0,0.8,126.0
466900,2026-06-02 06:00:00,24.5,0.0,0.0,0.0
466900,2026-06-02 07:00:00,26.0,0.0,1.3,153.0
466900,2026-06-02 08:00:00,26.7,0.0,1.3,166.0
466900,2026-06-02 09:00:00,28.3,0.0,0.8,236.0
466900,2026-06-02 10:00:00,29.7,0.0,1.7,166.0
466900,2026-06-02 11:00:00,30.1,0.0,0.5,306.0
466900,2026-06-02 12:00:00,30.8,0.0,0.7,314.0
466900,2026-06-02 13:00:00,30.5,0.0,1.1,317.0
466900,2026-06-02 14:00:00,29.8,0.0,1.1,307.0
466900,2026-06-02 15:00:00,30.2,0.0,1.8,314.0
466900,2026-06-02 16:00:00,29.8,0.0,1.2,312.0
466900,2026-06-02 17:00:00,29.1,0.0,0.7,303.0
466900,2026-06-02 18:00:00,28.1,0.0,0.3,308.0
466900,2026-06-02 19:00:00,27.7,0.0,0.6,338.0
466900,2026-06-02 20:00:00,26.7,0.0,0.3,112.0
466900,2026-06-02 21:00:00,26.1,0.0,0.2,0.0
466900,2026-06-02 22:00:00,26.1,0.0,0.6,104.0
466900,2026-06-02 23:00:00,26.0,0.0,0.7,72.0
466900,2026-06-03 00:00:00,25.7,0.0,0.2,0.0
466900,2026-06-03 01:00:00,25.7,0.0,0.2,0.0
466900,2026-06-03 02:00:00,25.9,0.0,1.3,86.0
466900,2026-06-03 03:00:00,25.3,0.0,0.5,92.0
466900,2026-06-03 04:00:00,25.1,0.0,0.9,152.0
466900,2026-06-03 05:00:00,25.9,0.0,0.7,238.0
466900,2026-06-03 06:00:00,26.5,0.0,0.6,246.0
466900,2026-06-03 07:00:00,27.3,0.0,0.5,258.0
466900,2026-06-03 08:00:00,29.3,0.0,2.5,163.0
466900,2026-06-03 09:00:00,30.5,0.0,1.3,188.0
466900,2026-06-03 10:00:00,31.4,0.0,1.6,315.0
466900,2026-06-03 11:00:00,31.6,0.0,2.1,310.0
466900,2026-06-03 12:00:00,31.4,0.0,2.7,318.0
466900,2026-06-03 13:00:00,31.2,0.0,3.0,316.0
466900,2026-06-03 14:00:00,31.1,0.0,2.9,316.0
466900,2026-06-03 15:00:00,30.8,0.0,3.5,318.0
466900,2026-06-03 16:00:00,30.1,0.0,2.6,329.0
466900,2026-06-03 17:00:00,30.1,0.0,2.0,347.0
466900,2026-06-03 18:00:00,29.5,0.0,2.2,11.0
466900,2026-06-03 19:00:00,29.1,0.0,0.6,40.0
466900,2026-06-03 20:00:00,28.6,0.0,0.5,83.0
466900,2026-06-03 21:00:00,28.0,0.0,0.3,105.0
466900,2026-06-03 22:00:00,28.3,0.0,1.0,122.0
466900,2026-06-03 23:00:00,28.2,0.0,2.2,146.0
466900,2026-06-04 00:00:00,27.6,0.0,0.6,127.0
466900,2026-06-04 01:00:00,27.7,0.0,2.1,152.0
466900,2026-06-04 02:00:00,26.8,0.0,1.0,150.0
466900,2026-06-04 03:00:00,26.5,0.0,0.6,111.0
466900,2026-06-04 04:00:00,27.0,0.0,1.8,144.0
466900,2026-06-04 05:00:00,26.9,0.0,3.1,146.0
466900,2026-06-04 06:00:00,27.3,0.0,0.2,0.0
466900,2026-06-04 07:00:00,28.4,0.0,1.3,324.0
466900,2026-06-04 08:00:00,29.5,0.0,0.9,331.0
466900,2026-06-04 09:00:00,30.4,0.0,0.6,303.0
466900,2026-06-04 10:00:00,30.8,0.0,2.6,317.0
466900,2026-06-04 11:00:00,30.5,0.0,2.2,313.0
466900,2026-06-04 12:00:00,32.6,0.0,0.7,293.0
466900,2026-06-04 13:00:00,29.8,0.0,2.5,313.0
466900,2026-06-04 14:00:00,30.9,0.0,2.6,316.0
466900,2026-06-04 15:00:00,30.8,,3.0,321.0
466900,2026-06-04 16:00:00,30.9,0.0,0.5,294.0
466900,2026-06-04 17:00:00,29.1,0.05,2.6,161.0
466900,2026-06-04 18:00:00,27.4,2.5,1.7,155.0
466900,2026-06-04 19:00:00,25.0,1.5,4.8,151.0
466900,2026-06-04 20:00:00,25.2,1.5,5.1,144.0
466900,2026-06-04 21:00:00,25.7,1.5,6.1,168.0
466900,2026-06-04 22:00:00,25.6,0.0,1.8,150.0
466900,2026-06-04 23:00:00,25.3,0.0,1.7,20.0
466900,2026-06-05 00:00:00,26.7,0.05,0.9,55.0
466900,2026-06-05 01:00:00,26.0,0.0,1.8,149.0
466900,2026-06-05 02:00:00,26.2,0.05,2.5,152.0
466900,2026-06-05 03:00:00,25.4,0.5,0.1,0.0
466900,2026-06-05 04:00:00,25.5,0.05,1.1,50.0
466900,2026-06-05 05:00:00,25.7,1.5,1.2,22.0
466900,2026-06-05 06:00:00,25.6,0.05,1.1,48.0
466900,2026-06-05 07:00:00,25.5,0.5,0.7,40.0
466900,2026-06-05 08:00:00,25.6,2.0,0.2,0.0
466900,2026-06-05 09:00:00,26.4,0.5,0.8,332.0
466900,2026-06-05 10:00:00,26.3,0.05,1.5,9.0
466900,2026-06-05 11:00:00,26.5,0.05,2.3,356.0
466900,2026-06-05 12:00:00,27.1,0.05,2.4,9.0
466900,2026-06-05 13:00:00,26.6,0.05,2.2,5.0
466900,2026-06-05 14:00:00,28.3,1.5,2.0,1.0
466900,2026-06-05 15:00:00,28.7,0.0,1.4,60.0
466900,2026-06-05 16:00:00,28.8,0.0,3.1,5.0
466900,2026-06-05 17:00:00,26.9,0.5,0.9,34.0
466900,2026-06-05 18:00:00,26.6,0.05,1.5,141.0
466900,2026-06-05 19:00:00,26.0,10.5,2.6,21.0
466900,2026-06-05 20:00:00,25.8,1.5,0.1,0.0
466900,2026-06-05 21:00:00,25.8,0.05,1.1,5.0
466900,2026-06-05 22:00:00,25.8,0.5,1.1,359.0
466900,2026-06-05 23:00:00,25.9,1.5,2.5,360.0
466900,2026-06-06 00:00:00,25.6,0.05,3.2,7.0
466900,2026-06-06 01:00:00,25.6,0.5,2.5,340.0
466900,2026-06-06 02:00:00,25.5,0.0,2.4,359.0
466900,2026-06-06 03:00:00,25.4,0.05,2.1,348.0
466900,2026-06-06 04:00:00,25.4,0.05,3.7,330.0
466900,2026-06-06 05:00:00,25.1,0.5,3.1,327.0
466900,2026-06-06 06:00:00,25.2,0.05,2.4,320.0
466900,2026-06-06 07:00:00,25.1,1.0,3.1,331.0
466900,2026-06-06 08:00:00,25.7,0.0,3.1,338.0
466900,2026-06-06 09:00:00,25.7,0.0,3.1,343.0
466900,2026-06-06 10:00:00,25.9,0.0,2.2,332.0
466900,2026-06-06 11:00:00,25.8,0.0,3.0,331.0
466900,2026-06-06 12:00:00,25.8,0.5,2.7,340.0
466900,2026-06-06 13:00:00,25.6,0.05,1.8,334.0
466900,2026-06-06 14:00:00,26.0,0.0,1.9,316.0
466900,2026-06-06 15:00:00,26.3,0.0,1.5,357.0
466900,2026-06-06 16:00:00,27.1,0.0,1.5,346.0
466900,2026-06-06 17:00:00,26.5,0.0,1.3,354.0
466900,2026-06-06 18:00:00,26.0,0.0,1.7,15.0
466900,2026-06-06 19:00:00,25.8,0.0,0.9,30.0
466900,2026-06-06 20:00:00,25.1,0.0,0.1,0.0
466900,2026-06-06 21:00:00,24.9,0.0,0.4,142.0
466900,2026-06-06 22:00:00,25.1,0.0,1.6,147.0
466900,2026-06-06 23:00:00,25.5,0.0,2.1,142.0
466900,2026-06-07 00:00:00,25.4,0.0,0.5,283.0
466900,2026-06-07 01:00:00,25.6,0.0,0.5,139.0
466900,2026-06-07 02:00:00,25.7,0.0,0.3,88.0
466900,2026-06-07 03:00:00,25.7,0.05,1.3,152.0
466900,2026-06-07 04:00:00,25.5,0.05,1.2,149.0
466900,2026-06-07 05:00:00,25.5,0.05,1.5,167.0
466900,2026-06-07 06:00:00,26.2,0.0,0.0,0.0
466900,2026-06-07 07:00:00,26.3,0.0,1.6,146.0
466900,2026-06-07 08:00:00,27.8,0.0,2.5,166.0
466900,2026-06-07 09:00:00,29.6,0.0,0.6,2.0
466900,2026-06-07 10:00:00,29.6,0.0,0.2,0.0
466900,2026-06-07 11:00:00,28.5,0.0,1.4,313.0
466900,2026-06-07 12:00:00,29.5,0.0,0.9,308.0
466900,2026-06-07 13:00:00,30.4,0.0,0.7,292.0
466900,2026-06-07 14:00:00,31.0,0.0,1.4,312.0
466900,2026-06-07 15:00:00,28.6,0.0,1.7,225.0
466900,2026-06-07 16:00:00,27.0,1.5,3.7,160.0
466900,2026-06-07 17:00:00,27.1,2.5,3.0,162.0
466900,2026-06-07 18:00:00,27.2,0.0,1.7,158.0
466900,2026-06-07 19:00:00,27.2,0.05,2.7,157.0
466900,2026-06-07 20:00:00,27.2,0.0,2.7,155.0
466900,2026-06-07 21:00:00,26.9,0.0,3.0,144.0
466900,2026-06-07 22:00:00,26.5,0.0,1.6,138.0
466900,2026-06-07 23:00:00,26.0,0.0,1.9,136.0
466900,2026-06-08 00:00:00,26.0,0.0,1.1,123.0
466900,2026-06-08 01:00:00,25.4,0.0,0.2,0.0
466900,2026-06-08 02:00:00,25.0,0.0,0.2,0.0
466900,2026-06-08 03:00:00,25.4,0.0,0.5,87.0
466900,2026-06-08 04:00:00,25.7,0.0,0.9,125.0
466900,2026-06-08 05:00:00,25.8,0.0,1.5,154.0
466900,2026-06-08 06:00:00,25.9,0.05,1.4,134.0
466900,2026-06-08 07:00:00,26.1,0.05,1.6,146.0
466900,2026-06-08 08:00:00,26.7,0.05,0.6,165.0
466900,2026-06-08 09:00:00,27.9,0.0,1.9,169.0
466900,2026-06-08 10:00:00,29.4,0.0,0.3,279.0
466900,2026-06-08 11:00:00,29.8,0.0,1.2,313.0
466900,2026-06-08 12:00:00,29.1,0.0,0.7,308.0
466900,2026-06-08 13:00:00,28.1,0.0,2.1,317.0
466900,2026-06-08 14:00:00,26.3,19.5,0.9,309.0
466900,2026-06-08 15:00:00,25.8,8.5,1.7,35.0
466900,2026-06-08 16:00:00,25.6,6.5,2.6,1.0
466900,2026-06-08 17:00:00,25.6,0.5,2.5,12.0
466900,2026-06-08 18:00:00,26.2,0.5,0.6,35.0
466900,2026-06-08 19:00:00,25.5,0.05,3.7,166.0
466900,2026-06-08 20:00:00,25.3,0.05,1.6,151.0
466900,2026-06-08 21:00:00,25.1,0.05,0.0,0.0
466900,2026-06-08 22:00:00,25.3,0.05,0.0,0.0
466900,2026-06-08 23:00:00,25.3,0.5,0.1,0.0
466900,2026-06-09 00:00:00,25.2,0.0,0.1,0.0
466900,2026-06-09 01:00:00,25.3,0.05,0.4,62.0
466900,2026-06-09 02:00:00,25.2,0.05,0.9,20.0
466900,2026-06-09 03:00:00,25.2,1.0,0.6,32.0
466900,2026-06-09 04:00:00,25.0,2.0,2.5,17.0
466900,2026-06-09 05:00:00,24.7,11.0,2.5,7.0
466900,2026-06-09 06:00:00,24.5,26.0,2.2,17.0
466900,2026-06-09 07:00:00,24.3,14.0,4.7,21.0
466900,2026-06-09 08:00:00,24.3,5.0,1.3,46.0
466900,2026-06-09 09:00:00,24.5,4.5,2.0,10.0
466900,2026-06-09 10:00:00,24.4,0.0,4.5,15.0
466900,2026-06-09 11:00:00,24.8,0.0,3.9,15.0
466900,2026-06-09 12:00:00,24.5,0.05,3.6,22.0
466900,2026-06-09 13:00:00,24.3,1.5,3.0,13.0
466900,2026-06-09 14:00:00,24.1,0.5,2.5,20.0
466900,2026-06-09 15:00:00,23.9,2.0,2.1,24.0
466900,2026-06-09 16:00:00,23.7,1.5,2.2,26.0
466900,2026-06-09 17:00:00,23.3,0.5,2.1,25.0
466900,2026-06-09 18:00:00,22.9,0.5,2.5,15.0
466900,2026-06-09 19:00:00,22.7,0.5,2.2,20.0
466900,2026-06-09 20:00:00,22.6,1.5,1.7,13.0
466900,2026-06-09 21:00:00,22.5,1.5,2.6,19.0
466900,2026-06-09 22:00:00,22.5,0.5,2.4,15.0
466900,2026-06-09 23:00:00,22.6,0.05,1.3,29.0
466900,2026-06-10 00:00:00,22.6,0.05,1.8,23.0
466900,2026-06-10 01:00:00,22.6,0.0,0.6,29.0
466900,2026-06-10 02:00:00,22.6,0.05,0.3,38.0
466900,2026-06-10 03:00:00,22.5,1.5,0.7,347.0
466900,2026-06-10 04:00:00,22.6,1.5,1.1,40.0
466900,2026-06-10 05:00:00,22.6,2.5,0.4,83.0
466900,2026-06-10 06:00:00,22.8,1.0,1.8,20.0
466900,2026-06-10 07:00:00,22.6,5.5,2.1,15.0
466900,2026-06-10 08:00:00,22.7,6.5,2.2,18.0
466900,2026-06-10 09:00:00,22.6,8.0,2.3,11.0
466900,2026-06-10 10:00:00,22.8,4.5,3.0,16.0
466900,2026-06-10 11:00:00,23.0,1.5,2.6,359.0
466900,2026-06-10 12:00:00,23.0,0.05,2.3,360.0
466900,2026-06-10 13:00:00,23.0,1.0,2.1,360.0
466900,2026-06-10 14:00:00,22.9,0.5,2.8,359.0
466900,2026-06-10 15:00:00,22.5,0.05,2.1,10.0
466900,2026-06-10 16:00:00,22.5,0.05,2.6,359.0
466900,2026-06-10 17:00:00,22.5,0.0,2.2,6.0
466900,2026-06-10 18:00:00,22.3,0.0,1.9,20.0
466900,2026-06-10 19:00:00,22.5,0.0,1.2,23.0
466900,2026-06-10 20:00:00,22.0,0.0,1.7,15.0
466900,2026-06-10 21:00:00,22.2,0.0,1.7,12.0
466900,2026-06-10 22:00:00,22.4,0.0,0.4,88.0
466900,2026-06-10 23:00:00,22.4,0.0,0.3,79.0
466900,2026-06-11 00:00:00,22.5,0.05,2.0,148.0
466900,2026-06-11 01:00:00,22.4,0.05,1.7,155.0
466900,2026-06-11 02:00:00,22.0,0.05,1.0,132.0
466900,2026-06-11 03:00:00,21.9,0.05,1.4,156.0
466900,2026-06-11 04:00:00,22.0,0.05,0.2,0.0
466900,2026-06-11 05:00:00,21.9,0.0,2.1,143.0
466900,2026-06-11 06:00:00,21.8,0.0,1.7,148.0
466900,2026-06-11 07:00:00,22.0,0.05,1.6,143.0
466900,2026-06-11 08:00:00,22.4,0.5,0.3,165.0
466900,2026-06-11 09:00:00,22.4,0.5,0.3,169.0
466900,2026-06-11 10:00:00,22.4,0.05,1.1,155.0
466900,2026-06-11 11:00:00,21.9,1.0,0.1,0.0
466900,2026-06-11 12:00:00,22.5,1.5,1.5,147.0
466900,2026-06-11 13:00:00,22.7,0.5,0.3,247.0
466900,2026-06-11 14:00:00,22.6,0.05,0.3,142.0
466900,2026-06-11 15:00:00,22.8,0.5,1.1,163.0
466900,2026-06-11 16:00:00,22.7,0.05,3.9,162.0
466900,2026-06-11 17:00:00,22.3,0.05,2.7,161.0
466900,2026-06-11 18:00:00,22.4,0.05,1.7,148.0
466900,2026-06-11 19:00:00,22.3,0.0,2.2,147.0
466900,2026-06-11 20:00:00,22.4,0.0,1.7,132.0
466900,2026-06-11 21:00:00,22.4,0.0,0.6,52.0
466900,2026-06-11 22:00:00,22.4,0.05,0.7,145.0
466900,2026-06-11 23:00:00,22.3,0.05,0.9,128.0
466900,2026-06-12 00:00:00,22.3,0.0,1.1,109.0
466900,2026-06-12 01:00:00,22.8,0.0,1.7,133.0
466900,2026-06-12 02:00:00,23.0,0.05,1.3,115.0
466900,2026-06-12 03:00:00,24.0,0.0,3.8,149.0
466900,2026-06-12 04:00:00,23.5,0.5,0.5,41.0
466900,2026-06-12 05:00:00,23.1,0.0,0.5,70.0
466900,2026-06-12 06:00:00,23.2,0.0,0.2,0.0
466900,2026-06-12 07:00:00,23.5,0.05,0.1,0.0
466900,2026-06-12 08:00:00,24.1,0.05,1.8,140.0
466900,2026-06-12 09:00:00,25.0,0.05,0.3,345.0
466900,2026-06-12 10:00:00,24.6,0.05,0.4,314.0
466900,2026-06-12 11:00:00,24.1,4.5,0.1,0.0
466900,2026-06-12 12:00:00,24.0,5.5,1.9,351.0
466900,2026-06-12 13:00:00,23.8,2.5,0.6,331.0
466900,2026-06-12 14:00:00,23.7,12.0,0.1,0.0
466900,2026-06-12 15:00:00,24.0,8.0,0.5,15.0
466900,2026-06-12 16:00:00,23.5,0.5,2.6,153.0
466900,2026-06-12 17:00:00,23.2,0.05,3.1,160.0
466900,2026-06-12 18:00:00,22.4,0.5,2.7,144.0
466900,2026-06-12 19:00:00,22.2,0.05,5.6,159.0
466900,2026-06-12 20:00:00,22.3,0.05,7.7,164.0
466900,2026-06-12 21:00:00,22.2,0.05,5.4,156.0
466900,2026-06-12 22:00:00,22.0,0.5,5.7,160.0
466900,2026-06-12 23:00:00,22.0,0.5,4.1,145.0
466900,2026-06-13 00:00:00,22.1,0.05,3.7,142.0
466900,2026-06-13 01:00:00,22.3,0.05,4.7,152.0
466900,2026-06-13 02:00:00,23.2,0.0,5.5,156.0
466900,2026-06-13 03:00:00,23.7,0.0,5.5,164.0
466900,2026-06-13 04:00:00,23.6,0.0,5.4,158.0
466900,2026-06-13 05:00:00,23.7,0.0,5.8,164.0
466900,2026-06-13 06:00:00,23.4,0.0,2.1,108.0
466900,2026-06-13 07:00:00,23.7,0.05,2.2,143.0
466900,2026-06-13 08:00:00,23.9,0.0,3.0,146.0
466900,2026-06-13 09:00:00,24.6,0.0,2.9,140.0
466900,2026-06-13 10:00:00,25.1,0.0,2.8,157.0
466900,2026-06-13 11:00:00,25.6,0.0,4.6,166.0
466900,2026-06-13 12:00:00,26.3,0.0,2.9,162.0
466900,2026-06-13 13:00:00,26.4,0.0,1.9,161.0
466900,2026-06-13 14:00:00,26.0,0.0,0.4,309.0
466900,2026-06-13 15:00:00,26.7,0.0,0.6,312.0
466900,2026-06-13 16:00:00,27.5,0.0,1.7,318.0
466900,2026-06-13 17:00:00,26.4,0.0,1.1,315.0
466900,2026-06-13 18:00:00,25.9,0.0,1.3,319.0
466900,2026-06-13 19:00:00,25.7,0.0,0.8,319.0
466900,2026-06-13 20:00:00,24.6,0.0,0.1,0.0
466900,2026-06-13 21:00:00,24.7,0.0,0.1,0.0
466900,2026-06-13 22:00:00,24.4,0.0,0.3,181.0
466900,2026-06-13 23:00:00,24.4,0.0,0.2,0.0
466900,2026-06-14 00:00:00,24.0,0.0,0.1,0.0
466900,2026-06-14 01:00:00,24.2,0.0,0.7,132.0
466900,2026-06-14 02:00:00,24.5,0.0,1.0,170.0
466900,2026-06-14 03:00:00,24.3,0.05,1.3,144.0
466900,2026-06-14 04:00:00,24.3,0.0,0.3,92.0
466900,2026-06-14 05:00:00,24.0,0.0,0.5,27.0
466900,2026-06-14 06:00:00,24.4,0.0,2.3,156.0
466900,2026-06-14 07:00:00,25.1,0.0,1.9,146.0
466900,2026-06-14 08:00:00,25.0,0.05,2.5,150.0
466900,2026-06-14 09:00:00,25.4,0.5,2.2,147.0
466900,2026-06-14 10:00:00,25.5,0.05,3.1,148.0
466900,2026-06-14 11:00:00,25.3,0.5,2.4,151.0
466900,2026-06-14 12:00:00,25.2,2.0,1.7,145.0
466900,2026-06-14 13:00:00,25.5,1.0,1.3,163.0
466900,2026-06-14 14:00:00,26.1,0.05,2.9,160.0
466900,2026-06-14 15:00:00,25.9,0.5,0.3,101.0
466900,2026-06-14 16:00:00,26.0,0.5,3.1,161.0
466900,2026-06-14 17:00:00,25.2,1.0,2.5,165.0
466900,2026-06-14 18:00:00,25.2,0.5,2.6,165.0
466900,2026-06-14 19:00:00,25.8,0.05,4.9,157.0
466900,2026-06-14 20:00:00,25.8,0.0,1.3,227.0
466900,2026-06-14 21:00:00,25.2,0.0,1.3,186.0
466900,2026-06-14 22:00:00,25.1,0.0,0.8,140.0
466900,2026-06-14 23:00:00,25.1,0.0,1.3,151.0
466900,2026-06-15 00:00:00,25.7,0.0,3.6,159.0
466900,2026-06-15 01:00:00,25.6,0.0,4.0,160.0
466900,2026-06-15 02:00:00,25.1,0.05,2.2,141.0
466900,2026-06-15 03:00:00,26.0,0.05,1.8,154.0
466900,2026-06-15 04:00:00,25.1,0.0,2.9,156.0
466900,2026-06-15 05:00:00,24.5,0.0,1.3,148.0
466900,2026-06-15 06:00:00,24.7,0.0,1.8,143.0
466900,2026-06-15 07:00:00,25.1,0.0,1.3,154.0
466900,2026-06-15 08:00:00,25.7,0.0,1.8,133.0
466900,2026-06-15 09:00:00,26.5,0.0,2.5,151.0
466900,2026-06-15 10:00:00,27.7,0.05,3.3,166.0
466900,2026-06-15 11:00:00,27.1,0.05,1.5,244.0
466900,2026-06-15 12:00:00,28.3,0.0,2.3,214.0
466900,2026-06-15 13:00:00,27.8,0.05,2.7,157.0
466900,2026-06-15 14:00:00,27.5,0.05,1.7,145.0
466900,2026-06-15 15:00:00,26.9,0.05,1.4,236.0
466900,2026-06-15 16:00:00,26.7,0.05,3.5,156.0
466900,2026-06-15 17:00:00,27.4,0.05,4.2,161.0
466900,2026-06-15 18:00:00,27.1,0.05,2.2,157.0
466900,2026-06-15 19:00:00,25.8,0.05,3.1,158.0
466900,2026-06-15 20:00:00,25.9,0.0,2.6,149.0
466900,2026-06-15 21:00:00,26.1,0.0,0.7,118.0
466900,2026-06-15 22:00:00,25.9,0.0,0.0,0.0
466900,2026-06-15 23:00:00,24.9,0.5,1.6,36.0
466900,2026-06-16 00:00:00,24.6,0.05,1.8,15.0
466900,2026-06-16 01:00:00,24.6,0.05,0.7,75.0
466900,2026-06-16 02:00:00,24.9,0.0,4.2,163.0
466900,2026-06-16 03:00:00,24.8,0.0,2.9,142.0
466900,2026-06-16 04:00:00,24.7,0.0,2.5,145.0
466900,2026-06-16 05:00:00,24.6,0.0,2.6,150.0
466900,2026-06-16 06:00:00,25.0,0.0,1.5,150.0
466900,2026-06-16 07:00:00,25.5,0.0,3.1,158.0
466900,2026-06-16 08:00:00,26.3,0.0,2.8,159.0
466900,2026-06-16 09:00:00,27.7,0.0,2.6,156.0
466900,2026-06-16 10:00:00,28.2,0.0,2.2,160.0
466900,2026-06-16 11:00:00,29.5,0.0,2.2,163.0
466900,2026-06-16 12:00:00,29.8,0.0,0.1,0.0
466900,2026-06-16 13:00:00,29.2,0.0,1.6,317.0
466900,2026-06-16 14:00:00,28.1,0.0,1.5,311.0
466900,2026-06-16 15:00:00,28.4,0.0,1.9,321.0
466900,2026-06-16 16:00:00,27.7,0.0,1.2,283.0
466900,2026-06-16 17:00:00,27.3,0.0,0.5,311.0
466900,2026-06-16 18:00:00,26.3,0.05,2.0,160.0
466900,2026-06-16 19:00:00,25.9,0.0,1.9,152.0
466900,2026-06-16 20:00:00,25.8,0.0,0.5,77.0
466900,2026-06-16 21:00:00,25.5,0.0,0.9,149.0
466900,2026-06-16 22:00:00,25.4,0.0,1.3,231.0
466900,2026-06-16 23:00:00,25.8,0.0,1.9,135.0
466900,2026-06-17 00:00:00,25.5,0.0,1.2,114.0
466900,2026-06-17 01:00:00,25.7,0.0,3.1,148.0
466900,2026-06-17 02:00:00,25.2,0.05,1.7,144.0
466900,2026-06-17 03:00:00,24.8,0.05,1.2,133.0
466900,2026-06-17 04:00:00,24.6,0.0,0.3,144.0
466900,2026-06-17 05:00:00,24.6,0.0,1.0,141.0
466900,2026-06-17 06:00:00,24.8,0.05,2.0,152.0
466900,2026-06-17 07:00:00,25.3,0.0,3.6,161.0
466900,2026-06-17 08:00:00,26.2,0.0,2.9,154.0
466900,2026-06-17 09:00:00,28.5,0.0,3.2,159.0
466900,2026-06-17 10:00:00,30.7,0.0,1.8,157.0
466900,2026-06-17 11:00:00,30.7,0.0,0.9,317.0
466900,2026-06-17 12:00:00,30.2,0.0,0.3,309.0
466900,2026-06-17 13:00:00,30.1,0.0,1.8,356.0
466900,2026-06-17 14:00:00,29.1,0.0,2.3,20.0
466900,2026-06-17 15:00:00,26.6,9.0,1.1,53.0
466900,2026-06-17 16:00:00,25.8,0.5,4.4,163.0
466900,2026-06-17 17:00:00,26.0,0.0,3.7,152.0
466900,2026-06-17 18:00:00,26.0,0.0,3.3,156.0
466900,2026-06-17 19:00:00,25.6,0.0,2.1,139.0
466900,2026-06-17 20:00:00,25.8,0.0,3.0,159.0
466900,2026-06-17 21:00:00,25.9,0.0,3.1,156.0
466900,2026-06-17 22:00:00,25.6,0.0,2.4,145.0
466900,2026-06-17 23:00:00,25.5,0.0,1.6,150.0
466900,2026-06-18 00:00:00,25.3,0.0,0.9,141.0
466900,2026-06-18 01:00:00,25.3,0.0,2.1,138.0
466900,2026-06-18 02:00:00,25.2,0.0,2.4,143.0
466900,2026-06-18 03:00:00,25.0,0.0,2.8,144.0
466900,2026-06-18 04:00:00,24.9,0.0,2.7,149.0
466900,2026-06-18 05:00:00,24.9,0.0,2.7,144.0
466900,2026-06-18 06:00:00,25.2,0.0,2.9,147.0
466900,2026-06-18 07:00:00,25.6,0.0,3.4,158.0
466900,2026-06-18 08:00:00,27.3,0.0,3.5,165.0
466900,2026-06-18 09:00:00,29.8,0.0,0.8,233.0
466900,2026-06-18 10:00:00,30.5,0.0,0.9,300.0
466900,2026-06-18 11:00:00,31.8,0.0,1.8,328.0
466900,2026-06-18 12:00:00,31.2,0.0,1.9,316.0
466900,2026-06-18 13:00:00,30.7,0.0,2.4,318.0
466900,2026-06-18 14:00:00,30.7,0.0,2.4,323.0
466900,2026-06-18 15:00:00,29.0,0.0,2.8,323.0
466900,2026-06-18 16:00:00,27.1,0.0,4.5,165.0
466900,2026-06-18 17:00:00,27.3,0.05,4.0,161.0
466900,2026-06-18 18:00:00,26.9,0.0,3.8,153.0
466900,2026-06-18 19:00:00,26.7,0.0,2.5,149.0
466900,2026-06-18 20:00:00,26.6,0.0,2.0,143.0
466900,2026-06-18 21:00:00,26.7,0.0,2.5,162.0
466900,2026-06-18 22:00:00,26.4,0.0,2.8,159.0
466900,2026-06-18 23:00:00,25.9,0.0,1.0,150.0
466900,2026-06-19 00:00:00,26.3,0.0,2.5,147.0
466900,2026-06-19 01:00:00,26.0,0.0,3.2,162.0
466900,2026-06-19 02:00:00,25.7,0.0,2.8,147.0
466900,2026-06-19 03:00:00,25.5,0.0,2.9,157.0
466900,2026-06-19 04:00:00,25.2,0.0,3.0,146.0
466900,2026-06-19 05:00:00,25.2,0.0,2.8,147.0
466900,2026-06-19 06:00:00,25.2,0.0,2.9,156.0
466900,2026-06-19 07:00:00,26.1,0.0,4.1,166.0
466900,2026-06-19 08:00:00,27.6,0.0,3.1,166.0
466900,2026-06-19 09:00:00,30.0,0.0,0.3,207.0
466900,2026-06-19 10:00:00,30.5,0.0,0.9,306.0
466900,2026-06-19 11:00:00,29.9,0.0,1.8,317.0
466900,2026-06-19 12:00:00,31.2,0.0,2.1,315.0
466900,2026-06-19 13:00:00,31.3,0.0,2.9,318.0
466900,2026-06-19 14:00:00,30.0,0.0,1.9,317.0
466900,2026-06-19 15:00:00,29.6,0.0,1.9,316.0
466900,2026-06-19 16:00:00,30.2,0.0,1.1,298.0
466900,2026-06-19 17:00:00,30.2,0.0,0.4,267.0
466900,2026-06-19 18:00:00,29.9,0.0,0.7,329.0
466900,2026-06-19 19:00:00,29.2,0.0,0.9,207.0
466900,2026-06-19 20:00:00,28.4,0.0,0.5,328.0
466900,2026-06-19 21:00:00,27.5,0.0,0.4,81.0
466900,2026-06-19 22:00:00,26.5,0.0,1.1,146.0
466900,2026-06-19 23:00:00,26.5,0.0,1.6,140.0
466900,2026-06-20 00:00:00,26.0,0.0,0.3,59.0
466900,2026-06-20 01:00:00,25.5,0.0,0.4,152.0
466900,2026-06-20 02:00:00,25.8,0.0,2.0,142.0
466900,2026-06-20 03:00:00,25.8,0.0,2.2,156.0
466900,2026-06-20 04:00:00,25.6,0.0,0.2,0.0
466900,2026-06-20 05:00:00,25.2,0.0,1.9,148.0
466900,2026-06-20 06:00:00,25.8,0.0,1.3,132.0
466900,2026-06-20 07:00:00,26.6,0.0,2.0,152.0
466900,2026-06-20 08:00:00,28.5,0.0,2.6,162.0
466900,2026-06-20 09:00:00,30.3,0.0,0.9,270.0
466900,2026-06-20 10:00:00,31.6,0.0,0.7,295.0
466900,2026-06-20 11:00:00,31.7,0.0,1.1,307.0
466900,2026-06-20 12:00:00,31.2,0.0,2.8,318.0
466900,2026-06-20 13:00:00,31.0,0.0,1.9,310.0
466900,2026-06-20 14:00:00,31.8,0.0,1.3,307.0
466900,2026-06-20 15:00:00,32.4,0.0,0.6,289.0
466900,2026-06-20 16:00:00,32.0,0.0,0.7,280.0
466900,2026-06-20 17:00:00,31.0,0.0,0.7,272.0
466900,2026-06-20 18:00:00,30.4,0.0,1.0,316.0
466900,2026-06-20 19:00:00,29.2,0.0,0.3,49.0
466900,2026-06-20 20:00:00,28.2,0.0,0.3,71.0
466900,2026-06-20 21:00:00,27.4,0.0,0.1,0.0
466900,2026-06-20 22:00:00,27.2,0.0,0.6,89.0
466900,2026-06-20 23:00:00,27.1,0.0,0.6,70.0
466900,2026-06-21 00:00:00,26.6,0.0,0.6,49.0
466900,2026-06-21 01:00:00,26.5,0.0,0.6,350.0
466900,2026-06-21 02:00:00,25.9,0.0,0.6,116.0
466900,2026-06-21 03:00:00,25.8,0.0,0.3,108.0
466900,2026-06-21 04:00:00,25.1,0.0,0.3,72.0
466900,2026-06-21 05:00:00,25.4,0.0,1.1,138.0
466900,2026-06-21 06:00:00,25.9,0.0,2.1,145.0
466900,2026-06-21 07:00:00,27.3,0.0,2.7,165.0
466900,2026-06-21 08:00:00,29.5,0.0,3.2,152.0
466900,2026-06-21 09:00:00,31.0,0.0,2.2,159.0
466900,2026-06-21 10:00:00,31.8,0.0,0.5,299.0
466900,2026-06-21 11:00:00,31.5,0.0,1.5,309.0
466900,2026-06-21 12:00:00,31.8,0.0,1.6,315.0
466900,2026-06-21 13:00:00,32.3,0.0,1.2,317.0
466900,2026-06-21 14:00:00,31.5,0.0,1.9,315.0
466900,2026-06-21 15:00:00,30.8,0.0,1.5,312.0
466900,2026-06-21 16:00:00,30.5,0.0,2.0,327.0
466900,2026-06-21 17:00:00,29.9,0.0,0.7,311.0
466900,2026-06-21 18:00:00,29.7,0.0,1.5,329.0
466900,2026-06-21 19:00:00,29.4,0.0,1.0,35.0
466900,2026-06-21 20:00:00,28.6,0.0,1.3,29.0
466900,2026-06-21 21:00:00,27.8,0.0,0.7,89.0
466900,2026-06-21 22:00:00,27.7,0.0,0.9,92.0
466900,2026-06-21 23:00:00,26.9,0.0,1.0,85.0
466900,2026-06-22 00:00:00,25.9,0.0,0.3,126.0
466900,2026-06-22 01:00:00,26.8,0.0,0.9,332.0
466900,2026-06-22 02:00:00,26.5,0.0,0.5,59.0
466900,2026-06-22 03:00:00,26.7,0.0,1.0,34.0
466900,2026-06-22 04:00:00,26.8,0.0,0.1,0.0
466900,2026-06-22 05:00:00,27.0,0.0,0.7,352.0
466900,2026-06-22 06:00:00,26.9,0.0,0.1,0.0
466900,2026-06-22 07:00:00,27.4,0.0,1.1,155.0
466900,2026-06-22 08:00:00,29.0,0.0,0.2,0.0
466900,2026-06-22 09:00:00,30.1,0.0,0.8,142.0
466900,2026-06-22 10:00:00,31.2,0.0,0.3,275.0
466900,2026-06-22 11:00:00,30.9,0.0,1.2,315.0
466900,2026-06-22 12:00:00,31.1,0.0,1.5,325.0
466900,2026-06-22 13:00:00,31.3,0.0,1.1,313.0
466900,2026-06-22 14:00:00,31.0,0.0,2.0,318.0
466900,2026-06-22 15:00:00,30.9,0.0,1.6,324.0
466900,2026-06-22 16:00:00,30.7,0.0,1.6,317.0
466900,2026-06-22 17:00:00,30.1,0.0,0.2,0.0
466900,2026-06-22 18:00:00,29.2,0.0,0.1,0.0
466900,2026-06-22 19:00:00,28.3,0.0,0.0,0.0
466900,2026-06-22 20:00:00,28.3,0.0,0.6,98.0
466900,2026-06-22 21:00:00,28.0,0.0,0.7,16.0
466900,2026-06-22 22:00:00,28.0,0.0,0.1,0.0
466900,2026-06-22 23:00:00,27.4,0.0,0.7,83.0
466900,2026-06-23 00:00:00,26.7,0.0,0.5,126.0
466900,2026-06-23 01:00:00,26.3,0.0,0.5,137.0
466900,2026-06-23 02:00:00,26.4,0.0,0.6,55.0
466900,2026-06-23 03:00:00,26.6,0.0,1.8,27.0
466900,2026-06-23 04:00:00,27.2,0.0,0.9,26.0
466900,2026-06-23 05:00:00,27.2,0.0,0.1,0.0
466900,2026-06-23 06:00:00,27.0,0.0,0.2,0.0
466900,2026-06-23 07:00:00,27.7,0.0,0.3,137.0
466900,2026-06-23 08:00:00,29.3,0.0,1.9,173.0
466900,2026-06-23 09:00:00,30.1,0.0,1.6,150.0
466900,2026-06-23 10:00:00,30.1,0.0,0.7,292.0
466900,2026-06-23 11:00:00,31.7,0.0,0.8,332.0
466900,2026-06-23 12:00:00,31.4,0.0,1.0,320.0
466900,2026-06-23 13:00:00,31.8,0.0,2.0,327.0
466900,2026-06-23 14:00:00,31.0,0.0,1.9,351.0
466900,2026-06-23 15:00:00,30.7,0.0,2.5,334.0
466900,2026-06-23 16:00:00,30.0,0.0,1.7,338.0
466900,2026-06-23 17:00:00,29.7,0.0,1.3,18.0
466900,2026-06-23 18:00:00,29.3,0.0,0.7,359.0
466900,2026-06-23 19:00:00,28.8,0.0,1.4,24.0
466900,2026-06-23 20:00:00,27.8,0.0,0.3,24.0
466900,2026-06-23 21:00:00,27.8,0.0,0.6,73.0
466900,2026-06-23 22:00:00,26.8,0.0,0.1,0.0
466900,2026-06-23 23:00:00,26.8,0.0,0.4,90.0
466900,2026-06-24 00:00:00,26.2,0.0,0.2,0.0
466900,2026-06-24 01:00:00,26.6,0.0,1.2,9.0
466900,2026-06-24 02:00:00,26.2,0.0,1.0,88.0
466900,2026-06-24 03:00:00,25.8,0.0,0.5,84.0
466900,2026-06-24 04:00:00,25.4,0.0,0.9,87.0
466900,2026-06-24 05:00:00,25.4,0.0,0.5,116.0
466900,2026-06-24 06:00:00,25.7,0.0,0.7,85.0
466900,2026-06-24 07:00:00,27.3,0.0,0.1,0.0
466900,2026-06-24 08:00:00,29.0,0.0,1.2,318.0
466900,2026-06-24 09:00:00,29.9,0.0,1.5,314.0
466900,2026-06-24 10:00:00,30.4,0.0,1.9,311.0
466900,2026-06-24 11:00:00,31.0,0.0,1.8,315.0
466900,2026-06-24 12:00:00,31.3,0.0,2.1,318.0
466900,2026-06-24 13:00:00,30.8,0.0,2.1,315.0
466900,2026-06-24 14:00:00,31.8,0.0,0.6,305.0
466900,2026-06-24 15:00:00,32.1,0.0,1.4,316.0
466900,2026-06-24 16:00:00,31.5,0.0,1.9,329.0
466900,2026-06-24 17:00:00,30.9,0.0,0.4,306.0
466900,2026-06-24 18:00:00,30.0,0.0,0.8,321.0
466900,2026-06-24 19:00:00,29.5,0.0,0.2,0.0
466900,2026-06-24 20:00:00,28.2,0.0,0.1,0.0
466900,2026-06-24 21:00:00,28.1,0.0,0.2,0.0
466900,2026-06-24 22:00:00,28.1,0.0,0.0,0.0
466900,2026-06-24 23:00:00,28.5,0.0,0.5,339.0
466900,2026-06-25 00:00:00,28.4,0.0,0.4,46.0
466900,2026-06-25 01:00:00,28.7,0.0,0.6,24.0
466900,2026-06-25 02:00:00,28.7,0.0,0.4,309.0
466900,2026-06-25 03:00:00,28.2,0.0,0.0,0.0
466900,2026-06-25 04:00:00,27.9,0.0,0.0,0.0
466900,2026-06-25 05:00:00,28.2,0.0,0.3,306.0
466900,2026-06-25 06:00:00,28.5,0.0,2.0,346.0
466900,2026-06-25 07:00:00,27.9,0.5,2.7,336.0
466900,2026-06-25 08:00:00,27.6,11.0,2.6,340.0
466900,2026-06-25 09:00:00,26.7,61.5,1.6,6.0
466900,2026-06-25 10:00:00,26.3,44.0,3.1,16.0
466900,2026-06-25 11:00:00,26.8,16.5,2.8,17.0
466900,2026-06-25 12:00:00,27.0,3.0,1.5,30.0
466900,2026-06-25 13:00:00,27.6,0.5,2.8,348.0
466900,2026-06-25 14:00:00,27.3,0.5,2.1,18.0
466900,2026-06-25 15:00:00,27.4,0.0,2.8,15.0
466900,2026-06-25 16:00:00,27.5,0.0,1.9,5.0
466900,2026-06-25 17:00:00,27.6,0.0,1.3,7.0
466900,2026-06-25 18:00:00,27.1,0.0,0.4,305.0
466900,2026-06-25 19:00:00,27.0,0.5,1.0,321.0
466900,2026-06-25 20:00:00,25.9,0.5,2.6,23.0
466900,2026-06-25 21:00:00,25.9,3.0,0.3,299.0
466900,2026-06-25 22:00:00,25.7,4.0,0.3,322.0
466900,2026-06-25 23:00:00,25.6,20.5,1.8,335.0
466900,2026-06-26 00:00:00,25.4,5.0,0.3,347.0
466900,2026-06-26 01:00:00,25.4,0.5,1.0,20.0
466900,2026-06-26 02:00:00,25.5,2.5,0.6,340.0
466900,2026-06-26 03:00:00,25.7,3.5,1.6,32.0
466900,2026-06-26 04:00:00,25.4,6.0,2.0,1.0
466900,2026-06-26 05:00:00,25.2,9.5,2.0,13.0
466900,2026-06-26 06:00:00,25.2,1.0,1.4,19.0
466900,2026-06-26 07:00:00,25.2,0.05,1.8,2.0
466900,2026-06-26 08:00:00,25.3,0.5,1.2,352.0
466900,2026-06-26 09:00:00,25.2,1.0,2.0,17.0
466900,2026-06-26 10:00:00,25.4,2.0,2.8,10.0
466900,2026-06-26 11:00:00,25.6,0.0,2.0,10.0
466900,2026-06-26 12:00:00,26.0,0.05,2.1,6.0
466900,2026-06-26 13:00:00,27.1,0.05,2.1,5.0
466900,2026-06-26 14:00:00,26.4,0.05,2.9,2.0
466900,2026-06-26 15:00:00,25.9,0.5,2.0,360.0
466900,2026-06-26 16:00:00,25.9,0.05,2.9,16.0
466900,2026-06-26 17:00:00,25.7,0.0,2.2,16.0
466900,2026-06-26 18:00:00,25.6,0.05,2.2,14.0
466900,2026-06-26 19:00:00,24.5,3.5,1.3,15.0
466900,2026-06-26 20:00:00,24.7,1.5,0.9,12.0
466900,2026-06-26 21:00:00,24.7,0.0,0.8,149.0
466900,2026-06-26 22:00:00,24.9,0.0,2.6,145.0
466900,2026-06-26 23:00:00,24.7,0.05,1.9,156.0
466900,2026-06-27 00:00:00,24.5,7.0,1.4,148.0
466900,2026-06-27 01:00:00,24.5,5.5,0.4,156.0
466900,2026-06-27 02:00:00,24.5,0.05,0.8,151.0
466900,2026-06-27 03:00:00,24.6,0.0,1.4,154.0
466900,2026-06-27 04:00:00,24.5,0.5,0.0,0.0
466900,2026-06-27 05:00:00,24.6,3.5,0.1,0.0
466900,2026-06-27 06:00:00,24.5,1.5,0.5,152.0
466900,2026-06-27 07:00:00,24.7,4.5,1.4,138.0
466900,2026-06-27 08:00:00,25.4,1.0,0.7,159.0
466900,2026-06-27 09:00:00,25.4,3.5,0.4,160.0
466900,2026-06-27 10:00:00,25.4,1.5,0.7,344.0
466900,2026-06-27 11:00:00,25.4,2.0,0.0,0.0
466900,2026-06-27 12:00:00,26.1,2.0,0.0,0.0
466900,2026-06-27 13:00:00,25.4,1.5,0.7,327.0
466900,2026-06-27 14:00:00,26.4,0.05,0.1,0.0
466900,2026-06-27 15:00:00,27.2,0.0,0.5,246.0
466900,2026-06-27 16:00:00,26.7,0.0,0.3,294.0
466900,2026-06-27 17:00:00,26.5,1.0,1.1,16.0
466900,2026-06-27 18:00:00,26.1,0.0,0.2,0.0
466900,2026-06-27 19:00:00,25.7,0.0,2.2,152.0
466900,2026-06-27 20:00:00,25.5,0.0,2.5,145.0
466900,2026-06-27 21:00:00,25.5,0.0,2.8,149.0
466900,2026-06-27 22:00:00,25.2,0.5,2.5,154.0
466900,2026-06-27 23:00:00,25.0,0.5,2.1,151.0
466900,2026-06-28 00:00:00,25.1,0.5,2.2,148.0
466900,2026-06-28 01:00:00,25.0,0.05,1.6,141.0
466900,2026-06-28 02:00:00,24.7,0.0,0.6,95.0
466900,2026-06-28 03:00:00,24.6,0.0,0.6,127.0
466900,2026-06-28 04:00:00,24.7,0.0,1.5,136.0
466900,2026-06-28 05:00:00,24.9,0.0,2.0,157.0
466900,2026-06-28 06:00:00,25.0,0.0,2.6,149.0
466900,2026-06-28 07:00:00,25.5,0.0,3.2,164.0
466900,2026-06-28 08:00:00,27.0,0.0,2.7,160.0
466900,2026-06-28 09:00:00,27.9,0.0,2.1,160.0
466900,2026-06-28 10:00:00,28.4,0.0,0.6,267.0
466900,2026-06-28 11:00:00,28.9,0.0,1.7,322.0
466900,2026-06-28 12:00:00,29.5,0.0,1.5,313.0
466900,2026-06-28 13:00:00,28.8,0.0,1.1,314.0
466900,2026-06-28 14:00:00,28.8,0.0,0.9,311.0
466900,2026-06-28 15:00:00,28.7,0.0,0.6,301.0
466900,2026-06-28 16:00:00,30.1,0.0,0.8,3.0
466900,2026-06-28 17:00:00,29.5,0.0,1.4,3.0
466900,2026-06-28 18:00:00,26.3,0.05,2.8,152.0
466900,2026-06-28 19:00:00,26.2,0.05,2.7,148.0
466900,2026-06-28 20:00:00,26.0,0.05,2.0,145.0
466900,2026-06-28 21:00:00,26.0,0.0,1.9,141.0
466900,2026-06-28 22:00:00,26.0,0.0,1.1,142.0
466900,2026-06-28 23:00:00,25.9,0.0,1.6,145.0
466900,2026-06-29 00:00:00,25.7,0.0,0.4,80.0
466900,2026-06-29 01:00:00,25.8,0.0,1.5,138.0
466900,2026-06-29 02:00:00,25.9,0.0,2.4,164.0
466900,2026-06-29 03:00:00,25.6,0.0,1.9,142.0
466900,2026-06-29 04:00:00,25.3,0.0,0.7,122.0
466900,2026-06-29 05:00:00,25.3,0.0,2.1,146.0
466900,2026-06-29 06:00:00,25.4,0.0,1.3,138.0
466900,2026-06-29 07:00:00,26.2,0.0,1.6,157.0
466900,2026-06-29 08:00:00,27.5,0.0,1.3,167.0
466900,2026-06-29 09:00:00,29.2,0.0,1.5,168.0
466900,2026-06-29 10:00:00,30.6,0.0,1.0,259.0
466900,2026-06-29 11:00:00,31.5,0.0,2.1,327.0
466900,2026-06-29 12:00:00,31.7,0.0,2.3,342.0
466900,2026-06-29 13:00:00,32.1,0.0,3.2,9.0
466900,2026-06-29 14:00:00,32.8,0.0,2.5,351.0
466900,2026-06-29 15:00:00,31.9,0.0,3.0,351.0
466900,2026-06-29 16:00:00,31.1,0.0,2.3,8.0
466900,2026-06-29 17:00:00,31.3,0.0,2.4,356.0
466900,2026-06-29 18:00:00,30.6,0.0,1.4,2.0
466900,2026-06-29 19:00:00,29.1,0.0,1.1,328.0
466900,2026-06-29 20:00:00,28.6,0.0,0.5,320.0
466900,2026-06-29 21:00:00,28.6,0.0,0.1,0.0
466900,2026-06-29 22:00:00,28.1,0.0,1.0,160.0
466900,2026-06-29 23:00:00,27.6,0.0,0.2,0.0
466900,2026-06-30 00:00:00,27.6,0.0,1.6,154.0
466900,2026-06-30 01:00:00,27.1,0.0,1.1,154.0
466900,2026-06-30 02:00:00,26.9,0.0,1.0,132.0
466900,2026-06-30 03:00:00,26.2,0.0,1.1,134.0
466900,2026-06-30 04:00:00,26.9,0.0,4.0,166.0
466900,2026-06-30 05:00:00,26.4,0.0,2.7,147.0
466900,2026-06-30 06:00:00,26.9,0.0,2.5,155.0
466900,2026-06-30 07:00:00,27.7,0.0,1.5,143.0
466900,2026-06-30 08:00:00,29.1,0.0,0.2,0.0
466900,2026-06-30 09:00:00,29.9,0.0,0.8,313.0
466900,2026-06-30 10:00:00,30.9,0.0,2.0,316.0
466900,2026-06-30 11:00:00,31.0,0.0,0.5,302.0
466900,2026-06-30 12:00:00,31.8,0.0,1.9,342.0
466900,2026-06-30 13:00:00,32.0,0.0,2.4,345.0
466900,2026-06-30 14:00:00,31.7,0.0,2.4,323.0
466900,2026-06-30 15:00:00,31.5,0.0,2.9,7.0
466900,2026-06-30 16:00:00,29.9,0.0,0.9,313.0
466900,2026-06-30 17:00:00,29.1,0.0,0.3,318.0
466900,2026-06-30 18:00:00,28.6,0.0,0.4,308.0
466900,2026-06-30 19:00:00,28.7,0.0,0.7,10.0
466900,2026-06-30 20:00:00,28.5,0.0,0.9,120.0
466900,2026-06-30 21:00:00,27.9,0.0,0.7,137.0
466900,2026-06-30 22:00:00,27.8,0.0,0.5,133.0
466900,2026-06-30 23:00:00,28.3,0.0,1.4,138.0
466900,2026-07-01 00:00:00,27.9,0.0,2.0,143.0
